Match_ID,Match_Date,League,Home_Team,Away_Team,Venue_Type,Weather,Home_Goals,Away_Goals,Possession_Home_Percent,Shots_On_Target_Home,Shots_On_Target_Away,Fouls_Committed,Yellow_Cards,Red_Cards,Attendance,Possession_Away_Percent,Match_Result,Total_Goals,Goal_Difference,Absolute_Goal_Difference,Total_Shots_On_Target,Possession_Difference,Absolute_Possession_Difference,Year,Month,Day_Name
MTC-20869,2022-08-02,Championship League,Jaipur Lions,Goa Sharks,Home,Rainy,2,3,54,13,10,7,3,0,27877,46,Away Win,5,-1,1,23,8,8,2022,8,Tuesday
MTC-23099,2022-08-02,Cup Series,Delhi Dynamos,Chennai Titans,Neutral,Clear,2,1,67,5,12,16,2,0,20229,33,Home Win,3,1,1,17,34,34,2022,8,Tuesday
MTC-22149,2022-08-03,Cup Series,Bengaluru FC,Delhi Dynamos,Home,Rainy,5,2,35,3,14,13,5,1,59436,65,Home Win,7,3,3,17,-30,30,2022,8,Wednesday
MTC-21109,2022-08-03,Premier Division,Delhi Dynamos,Kerala Blasters,Neutral,Windy,0,2,31,1,0,13,1,1,20339,69,Away Win,2,-2,2,1,-38,38,2022,8,Wednesday
MTC-22321,2022-08-03,Premier Division,Kerala Blasters,Bengaluru FC,Neutral,Rainy,2,5,57,6,5,5,3,0,20143,43,Away Win,7,-3,3,11,14,14,2022,8,Wednesday
MTC-23607,2022-08-03,Cup Series,Chennai Titans,Kerala Blasters,Home,Cloudy,1,5,44,6,3,14,5,0,63821,56,Away Win,6,-4,4,9,-12,12,2022,8,Wednesday
MTC-20509,2022-08-03,Cup Series,Chennai Titans,Kolkata Strikers,Away,Clear,1,4,49,6,6,7,3,0,47123,51,Away Win,5,-3,3,12,-2,2,2022,8,Wednesday
MTC-21119,2022-08-03,Premier Division,Delhi Dynamos,Kolkata Strikers,Neutral,Cloudy,2,5,49,14,3,19,1,1,5062,51,Away Win,7,-3,3,17,-2,2,2022,8,Wednesday
MTC-20776,2022-08-03,Cup Series,Goa Sharks,Mumbai United,Neutral,Clear,1,2,49,9,7,24,1,0,47536,51,Away Win,3,-1,1,16,-2,2,2022,8,Wednesday
MTC-21658,2022-08-04,Cup Series,Kolkata Strikers,Jaipur Lions,Neutral,Clear,5,1,36,10,2,8,6,0,55467,64,Home Win,6,4,4,12,-28,28,2022,8,Thursday
MTC-23333,2022-08-04,Championship League,Bengaluru FC,Chennai Titans,Neutral,Rainy,2,0,47,6,7,18,4,1,47669,53,Home Win,2,2,2,13,-6,6,2022,8,Thursday
MTC-20257,2022-08-04,Premier Division,Delhi Dynamos,Pune Warriors,Home,Cloudy,3,0,64,8,10,11,5,1,56824,36,Home Win,3,3,3,18,28,28,2022,8,Thursday
MTC-21929,2022-08-04,Championship League,Mumbai United,Kerala Blasters,Neutral,Rainy,0,0,55,0,12,17,1,0,62585,45,Draw,0,0,0,12,10,10,2022,8,Thursday
MTC-20893,2022-08-04,Championship League,Goa Sharks,Kerala Blasters,Away,Clear,3,5,40,8,3,20,1,0,59846,60,Away Win,8,-2,2,11,-20,20,2022,8,Thursday
MTC-20938,2022-08-05,Premier Division,Goa Sharks,Kolkata Strikers,Neutral,Clear,5,1,64,12,6,20,3,0,40514,36,Home Win,6,4,4,18,28,28,2022,8,Friday
MTC-23123,2022-08-05,Championship League,Bengaluru FC,Kolkata Strikers,Neutral,Cloudy,1,4,37,0,8,14,5,1,61843,63,Away Win,5,-3,3,8,-26,26,2022,8,Friday
MTC-22751,2022-08-05,Cup Series,Jaipur Lions,Mumbai United,Home,Rainy,2,3,47,9,14,24,0,0,18436,53,Away Win,5,-1,1,23,-6,6,2022,8,Friday
MTC-22238,2022-08-06,Championship League,Mumbai United,Kolkata Strikers,Away,Cloudy,3,3,49,1,0,19,3,1,16024,51,Draw,6,0,0,1,-2,2,2022,8,Saturday
MTC-21408,2022-08-06,Cup Series,Jaipur Lions,Goa Sharks,Neutral,Clear,4,0,30,14,1,22,3,1,52605,70,Home Win,4,4,4,15,-40,40,2022,8,Saturday
MTC-20746,2022-08-06,Premier Division,Jaipur Lions,Chennai Titans,Neutral,Clear,2,3,45,6,9,14,2,1,20784,55,Away Win,5,-1,1,15,-10,10,2022,8,Saturday
MTC-23710,2022-08-06,Premier Division,Mumbai United,Jaipur Lions,Neutral,Rainy,4,0,66,9,11,16,3,1,61049,34,Home Win,4,4,4,20,32,32,2022,8,Saturday
MTC-21391,2022-08-06,Championship League,Pune Warriors,Chennai Titans,Neutral,Rainy,5,3,62,11,6,5,6,1,36200,38,Home Win,8,2,2,17,24,24,2022,8,Saturday
MTC-23167,2022-08-06,Cup Series,Bengaluru FC,Hyderabad Falcons,Neutral,Windy,0,0,62,2,10,17,5,1,62339,38,Draw,0,0,0,12,24,24,2022,8,Saturday
MTC-20544,2022-08-06,Premier Division,Mumbai United,Jaipur Lions,Away,Windy,4,4,47,9,1,7,6,0,43276,53,Draw,8,0,0,10,-6,6,2022,8,Saturday
MTC-22861,2022-08-07,Championship League,Jaipur Lions,Hyderabad Falcons,Away,Clear,4,1,59,6,1,15,2,0,54182,41,Home Win,5,3,3,7,18,18,2022,8,Sunday
MTC-21734,2022-08-07,Championship League,Goa Sharks,Kerala Blasters,Neutral,Cloudy,2,0,57,9,2,9,5,0,17874,43,Home Win,2,2,2,11,14,14,2022,8,Sunday
MTC-22111,2022-08-08,Cup Series,Chennai Titans,Goa Sharks,Away,Windy,0,1,59,7,2,5,3,1,61907,41,Away Win,1,-1,1,9,18,18,2022,8,Monday
MTC-21192,2022-08-08,Premier Division,Bengaluru FC,Pune Warriors,Neutral,Windy,3,2,33,12,7,8,3,0,12433,67,Home Win,5,1,1,19,-34,34,2022,8,Monday
MTC-23653,2022-08-08,Championship League,Goa Sharks,Mumbai United,Away,Windy,4,3,59,6,0,6,5,0,51667,41,Home Win,7,1,1,6,18,18,2022,8,Monday
MTC-23749,2022-08-08,Premier Division,Goa Sharks,Kolkata Strikers,Home,Cloudy,2,3,61,2,13,17,5,1,30172,39,Away Win,5,-1,1,15,22,22,2022,8,Monday
MTC-22292,2022-08-08,Premier Division,Kolkata Strikers,Chennai Titans,Neutral,Windy,3,0,57,3,12,21,1,0,26448,43,Home Win,3,3,3,15,14,14,2022,8,Monday
MTC-20233,2022-08-09,Championship League,Kerala Blasters,Chennai Titans,Home,Rainy,3,4,58,9,14,16,3,1,49432,42,Away Win,7,-1,1,23,16,16,2022,8,Tuesday
MTC-23569,2022-08-09,Championship League,Jaipur Lions,Goa Sharks,Neutral,Windy,3,0,43,8,13,10,6,0,23247,57,Home Win,3,3,3,21,-14,14,2022,8,Tuesday
MTC-20846,2022-08-09,Cup Series,Goa Sharks,Jaipur Lions,Home,Clear,4,3,38,14,10,5,0,0,12933,62,Home Win,7,1,1,24,-24,24,2022,8,Tuesday
MTC-20920,2022-08-09,Championship League,Kolkata Strikers,Kerala Blasters,Away,Windy,5,2,52,4,6,18,3,0,63477,48,Home Win,7,3,3,10,4,4,2022,8,Tuesday
MTC-22102,2022-08-09,Cup Series,Delhi Dynamos,Goa Sharks,Home,Rainy,0,1,52,11,3,21,2,1,41263,48,Away Win,1,-1,1,14,4,4,2022,8,Tuesday
MTC-23209,2022-08-10,Cup Series,Chennai Titans,Kolkata Strikers,Home,Windy,3,3,33,6,10,14,0,1,33712,67,Draw,6,0,0,16,-34,34,2022,8,Wednesday
MTC-21264,2022-08-10,Cup Series,Pune Warriors,Kolkata Strikers,Home,Cloudy,0,1,35,0,9,12,1,0,58538,65,Away Win,1,-1,1,9,-30,30,2022,8,Wednesday
MTC-21932,2022-08-10,Championship League,Goa Sharks,Jaipur Lions,Away,Clear,5,0,64,10,1,21,6,0,2356,36,Home Win,5,5,5,11,28,28,2022,8,Wednesday
MTC-22583,2022-08-10,Championship League,Kolkata Strikers,Jaipur Lions,Home,Windy,5,0,51,4,14,20,6,0,57763,49,Home Win,5,5,5,18,2,2,2022,8,Wednesday
MTC-20182,2022-08-10,Cup Series,Jaipur Lions,Pune Warriors,Neutral,Cloudy,2,4,44,7,0,24,3,0,47591,56,Away Win,6,-2,2,7,-12,12,2022,8,Wednesday
MTC-21890,2022-08-10,Cup Series,Hyderabad Falcons,Kolkata Strikers,Neutral,Windy,1,2,67,10,4,17,0,1,21642,33,Away Win,3,-1,1,14,34,34,2022,8,Wednesday
MTC-20310,2022-08-11,Premier Division,Jaipur Lions,Delhi Dynamos,Neutral,Cloudy,4,4,44,11,1,24,3,1,57471,56,Draw,8,0,0,12,-12,12,2022,8,Thursday
MTC-22708,2022-08-11,Premier Division,Hyderabad Falcons,Chennai Titans,Away,Clear,0,4,39,6,11,19,3,0,15215,61,Away Win,4,-4,4,17,-22,22,2022,8,Thursday
MTC-20601,2022-08-12,Championship League,Hyderabad Falcons,Pune Warriors,Home,Rainy,1,2,68,12,10,20,5,1,38965,32,Away Win,3,-1,1,22,36,36,2022,8,Friday
MTC-21495,2022-08-12,Championship League,Mumbai United,Pune Warriors,Home,Rainy,2,0,41,9,12,14,4,0,23570,59,Home Win,2,2,2,21,-18,18,2022,8,Friday
MTC-23383,2022-08-12,Premier Division,Bengaluru FC,Hyderabad Falcons,Neutral,Clear,1,5,60,4,12,16,1,1,9777,40,Away Win,6,-4,4,16,20,20,2022,8,Friday
MTC-23474,2022-08-12,Premier Division,Hyderabad Falcons,Chennai Titans,Neutral,Rainy,3,0,37,13,1,17,3,1,41483,63,Home Win,3,3,3,14,-26,26,2022,8,Friday
MTC-20505,2022-08-12,Premier Division,Bengaluru FC,Kolkata Strikers,Away,Windy,5,3,43,3,2,21,5,0,5031,57,Home Win,8,2,2,5,-14,14,2022,8,Friday
MTC-20839,2022-08-12,Championship League,Bengaluru FC,Chennai Titans,Neutral,Windy,4,3,62,13,13,18,2,0,4334,38,Home Win,7,1,1,26,24,24,2022,8,Friday
MTC-23443,2022-08-13,Premier Division,Bengaluru FC,Pune Warriors,Neutral,Clear,5,0,69,11,11,20,3,0,4156,31,Home Win,5,5,5,22,38,38,2022,8,Saturday
MTC-22610,2022-08-13,Championship League,Pune Warriors,Goa Sharks,Away,Cloudy,3,0,48,6,14,18,6,1,53696,52,Home Win,3,3,3,20,-4,4,2022,8,Saturday
MTC-20281,2022-08-13,Premier Division,Goa Sharks,Mumbai United,Away,Rainy,3,3,45,13,12,8,3,1,16727,55,Draw,6,0,0,25,-10,10,2022,8,Saturday
MTC-21216,2022-08-13,Championship League,Pune Warriors,Bengaluru FC,Neutral,Rainy,4,3,53,4,13,22,3,1,5920,47,Home Win,7,1,1,17,6,6,2022,8,Saturday
MTC-20243,2022-08-14,Championship League,Hyderabad Falcons,Pune Warriors,Home,Cloudy,2,5,53,8,9,6,0,1,10024,47,Away Win,7,-3,3,17,6,6,2022,8,Sunday
MTC-21438,2022-08-14,Premier Division,Delhi Dynamos,Goa Sharks,Away,Clear,0,0,53,1,5,5,0,1,5365,47,Draw,0,0,0,6,6,6,2022,8,Sunday
MTC-21575,2022-08-14,Cup Series,Delhi Dynamos,Hyderabad Falcons,Neutral,Windy,5,4,41,3,5,5,4,1,57408,59,Home Win,9,1,1,8,-18,18,2022,8,Sunday
MTC-23687,2022-08-14,Cup Series,Kolkata Strikers,Jaipur Lions,Away,Windy,0,5,58,2,7,12,5,0,55035,42,Away Win,5,-5,5,9,16,16,2022,8,Sunday
MTC-22483,2022-08-14,Championship League,Mumbai United,Delhi Dynamos,Neutral,Rainy,5,1,46,2,4,17,1,0,37865,54,Home Win,6,4,4,6,-8,8,2022,8,Sunday
MTC-20859,2022-08-14,Premier Division,Pune Warriors,Kolkata Strikers,Neutral,Clear,1,3,65,14,10,5,6,1,30670,35,Away Win,4,-2,2,24,30,30,2022,8,Sunday
MTC-21172,2022-08-15,Premier Division,Hyderabad Falcons,Mumbai United,Home,Clear,4,0,61,4,9,9,5,0,12920,39,Home Win,4,4,4,13,22,22,2022,8,Monday
MTC-20593,2022-08-15,Championship League,Jaipur Lions,Hyderabad Falcons,Home,Clear,3,2,65,7,10,7,1,0,53406,35,Home Win,5,1,1,17,30,30,2022,8,Monday
MTC-20478,2022-08-15,Premier Division,Hyderabad Falcons,Bengaluru FC,Away,Windy,0,4,61,5,5,19,5,0,41566,39,Away Win,4,-4,4,10,22,22,2022,8,Monday
MTC-20707,2022-08-15,Cup Series,Pune Warriors,Jaipur Lions,Away,Windy,4,3,43,12,1,6,4,1,19324,57,Home Win,7,1,1,13,-14,14,2022,8,Monday
MTC-20185,2022-08-15,Championship League,Kolkata Strikers,Hyderabad Falcons,Neutral,Windy,1,4,55,1,5,6,5,0,64894,45,Away Win,5,-3,3,6,10,10,2022,8,Monday
MTC-22003,2022-08-15,Championship League,Kerala Blasters,Jaipur Lions,Neutral,Cloudy,4,2,67,4,13,18,1,0,11857,33,Home Win,6,2,2,17,34,34,2022,8,Monday
MTC-22225,2022-08-15,Championship League,Bengaluru FC,Mumbai United,Home,Windy,5,2,37,8,13,5,6,0,61562,63,Home Win,7,3,3,21,-26,26,2022,8,Monday
MTC-22853,2022-08-15,Championship League,Bengaluru FC,Kerala Blasters,Away,Cloudy,4,1,61,14,2,15,5,0,23049,39,Home Win,5,3,3,16,22,22,2022,8,Monday
MTC-21054,2022-08-16,Premier Division,Mumbai United,Delhi Dynamos,Neutral,Clear,3,2,61,4,11,23,4,1,60506,39,Home Win,5,1,1,15,22,22,2022,8,Tuesday
MTC-21988,2022-08-16,Premier Division,Kolkata Strikers,Goa Sharks,Home,Clear,5,3,66,5,8,16,5,1,25384,34,Home Win,8,2,2,13,32,32,2022,8,Tuesday
MTC-22774,2022-08-16,Premier Division,Kerala Blasters,Bengaluru FC,Away,Clear,5,1,36,11,1,21,6,1,53085,64,Home Win,6,4,4,12,-28,28,2022,8,Tuesday
MTC-23703,2022-08-16,Cup Series,Goa Sharks,Delhi Dynamos,Neutral,Clear,4,4,57,5,10,8,4,0,51757,43,Draw,8,0,0,15,14,14,2022,8,Tuesday
MTC-23276,2022-08-16,Premier Division,Pune Warriors,Mumbai United,Neutral,Cloudy,1,3,50,4,7,5,1,1,7125,50,Away Win,4,-2,2,11,0,0,2022,8,Tuesday
MTC-21266,2022-08-16,Premier Division,Delhi Dynamos,Pune Warriors,Neutral,Rainy,1,0,54,1,2,20,3,0,44964,46,Home Win,1,1,1,3,8,8,2022,8,Tuesday
MTC-22769,2022-08-17,Cup Series,Jaipur Lions,Chennai Titans,Neutral,Clear,3,2,60,0,14,15,5,0,19039,40,Home Win,5,1,1,14,20,20,2022,8,Wednesday
MTC-21470,2022-08-17,Championship League,Delhi Dynamos,Hyderabad Falcons,Away,Clear,2,4,69,2,14,7,6,0,8599,31,Away Win,6,-2,2,16,38,38,2022,8,Wednesday
MTC-23072,2022-08-17,Championship League,Pune Warriors,Kolkata Strikers,Neutral,Cloudy,2,5,49,9,4,5,2,1,41428,51,Away Win,7,-3,3,13,-2,2,2022,8,Wednesday
MTC-20537,2022-08-18,Premier Division,Chennai Titans,Delhi Dynamos,Neutral,Windy,4,0,67,9,8,21,4,1,28121,33,Home Win,4,4,4,17,34,34,2022,8,Thursday
MTC-21205,2022-08-18,Championship League,Chennai Titans,Hyderabad Falcons,Neutral,Clear,1,2,59,9,13,20,3,1,53618,41,Away Win,3,-1,1,22,18,18,2022,8,Thursday
MTC-21573,2022-08-18,Championship League,Jaipur Lions,Chennai Titans,Away,Rainy,4,2,34,3,7,24,1,1,7573,66,Home Win,6,2,2,10,-32,32,2022,8,Thursday
MTC-22800,2022-08-19,Premier Division,Delhi Dynamos,Kolkata Strikers,Home,Cloudy,4,1,58,8,6,21,5,1,51877,42,Home Win,5,3,3,14,16,16,2022,8,Friday
MTC-20791,2022-08-19,Championship League,Delhi Dynamos,Kolkata Strikers,Home,Rainy,3,5,48,9,11,19,2,0,21201,52,Away Win,8,-2,2,20,-4,4,2022,8,Friday
MTC-22663,2022-08-19,Championship League,Chennai Titans,Delhi Dynamos,Neutral,Rainy,2,5,42,6,14,6,6,1,9735,58,Away Win,7,-3,3,20,-16,16,2022,8,Friday
MTC-22159,2022-08-19,Cup Series,Jaipur Lions,Hyderabad Falcons,Home,Rainy,0,1,41,14,1,20,1,1,18253,59,Away Win,1,-1,1,15,-18,18,2022,8,Friday
MTC-21184,2022-08-20,Premier Division,Delhi Dynamos,Goa Sharks,Home,Rainy,3,5,52,11,12,12,6,0,15386,48,Away Win,8,-2,2,23,4,4,2022,8,Saturday
MTC-23016,2022-08-20,Cup Series,Mumbai United,Pune Warriors,Home,Windy,3,5,58,3,8,9,0,1,24405,42,Away Win,8,-2,2,11,16,16,2022,8,Saturday
MTC-23398,2022-08-20,Championship League,Hyderabad Falcons,Delhi Dynamos,Home,Windy,0,3,37,10,10,20,3,1,47114,63,Away Win,3,-3,3,20,-26,26,2022,8,Saturday
MTC-22278,2022-08-20,Cup Series,Bengaluru FC,Goa Sharks,Away,Cloudy,5,3,39,13,7,22,6,1,46904,61,Home Win,8,2,2,20,-22,22,2022,8,Saturday
MTC-20284,2022-08-20,Cup Series,Kerala Blasters,Bengaluru FC,Home,Cloudy,2,0,69,9,6,21,5,0,51632,31,Home Win,2,2,2,15,38,38,2022,8,Saturday
MTC-22222,2022-08-21,Cup Series,Goa Sharks,Chennai Titans,Home,Rainy,3,3,70,10,5,19,4,1,43687,30,Draw,6,0,0,15,40,40,2022,8,Sunday
MTC-21693,2022-08-21,Cup Series,Pune Warriors,Jaipur Lions,Neutral,Windy,5,0,36,6,14,22,0,1,45664,64,Home Win,5,5,5,20,-28,28,2022,8,Sunday
MTC-23320,2022-08-21,Premier Division,Delhi Dynamos,Kolkata Strikers,Away,Rainy,4,2,70,10,1,13,3,0,22174,30,Home Win,6,2,2,11,40,40,2022,8,Sunday
MTC-20231,2022-08-22,Cup Series,Goa Sharks,Jaipur Lions,Neutral,Rainy,1,4,64,9,4,6,5,0,41790,36,Away Win,5,-3,3,13,28,28,2022,8,Monday
MTC-22412,2022-08-22,Premier Division,Bengaluru FC,Chennai Titans,Away,Clear,4,2,65,1,4,8,0,0,48262,35,Home Win,6,2,2,5,30,30,2022,8,Monday
MTC-22841,2022-08-22,Cup Series,Chennai Titans,Pune Warriors,Away,Rainy,5,0,64,7,14,15,6,1,14363,36,Home Win,5,5,5,21,28,28,2022,8,Monday
MTC-22418,2022-08-22,Championship League,Kerala Blasters,Goa Sharks,Neutral,Rainy,1,4,56,7,12,21,0,1,31457,44,Away Win,5,-3,3,19,12,12,2022,8,Monday
MTC-21108,2022-08-22,Premier Division,Chennai Titans,Hyderabad Falcons,Home,Cloudy,1,3,64,4,11,10,6,0,56180,36,Away Win,4,-2,2,15,28,28,2022,8,Monday
MTC-23104,2022-08-22,Premier Division,Kolkata Strikers,Chennai Titans,Neutral,Clear,4,3,54,0,8,22,0,1,7254,46,Home Win,7,1,1,8,8,8,2022,8,Monday
MTC-23691,2022-08-23,Cup Series,Chennai Titans,Kolkata Strikers,Away,Clear,4,3,45,6,0,21,4,0,45093,55,Home Win,7,1,1,6,-10,10,2022,8,Tuesday
MTC-22639,2022-08-23,Premier Division,Kolkata Strikers,Goa Sharks,Neutral,Windy,3,3,58,7,14,16,3,0,36600,42,Draw,6,0,0,21,16,16,2022,8,Tuesday
MTC-22402,2022-08-23,Premier Division,Delhi Dynamos,Chennai Titans,Neutral,Rainy,2,2,43,7,9,19,0,1,10844,57,Draw,4,0,0,16,-14,14,2022,8,Tuesday
MTC-21649,2022-08-23,Championship League,Hyderabad Falcons,Kolkata Strikers,Neutral,Rainy,1,5,53,6,6,20,4,0,24783,47,Away Win,6,-4,4,12,6,6,2022,8,Tuesday
MTC-21400,2022-08-23,Premier Division,Hyderabad Falcons,Delhi Dynamos,Home,Cloudy,4,3,45,4,0,23,3,1,28021,55,Home Win,7,1,1,4,-10,10,2022,8,Tuesday
MTC-23447,2022-08-23,Championship League,Delhi Dynamos,Bengaluru FC,Home,Clear,4,3,38,10,6,22,1,1,44098,62,Home Win,7,1,1,16,-24,24,2022,8,Tuesday
MTC-22006,2022-08-23,Premier Division,Chennai Titans,Goa Sharks,Neutral,Clear,5,2,39,13,4,5,0,0,7769,61,Home Win,7,3,3,17,-22,22,2022,8,Tuesday
MTC-21859,2022-08-24,Premier Division,Kerala Blasters,Kolkata Strikers,Away,Cloudy,3,5,32,0,4,6,5,1,61135,68,Away Win,8,-2,2,4,-36,36,2022,8,Wednesday
MTC-20542,2022-08-24,Premier Division,Kerala Blasters,Pune Warriors,Home,Cloudy,1,0,50,14,7,6,0,0,42255,50,Home Win,1,1,1,21,0,0,2022,8,Wednesday
MTC-23341,2022-08-24,Championship League,Pune Warriors,Kerala Blasters,Away,Clear,5,5,46,13,13,5,2,1,8514,54,Draw,10,0,0,26,-8,8,2022,8,Wednesday
MTC-20328,2022-08-24,Premier Division,Goa Sharks,Delhi Dynamos,Home,Windy,4,0,48,9,6,13,2,0,18532,52,Home Win,4,4,4,15,-4,4,2022,8,Wednesday
MTC-20983,2022-08-24,Championship League,Bengaluru FC,Hyderabad Falcons,Neutral,Windy,4,3,43,12,2,7,1,1,40602,57,Home Win,7,1,1,14,-14,14,2022,8,Wednesday
MTC-23668,2022-08-24,Premier Division,Delhi Dynamos,Hyderabad Falcons,Neutral,Clear,1,4,54,0,6,24,4,1,28253,46,Away Win,5,-3,3,6,8,8,2022,8,Wednesday
MTC-20113,2022-08-25,Championship League,Kerala Blasters,Goa Sharks,Neutral,Cloudy,2,3,69,13,11,23,3,0,22266,31,Away Win,5,-1,1,24,38,38,2022,8,Thursday
MTC-21249,2022-08-26,Premier Division,Goa Sharks,Jaipur Lions,Away,Windy,4,3,62,1,11,10,4,1,30237,38,Home Win,7,1,1,12,24,24,2022,8,Friday
MTC-20619,2022-08-26,Premier Division,Kerala Blasters,Mumbai United,Away,Cloudy,4,4,63,6,11,9,4,0,34772,37,Draw,8,0,0,17,26,26,2022,8,Friday
MTC-20811,2022-08-27,Championship League,Jaipur Lions,Pune Warriors,Home,Cloudy,4,5,31,4,4,11,2,0,57345,69,Away Win,9,-1,1,8,-38,38,2022,8,Saturday
MTC-22960,2022-08-27,Cup Series,Kolkata Strikers,Mumbai United,Neutral,Rainy,1,3,42,9,0,17,4,1,59183,58,Away Win,4,-2,2,9,-16,16,2022,8,Saturday
MTC-23431,2022-08-28,Cup Series,Kolkata Strikers,Goa Sharks,Home,Rainy,4,0,36,8,8,22,1,1,9127,64,Home Win,4,4,4,16,-28,28,2022,8,Sunday
MTC-21804,2022-08-28,Premier Division,Goa Sharks,Bengaluru FC,Home,Clear,4,0,62,9,12,18,6,0,16903,38,Home Win,4,4,4,21,24,24,2022,8,Sunday
MTC-20128,2022-08-28,Championship League,Pune Warriors,Bengaluru FC,Away,Windy,1,0,68,1,9,22,0,1,20091,32,Home Win,1,1,1,10,36,36,2022,8,Sunday
MTC-20157,2022-08-29,Cup Series,Pune Warriors,Kolkata Strikers,Neutral,Clear,3,1,54,11,1,10,3,0,38763,46,Home Win,4,2,2,12,8,8,2022,8,Monday
MTC-20900,2022-08-29,Cup Series,Delhi Dynamos,Jaipur Lions,Home,Rainy,0,3,42,3,7,10,6,0,29905,58,Away Win,3,-3,3,10,-16,16,2022,8,Monday
MTC-21236,2022-08-30,Premier Division,Mumbai United,Jaipur Lions,Neutral,Windy,3,3,48,9,3,23,4,1,5086,52,Draw,6,0,0,12,-4,4,2022,8,Tuesday
MTC-20843,2022-08-30,Premier Division,Goa Sharks,Kolkata Strikers,Home,Clear,3,5,69,14,13,10,3,0,48031,31,Away Win,8,-2,2,27,38,38,2022,8,Tuesday
MTC-22092,2022-08-30,Premier Division,Pune Warriors,Delhi Dynamos,Neutral,Windy,0,1,69,13,1,23,3,1,18268,31,Away Win,1,-1,1,14,38,38,2022,8,Tuesday
MTC-22385,2022-08-30,Cup Series,Jaipur Lions,Kolkata Strikers,Home,Cloudy,0,5,58,9,3,17,6,1,59624,42,Away Win,5,-5,5,12,16,16,2022,8,Tuesday
MTC-21442,2022-08-30,Championship League,Kerala Blasters,Chennai Titans,Away,Cloudy,3,1,41,7,1,22,4,0,53020,59,Home Win,4,2,2,8,-18,18,2022,8,Tuesday
MTC-21375,2022-08-30,Premier Division,Kolkata Strikers,Goa Sharks,Away,Windy,2,2,66,14,14,7,6,0,10403,34,Draw,4,0,0,28,32,32,2022,8,Tuesday
MTC-21308,2022-08-30,Premier Division,Kerala Blasters,Goa Sharks,Home,Windy,4,5,53,6,6,16,2,0,11114,47,Away Win,9,-1,1,12,6,6,2022,8,Tuesday
MTC-21958,2022-08-30,Championship League,Goa Sharks,Hyderabad Falcons,Neutral,Cloudy,0,4,58,7,13,21,3,1,55551,42,Away Win,4,-4,4,20,16,16,2022,8,Tuesday
MTC-21253,2022-08-30,Premier Division,Kerala Blasters,Hyderabad Falcons,Away,Windy,5,1,33,8,2,23,1,1,62009,67,Home Win,6,4,4,10,-34,34,2022,8,Tuesday
MTC-20498,2022-08-30,Premier Division,Pune Warriors,Kerala Blasters,Neutral,Rainy,2,0,54,7,1,15,3,1,18381,46,Home Win,2,2,2,8,8,8,2022,8,Tuesday
MTC-22990,2022-08-30,Premier Division,Mumbai United,Jaipur Lions,Neutral,Windy,0,2,53,10,6,12,5,0,37047,47,Away Win,2,-2,2,16,6,6,2022,8,Tuesday
MTC-21084,2022-08-31,Championship League,Pune Warriors,Goa Sharks,Home,Rainy,3,1,62,2,9,6,2,1,44909,38,Home Win,4,2,2,11,24,24,2022,8,Wednesday
MTC-22628,2022-08-31,Premier Division,Goa Sharks,Delhi Dynamos,Away,Rainy,2,3,70,5,1,10,0,0,7609,30,Away Win,5,-1,1,6,40,40,2022,8,Wednesday
MTC-21207,2022-08-31,Cup Series,Mumbai United,Chennai Titans,Neutral,Rainy,5,0,59,1,7,22,5,0,47438,41,Home Win,5,5,5,8,18,18,2022,8,Wednesday
MTC-21739,2022-08-31,Cup Series,Bengaluru FC,Kerala Blasters,Neutral,Windy,4,1,49,11,5,20,1,0,54953,51,Home Win,5,3,3,16,-2,2,2022,8,Wednesday
MTC-22100,2022-08-31,Cup Series,Kolkata Strikers,Mumbai United,Home,Cloudy,2,0,48,9,2,12,3,0,62294,52,Home Win,2,2,2,11,-4,4,2022,8,Wednesday
MTC-22892,2022-09-01,Cup Series,Chennai Titans,Delhi Dynamos,Away,Rainy,4,4,53,11,10,7,1,1,35509,47,Draw,8,0,0,21,6,6,2022,9,Thursday
MTC-21120,2022-09-01,Championship League,Jaipur Lions,Pune Warriors,Away,Cloudy,2,3,48,5,9,9,4,0,59819,52,Away Win,5,-1,1,14,-4,4,2022,9,Thursday
MTC-22701,2022-09-01,Cup Series,Kerala Blasters,Jaipur Lions,Neutral,Rainy,3,4,40,9,13,20,6,1,53460,60,Away Win,7,-1,1,22,-20,20,2022,9,Thursday
MTC-21875,2022-09-02,Cup Series,Pune Warriors,Kolkata Strikers,Home,Windy,4,5,35,4,12,11,3,0,26047,65,Away Win,9,-1,1,16,-30,30,2022,9,Friday
MTC-22863,2022-09-02,Cup Series,Mumbai United,Goa Sharks,Away,Windy,2,0,69,12,4,8,3,0,64399,31,Home Win,2,2,2,16,38,38,2022,9,Friday
MTC-21478,2022-09-02,Premier Division,Hyderabad Falcons,Kerala Blasters,Away,Clear,4,2,42,11,6,6,1,0,43939,58,Home Win,6,2,2,17,-16,16,2022,9,Friday
MTC-20153,2022-09-02,Premier Division,Jaipur Lions,Goa Sharks,Home,Clear,0,0,33,3,5,11,4,0,60015,67,Draw,0,0,0,8,-34,34,2022,9,Friday
MTC-21397,2022-09-03,Premier Division,Hyderabad Falcons,Mumbai United,Home,Cloudy,2,3,62,9,13,6,2,1,44072,38,Away Win,5,-1,1,22,24,24,2022,9,Saturday
MTC-23379,2022-09-04,Cup Series,Kerala Blasters,Delhi Dynamos,Away,Windy,0,3,68,3,1,9,1,0,5758,32,Away Win,3,-3,3,4,36,36,2022,9,Sunday
MTC-21050,2022-09-04,Cup Series,Kerala Blasters,Pune Warriors,Away,Cloudy,4,0,69,7,6,15,5,1,60204,31,Home Win,4,4,4,13,38,38,2022,9,Sunday
MTC-20194,2022-09-05,Championship League,Goa Sharks,Chennai Titans,Away,Rainy,5,1,69,11,1,18,6,0,6511,31,Home Win,6,4,4,12,38,38,2022,9,Monday
MTC-23246,2022-09-05,Championship League,Bengaluru FC,Jaipur Lions,Away,Rainy,5,1,60,12,11,23,2,1,38601,40,Home Win,6,4,4,23,20,20,2022,9,Monday
MTC-23766,2022-09-05,Premier Division,Kolkata Strikers,Goa Sharks,Home,Windy,4,4,55,4,11,7,3,0,22828,45,Draw,8,0,0,15,10,10,2022,9,Monday
MTC-20110,2022-09-06,Cup Series,Bengaluru FC,Chennai Titans,Home,Cloudy,2,0,31,0,2,23,3,0,39548,69,Home Win,2,2,2,2,-38,38,2022,9,Tuesday
MTC-21038,2022-09-06,Championship League,Chennai Titans,Bengaluru FC,Away,Windy,2,4,59,14,6,11,2,1,17627,41,Away Win,6,-2,2,20,18,18,2022,9,Tuesday
MTC-23478,2022-09-06,Premier Division,Goa Sharks,Mumbai United,Away,Cloudy,0,3,64,4,8,23,3,0,13827,36,Away Win,3,-3,3,12,28,28,2022,9,Tuesday
MTC-22715,2022-09-06,Championship League,Chennai Titans,Kolkata Strikers,Home,Rainy,1,1,34,11,1,19,2,0,8099,66,Draw,2,0,0,12,-32,32,2022,9,Tuesday
MTC-22383,2022-09-07,Premier Division,Pune Warriors,Kerala Blasters,Neutral,Clear,0,5,37,7,0,17,4,0,8921,63,Away Win,5,-5,5,7,-26,26,2022,9,Wednesday
MTC-20816,2022-09-07,Premier Division,Delhi Dynamos,Jaipur Lions,Home,Rainy,0,5,51,3,0,9,6,0,62471,49,Away Win,5,-5,5,3,2,2,2022,9,Wednesday
MTC-22725,2022-09-07,Premier Division,Goa Sharks,Bengaluru FC,Away,Rainy,1,3,41,14,13,14,0,0,29662,59,Away Win,4,-2,2,27,-18,18,2022,9,Wednesday
MTC-22906,2022-09-07,Premier Division,Goa Sharks,Pune Warriors,Away,Windy,5,5,42,2,12,5,6,1,15908,58,Draw,10,0,0,14,-16,16,2022,9,Wednesday
MTC-23654,2022-09-07,Championship League,Mumbai United,Pune Warriors,Home,Windy,1,1,51,10,3,22,5,0,2827,49,Draw,2,0,0,13,2,2,2022,9,Wednesday
MTC-22686,2022-09-07,Premier Division,Chennai Titans,Bengaluru FC,Away,Windy,0,5,65,12,8,6,2,1,13500,35,Away Win,5,-5,5,20,30,30,2022,9,Wednesday
MTC-23056,2022-09-08,Cup Series,Pune Warriors,Bengaluru FC,Neutral,Cloudy,1,3,49,8,12,17,3,0,59137,51,Away Win,4,-2,2,20,-2,2,2022,9,Thursday
MTC-20418,2022-09-08,Premier Division,Mumbai United,Delhi Dynamos,Home,Rainy,3,2,49,10,11,23,4,1,10885,51,Home Win,5,1,1,21,-2,2,2022,9,Thursday
MTC-22651,2022-09-08,Championship League,Jaipur Lions,Goa Sharks,Home,Clear,3,4,51,5,12,17,0,0,49664,49,Away Win,7,-1,1,17,2,2,2022,9,Thursday
MTC-21640,2022-09-08,Premier Division,Goa Sharks,Chennai Titans,Neutral,Clear,3,3,64,9,6,19,3,0,61689,36,Draw,6,0,0,15,28,28,2022,9,Thursday
MTC-22498,2022-09-09,Cup Series,Pune Warriors,Goa Sharks,Neutral,Clear,2,5,50,11,10,23,2,0,21340,50,Away Win,7,-3,3,21,0,0,2022,9,Friday
MTC-20729,2022-09-09,Premier Division,Hyderabad Falcons,Kerala Blasters,Away,Windy,4,5,55,5,14,12,4,1,54756,45,Away Win,9,-1,1,19,10,10,2022,9,Friday
MTC-23279,2022-09-09,Premier Division,Delhi Dynamos,Kolkata Strikers,Home,Windy,1,1,67,3,10,9,3,0,46023,33,Draw,2,0,0,13,34,34,2022,9,Friday
MTC-23317,2022-09-09,Championship League,Pune Warriors,Kerala Blasters,Away,Clear,2,0,51,11,10,20,1,0,8282,49,Home Win,2,2,2,21,2,2,2022,9,Friday
MTC-20477,2022-09-09,Premier Division,Pune Warriors,Hyderabad Falcons,Neutral,Clear,1,3,65,4,7,15,4,0,4003,35,Away Win,4,-2,2,11,30,30,2022,9,Friday
MTC-23224,2022-09-09,Championship League,Goa Sharks,Kolkata Strikers,Away,Clear,5,0,43,4,7,20,0,0,42408,57,Home Win,5,5,5,11,-14,14,2022,9,Friday
MTC-21197,2022-09-09,Premier Division,Hyderabad Falcons,Pune Warriors,Neutral,Rainy,0,3,31,3,9,5,1,1,37734,69,Away Win,3,-3,3,12,-38,38,2022,9,Friday
MTC-20655,2022-09-10,Championship League,Jaipur Lions,Kolkata Strikers,Away,Clear,1,4,67,11,0,6,5,1,57701,33,Away Win,5,-3,3,11,34,34,2022,9,Saturday
MTC-22611,2022-09-10,Cup Series,Bengaluru FC,Chennai Titans,Neutral,Cloudy,3,0,38,7,4,12,6,1,40746,62,Home Win,3,3,3,11,-24,24,2022,9,Saturday
MTC-23568,2022-09-10,Premier Division,Delhi Dynamos,Goa Sharks,Neutral,Clear,0,3,59,10,14,21,4,1,9590,41,Away Win,3,-3,3,24,18,18,2022,9,Saturday
MTC-22815,2022-09-10,Championship League,Delhi Dynamos,Pune Warriors,Away,Rainy,5,2,35,9,7,10,3,0,24400,65,Home Win,7,3,3,16,-30,30,2022,9,Saturday
MTC-21530,2022-09-10,Premier Division,Kerala Blasters,Jaipur Lions,Away,Cloudy,0,2,55,6,2,9,2,0,52608,45,Away Win,2,-2,2,8,10,10,2022,9,Saturday
MTC-20109,2022-09-10,Cup Series,Chennai Titans,Delhi Dynamos,Neutral,Rainy,1,0,44,3,4,7,0,0,42156,56,Home Win,1,1,1,7,-12,12,2022,9,Saturday
MTC-23098,2022-09-11,Championship League,Delhi Dynamos,Goa Sharks,Home,Clear,3,3,62,13,9,19,0,0,45932,38,Draw,6,0,0,22,24,24,2022,9,Sunday
MTC-20765,2022-09-11,Premier Division,Pune Warriors,Kolkata Strikers,Home,Windy,0,0,63,9,5,18,0,0,8575,37,Draw,0,0,0,14,26,26,2022,9,Sunday
MTC-21241,2022-09-11,Cup Series,Bengaluru FC,Chennai Titans,Neutral,Rainy,0,1,56,1,5,15,0,1,38885,44,Away Win,1,-1,1,6,12,12,2022,9,Sunday
MTC-20879,2022-09-11,Championship League,Mumbai United,Hyderabad Falcons,Home,Windy,0,1,38,11,1,8,4,0,57607,62,Away Win,1,-1,1,12,-24,24,2022,9,Sunday
MTC-22748,2022-09-11,Cup Series,Mumbai United,Goa Sharks,Neutral,Windy,0,2,53,0,7,9,1,1,62406,47,Away Win,2,-2,2,7,6,6,2022,9,Sunday
MTC-21185,2022-09-11,Cup Series,Jaipur Lions,Bengaluru FC,Away,Rainy,3,1,40,13,12,21,2,1,61511,60,Home Win,4,2,2,25,-20,20,2022,9,Sunday
MTC-20784,2022-09-11,Cup Series,Goa Sharks,Pune Warriors,Away,Cloudy,3,5,47,11,2,16,4,1,25756,53,Away Win,8,-2,2,13,-6,6,2022,9,Sunday
MTC-20602,2022-09-12,Cup Series,Delhi Dynamos,Goa Sharks,Home,Cloudy,2,1,47,12,11,13,2,0,59894,53,Home Win,3,1,1,23,-6,6,2022,9,Monday
MTC-22736,2022-09-12,Premier Division,Chennai Titans,Bengaluru FC,Away,Cloudy,1,3,33,8,14,17,4,1,51153,67,Away Win,4,-2,2,22,-34,34,2022,9,Monday
MTC-20912,2022-09-12,Premier Division,Delhi Dynamos,Kerala Blasters,Away,Clear,1,3,65,14,13,24,1,0,19400,35,Away Win,4,-2,2,27,30,30,2022,9,Monday
MTC-22044,2022-09-12,Championship League,Goa Sharks,Hyderabad Falcons,Home,Windy,5,4,33,2,6,20,2,0,61118,67,Home Win,9,1,1,8,-34,34,2022,9,Monday
MTC-21346,2022-09-12,Cup Series,Kerala Blasters,Hyderabad Falcons,Away,Windy,5,3,55,5,11,23,5,1,39697,45,Home Win,8,2,2,16,10,10,2022,9,Monday
MTC-23461,2022-09-12,Premier Division,Hyderabad Falcons,Pune Warriors,Home,Windy,3,1,50,9,5,21,2,0,53700,50,Home Win,4,2,2,14,0,0,2022,9,Monday
MTC-20561,2022-09-12,Championship League,Hyderabad Falcons,Chennai Titans,Neutral,Windy,4,0,47,12,1,22,1,1,10973,53,Home Win,4,4,4,13,-6,6,2022,9,Monday
MTC-21582,2022-09-12,Premier Division,Jaipur Lions,Chennai Titans,Home,Rainy,4,4,36,7,0,10,5,1,47435,64,Draw,8,0,0,7,-28,28,2022,9,Monday
MTC-20581,2022-09-12,Championship League,Delhi Dynamos,Pune Warriors,Home,Windy,4,4,59,10,13,8,3,1,24061,41,Draw,8,0,0,23,18,18,2022,9,Monday
MTC-22914,2022-09-12,Championship League,Pune Warriors,Bengaluru FC,Home,Windy,4,1,70,6,8,6,2,1,10710,30,Home Win,5,3,3,14,40,40,2022,9,Monday
MTC-21863,2022-09-12,Championship League,Bengaluru FC,Chennai Titans,Neutral,Rainy,2,4,49,10,5,5,5,0,36639,51,Away Win,6,-2,2,15,-2,2,2022,9,Monday
MTC-21342,2022-09-13,Championship League,Pune Warriors,Goa Sharks,Neutral,Rainy,3,3,56,10,10,5,4,0,19473,44,Draw,6,0,0,20,12,12,2022,9,Tuesday
MTC-22941,2022-09-13,Cup Series,Mumbai United,Pune Warriors,Neutral,Cloudy,0,0,51,2,14,10,2,1,21068,49,Draw,0,0,0,16,2,2,2022,9,Tuesday
MTC-21341,2022-09-13,Cup Series,Pune Warriors,Delhi Dynamos,Home,Clear,1,5,60,1,14,12,5,1,30259,40,Away Win,6,-4,4,15,20,20,2022,9,Tuesday
MTC-20384,2022-09-14,Premier Division,Bengaluru FC,Goa Sharks,Neutral,Rainy,2,5,42,4,12,16,0,1,62531,58,Away Win,7,-3,3,16,-16,16,2022,9,Wednesday
MTC-20661,2022-09-14,Championship League,Pune Warriors,Chennai Titans,Home,Rainy,3,3,63,14,9,7,3,0,61944,37,Draw,6,0,0,23,26,26,2022,9,Wednesday
MTC-21701,2022-09-14,Premier Division,Jaipur Lions,Kerala Blasters,Home,Clear,4,4,58,13,9,18,1,1,26731,42,Draw,8,0,0,22,16,16,2022,9,Wednesday
MTC-20229,2022-09-14,Cup Series,Mumbai United,Delhi Dynamos,Neutral,Rainy,0,5,46,8,0,6,2,1,50738,54,Away Win,5,-5,5,8,-8,8,2022,9,Wednesday
MTC-21398,2022-09-14,Premier Division,Goa Sharks,Hyderabad Falcons,Away,Clear,2,2,30,13,4,12,0,1,6129,70,Draw,4,0,0,17,-40,40,2022,9,Wednesday
MTC-21347,2022-09-14,Championship League,Kerala Blasters,Hyderabad Falcons,Neutral,Rainy,0,0,62,5,10,5,2,0,61651,38,Draw,0,0,0,15,24,24,2022,9,Wednesday
MTC-20274,2022-09-15,Premier Division,Delhi Dynamos,Kolkata Strikers,Away,Windy,1,4,38,10,10,24,4,1,11939,62,Away Win,5,-3,3,20,-24,24,2022,9,Thursday
MTC-22472,2022-09-15,Premier Division,Goa Sharks,Bengaluru FC,Home,Clear,5,5,66,12,9,11,4,1,44363,34,Draw,10,0,0,21,32,32,2022,9,Thursday
MTC-21450,2022-09-15,Championship League,Goa Sharks,Pune Warriors,Away,Cloudy,2,0,35,8,4,19,0,1,42635,65,Home Win,2,2,2,12,-30,30,2022,9,Thursday
MTC-20615,2022-09-16,Championship League,Kolkata Strikers,Pune Warriors,Away,Rainy,3,2,56,4,0,20,1,0,48728,44,Home Win,5,1,1,4,12,12,2022,9,Friday
MTC-23437,2022-09-16,Championship League,Delhi Dynamos,Kolkata Strikers,Neutral,Cloudy,4,2,34,11,1,21,1,0,7186,66,Home Win,6,2,2,12,-32,32,2022,9,Friday
MTC-20854,2022-09-16,Championship League,Kolkata Strikers,Chennai Titans,Away,Windy,3,2,59,11,9,24,0,0,44008,41,Home Win,5,1,1,20,18,18,2022,9,Friday
MTC-20808,2022-09-16,Championship League,Bengaluru FC,Mumbai United,Away,Windy,5,3,65,13,9,21,3,0,49972,35,Home Win,8,2,2,22,30,30,2022,9,Friday
MTC-22578,2022-09-17,Cup Series,Kerala Blasters,Delhi Dynamos,Neutral,Cloudy,5,3,44,8,9,6,2,1,12006,56,Home Win,8,2,2,17,-12,12,2022,9,Saturday
MTC-20606,2022-09-17,Premier Division,Pune Warriors,Delhi Dynamos,Neutral,Clear,3,5,47,3,3,15,4,0,30695,53,Away Win,8,-2,2,6,-6,6,2022,9,Saturday
MTC-20298,2022-09-18,Premier Division,Pune Warriors,Hyderabad Falcons,Home,Rainy,5,1,45,12,0,16,4,1,60840,55,Home Win,6,4,4,12,-10,10,2022,9,Sunday
MTC-20052,2022-09-18,Premier Division,Jaipur Lions,Pune Warriors,Home,Windy,5,2,58,13,8,23,3,0,60672,42,Home Win,7,3,3,21,16,16,2022,9,Sunday
MTC-21514,2022-09-18,Cup Series,Kerala Blasters,Hyderabad Falcons,Away,Clear,5,2,43,11,12,12,0,0,38994,57,Home Win,7,3,3,23,-14,14,2022,9,Sunday
MTC-21424,2022-09-18,Premier Division,Kerala Blasters,Hyderabad Falcons,Neutral,Cloudy,1,2,61,12,4,17,2,1,40230,39,Away Win,3,-1,1,16,22,22,2022,9,Sunday
MTC-20221,2022-09-18,Cup Series,Goa Sharks,Delhi Dynamos,Away,Windy,5,2,39,13,12,16,2,1,16863,61,Home Win,7,3,3,25,-22,22,2022,9,Sunday
MTC-21747,2022-09-19,Cup Series,Jaipur Lions,Hyderabad Falcons,Neutral,Windy,2,1,51,11,10,14,1,0,11897,49,Home Win,3,1,1,21,2,2,2022,9,Monday
MTC-21691,2022-09-20,Premier Division,Hyderabad Falcons,Kerala Blasters,Neutral,Rainy,5,5,42,6,14,7,1,1,64929,58,Draw,10,0,0,20,-16,16,2022,9,Tuesday
MTC-21822,2022-09-20,Cup Series,Kerala Blasters,Chennai Titans,Neutral,Windy,1,3,54,8,7,13,2,1,42487,46,Away Win,4,-2,2,15,8,8,2022,9,Tuesday
MTC-23788,2022-09-20,Championship League,Jaipur Lions,Pune Warriors,Away,Cloudy,3,0,44,3,11,10,4,0,16458,56,Home Win,3,3,3,14,-12,12,2022,9,Tuesday
MTC-22854,2022-09-20,Premier Division,Delhi Dynamos,Hyderabad Falcons,Neutral,Windy,4,3,37,11,4,14,3,1,9315,63,Home Win,7,1,1,15,-26,26,2022,9,Tuesday
MTC-22709,2022-09-20,Cup Series,Delhi Dynamos,Mumbai United,Away,Windy,4,2,34,11,8,22,3,1,27942,66,Home Win,6,2,2,19,-32,32,2022,9,Tuesday
MTC-23711,2022-09-21,Championship League,Hyderabad Falcons,Chennai Titans,Away,Windy,1,4,55,5,3,7,6,0,37017,45,Away Win,5,-3,3,8,10,10,2022,9,Wednesday
MTC-22758,2022-09-22,Cup Series,Goa Sharks,Jaipur Lions,Away,Cloudy,4,5,70,7,4,12,3,0,40099,30,Away Win,9,-1,1,11,40,40,2022,9,Thursday
MTC-20432,2022-09-22,Premier Division,Hyderabad Falcons,Chennai Titans,Away,Cloudy,5,2,30,12,6,24,1,1,15814,70,Home Win,7,3,3,18,-40,40,2022,9,Thursday
MTC-21839,2022-09-22,Cup Series,Kerala Blasters,Jaipur Lions,Home,Clear,0,1,62,8,7,19,1,1,31652,38,Away Win,1,-1,1,15,24,24,2022,9,Thursday
MTC-22139,2022-09-22,Cup Series,Goa Sharks,Mumbai United,Home,Windy,2,0,62,0,12,12,6,0,31678,38,Home Win,2,2,2,12,24,24,2022,9,Thursday
MTC-20962,2022-09-23,Cup Series,Hyderabad Falcons,Delhi Dynamos,Away,Windy,4,3,47,9,10,20,2,1,56922,53,Home Win,7,1,1,19,-6,6,2022,9,Friday
MTC-22865,2022-09-23,Premier Division,Goa Sharks,Delhi Dynamos,Home,Cloudy,1,0,50,11,8,20,6,0,37867,50,Home Win,1,1,1,19,0,0,2022,9,Friday
MTC-20899,2022-09-23,Championship League,Kerala Blasters,Pune Warriors,Neutral,Cloudy,1,3,33,1,7,14,4,0,58082,67,Away Win,4,-2,2,8,-34,34,2022,9,Friday
MTC-22253,2022-09-23,Cup Series,Kerala Blasters,Chennai Titans,Home,Cloudy,3,0,54,1,5,11,3,0,64619,46,Home Win,3,3,3,6,8,8,2022,9,Friday
MTC-22319,2022-09-23,Championship League,Kolkata Strikers,Hyderabad Falcons,Home,Cloudy,0,2,53,5,12,18,2,0,48255,47,Away Win,2,-2,2,17,6,6,2022,9,Friday
MTC-21127,2022-09-23,Premier Division,Delhi Dynamos,Jaipur Lions,Away,Clear,3,5,51,0,4,17,4,1,9115,49,Away Win,8,-2,2,4,2,2,2022,9,Friday
MTC-21586,2022-09-24,Premier Division,Chennai Titans,Jaipur Lions,Home,Cloudy,2,4,42,5,13,10,4,1,47072,58,Away Win,6,-2,2,18,-16,16,2022,9,Saturday
MTC-23337,2022-09-24,Championship League,Jaipur Lions,Pune Warriors,Home,Rainy,2,4,34,13,7,21,3,1,23823,66,Away Win,6,-2,2,20,-32,32,2022,9,Saturday
MTC-20228,2022-09-24,Championship League,Chennai Titans,Hyderabad Falcons,Away,Cloudy,2,1,33,3,4,17,4,0,28292,67,Home Win,3,1,1,7,-34,34,2022,9,Saturday
MTC-22849,2022-09-24,Championship League,Hyderabad Falcons,Chennai Titans,Home,Clear,5,3,48,5,9,14,3,0,23824,52,Home Win,8,2,2,14,-4,4,2022,9,Saturday
MTC-21978,2022-09-24,Premier Division,Pune Warriors,Goa Sharks,Away,Windy,3,3,56,3,7,12,5,1,40110,44,Draw,6,0,0,10,12,12,2022,9,Saturday
MTC-22831,2022-09-24,Championship League,Pune Warriors,Kolkata Strikers,Neutral,Windy,4,2,40,8,8,13,2,1,2111,60,Home Win,6,2,2,16,-20,20,2022,9,Saturday
MTC-20150,2022-09-24,Cup Series,Kerala Blasters,Goa Sharks,Away,Rainy,3,5,46,2,3,20,6,0,15076,54,Away Win,8,-2,2,5,-8,8,2022,9,Saturday
MTC-20923,2022-09-25,Cup Series,Goa Sharks,Bengaluru FC,Away,Windy,5,2,49,3,1,17,4,0,61555,51,Home Win,7,3,3,4,-2,2,2022,9,Sunday
MTC-20721,2022-09-25,Cup Series,Bengaluru FC,Goa Sharks,Home,Clear,0,3,46,14,6,17,2,1,7955,54,Away Win,3,-3,3,20,-8,8,2022,9,Sunday
MTC-23001,2022-09-25,Cup Series,Hyderabad Falcons,Kerala Blasters,Neutral,Windy,4,2,38,1,6,13,1,1,6183,62,Home Win,6,2,2,7,-24,24,2022,9,Sunday
MTC-23512,2022-09-25,Cup Series,Goa Sharks,Pune Warriors,Home,Rainy,4,4,70,13,9,9,4,1,29497,30,Draw,8,0,0,22,40,40,2022,9,Sunday
MTC-23024,2022-09-25,Cup Series,Delhi Dynamos,Jaipur Lions,Neutral,Cloudy,5,3,54,9,13,15,4,0,6625,46,Home Win,8,2,2,22,8,8,2022,9,Sunday
MTC-20223,2022-09-25,Championship League,Jaipur Lions,Goa Sharks,Home,Clear,2,4,42,12,5,20,2,0,28052,58,Away Win,6,-2,2,17,-16,16,2022,9,Sunday
MTC-20532,2022-09-25,Cup Series,Goa Sharks,Jaipur Lions,Home,Windy,5,3,34,9,1,20,0,1,3955,66,Home Win,8,2,2,10,-32,32,2022,9,Sunday
MTC-22012,2022-09-26,Cup Series,Jaipur Lions,Kerala Blasters,Home,Clear,2,4,63,9,8,21,2,0,62817,37,Away Win,6,-2,2,17,26,26,2022,9,Monday
MTC-21221,2022-09-26,Premier Division,Kerala Blasters,Goa Sharks,Away,Windy,5,0,54,7,11,23,0,1,25760,46,Home Win,5,5,5,18,8,8,2022,9,Monday
MTC-22731,2022-09-26,Cup Series,Goa Sharks,Jaipur Lions,Home,Windy,3,1,37,11,0,23,4,0,51975,63,Home Win,4,2,2,11,-26,26,2022,9,Monday
MTC-20161,2022-09-27,Cup Series,Delhi Dynamos,Hyderabad Falcons,Neutral,Clear,4,4,34,7,10,16,2,1,9954,66,Draw,8,0,0,17,-32,32,2022,9,Tuesday
MTC-20592,2022-09-27,Championship League,Hyderabad Falcons,Goa Sharks,Away,Rainy,2,3,49,3,10,24,6,0,48075,51,Away Win,5,-1,1,13,-2,2,2022,9,Tuesday
MTC-21002,2022-09-27,Premier Division,Bengaluru FC,Hyderabad Falcons,Away,Windy,2,4,30,1,0,10,5,1,63879,70,Away Win,6,-2,2,1,-40,40,2022,9,Tuesday
MTC-22903,2022-09-27,Cup Series,Delhi Dynamos,Jaipur Lions,Home,Cloudy,4,4,32,12,10,16,3,1,52096,68,Draw,8,0,0,22,-36,36,2022,9,Tuesday
MTC-23175,2022-09-27,Premier Division,Bengaluru FC,Pune Warriors,Neutral,Rainy,4,1,68,9,1,5,1,1,6279,32,Home Win,5,3,3,10,36,36,2022,9,Tuesday
MTC-22503,2022-09-27,Championship League,Delhi Dynamos,Goa Sharks,Neutral,Rainy,0,3,43,10,6,20,4,1,15111,57,Away Win,3,-3,3,16,-14,14,2022,9,Tuesday
MTC-22804,2022-09-28,Championship League,Delhi Dynamos,Bengaluru FC,Neutral,Rainy,5,3,38,8,11,20,2,1,3835,62,Home Win,8,2,2,19,-24,24,2022,9,Wednesday
MTC-22364,2022-09-28,Cup Series,Kerala Blasters,Bengaluru FC,Home,Windy,5,5,62,3,11,20,5,0,48118,38,Draw,10,0,0,14,24,24,2022,9,Wednesday
MTC-22697,2022-09-28,Championship League,Mumbai United,Goa Sharks,Neutral,Windy,2,2,51,2,5,17,5,0,46139,49,Draw,4,0,0,7,2,2,2022,9,Wednesday
MTC-23229,2022-09-28,Cup Series,Kolkata Strikers,Jaipur Lions,Neutral,Clear,2,4,44,0,2,14,3,1,24215,56,Away Win,6,-2,2,2,-12,12,2022,9,Wednesday
MTC-21431,2022-09-28,Cup Series,Bengaluru FC,Jaipur Lions,Away,Windy,5,2,44,10,10,19,1,0,44887,56,Home Win,7,3,3,20,-12,12,2022,9,Wednesday
MTC-23161,2022-09-28,Cup Series,Jaipur Lions,Bengaluru FC,Away,Windy,3,0,66,5,0,16,3,0,20020,34,Home Win,3,3,3,5,32,32,2022,9,Wednesday
MTC-21706,2022-09-28,Championship League,Goa Sharks,Hyderabad Falcons,Home,Cloudy,4,0,60,9,12,12,4,0,6805,40,Home Win,4,4,4,21,20,20,2022,9,Wednesday
MTC-20887,2022-09-28,Premier Division,Kerala Blasters,Chennai Titans,Neutral,Cloudy,4,3,47,8,9,24,1,1,33406,53,Home Win,7,1,1,17,-6,6,2022,9,Wednesday
MTC-20626,2022-09-29,Championship League,Mumbai United,Pune Warriors,Away,Clear,1,1,42,12,13,11,3,1,52551,58,Draw,2,0,0,25,-16,16,2022,9,Thursday
MTC-21525,2022-09-29,Championship League,Bengaluru FC,Mumbai United,Away,Windy,3,2,31,8,11,24,5,0,56158,69,Home Win,5,1,1,19,-38,38,2022,9,Thursday
MTC-20130,2022-09-29,Championship League,Chennai Titans,Hyderabad Falcons,Neutral,Rainy,2,4,30,2,0,20,0,0,23898,70,Away Win,6,-2,2,2,-40,40,2022,9,Thursday
MTC-21809,2022-09-29,Championship League,Hyderabad Falcons,Delhi Dynamos,Neutral,Rainy,4,5,65,3,2,17,0,1,25314,35,Away Win,9,-1,1,5,30,30,2022,9,Thursday
MTC-20591,2022-09-30,Premier Division,Jaipur Lions,Delhi Dynamos,Neutral,Cloudy,5,2,30,2,11,15,4,1,15854,70,Home Win,7,3,3,13,-40,40,2022,9,Friday
MTC-23097,2022-09-30,Championship League,Mumbai United,Jaipur Lions,Neutral,Windy,0,0,63,10,14,16,6,1,57441,37,Draw,0,0,0,24,26,26,2022,9,Friday
MTC-21393,2022-09-30,Premier Division,Jaipur Lions,Chennai Titans,Away,Cloudy,2,3,69,14,0,14,0,0,27494,31,Away Win,5,-1,1,14,38,38,2022,9,Friday
MTC-20904,2022-09-30,Cup Series,Mumbai United,Pune Warriors,Home,Rainy,1,2,47,8,2,16,6,0,42645,53,Away Win,3,-1,1,10,-6,6,2022,9,Friday
MTC-22414,2022-09-30,Cup Series,Hyderabad Falcons,Kerala Blasters,Neutral,Windy,2,2,53,7,2,22,6,1,15971,47,Draw,4,0,0,9,6,6,2022,9,Friday
MTC-21105,2022-09-30,Cup Series,Delhi Dynamos,Hyderabad Falcons,Away,Cloudy,5,5,36,3,7,6,5,0,29914,64,Draw,10,0,0,10,-28,28,2022,9,Friday
MTC-22235,2022-09-30,Cup Series,Pune Warriors,Jaipur Lions,Neutral,Windy,3,0,30,2,4,5,0,0,18563,70,Home Win,3,3,3,6,-40,40,2022,9,Friday
MTC-22750,2022-09-30,Premier Division,Mumbai United,Pune Warriors,Away,Rainy,2,0,33,6,10,10,4,0,50951,67,Home Win,2,2,2,16,-34,34,2022,9,Friday
MTC-21369,2022-09-30,Championship League,Mumbai United,Kolkata Strikers,Away,Cloudy,2,2,62,9,13,12,2,0,49625,38,Draw,4,0,0,22,24,24,2022,9,Friday
MTC-21837,2022-09-30,Championship League,Bengaluru FC,Hyderabad Falcons,Neutral,Rainy,0,1,46,9,0,20,1,0,44909,54,Away Win,1,-1,1,9,-8,8,2022,9,Friday
MTC-21349,2022-10-01,Championship League,Kolkata Strikers,Jaipur Lions,Home,Cloudy,2,5,68,5,10,5,6,1,39142,32,Away Win,7,-3,3,15,36,36,2022,10,Saturday
MTC-23199,2022-10-01,Cup Series,Kerala Blasters,Bengaluru FC,Neutral,Cloudy,3,5,58,4,13,8,4,0,17054,42,Away Win,8,-2,2,17,16,16,2022,10,Saturday
MTC-22339,2022-10-01,Championship League,Pune Warriors,Jaipur Lions,Away,Rainy,1,1,51,2,5,13,4,1,34219,49,Draw,2,0,0,7,2,2,2022,10,Saturday
MTC-23278,2022-10-01,Premier Division,Goa Sharks,Bengaluru FC,Home,Clear,1,4,57,4,14,14,5,0,11632,43,Away Win,5,-3,3,18,14,14,2022,10,Saturday
MTC-23178,2022-10-01,Cup Series,Chennai Titans,Kolkata Strikers,Away,Clear,5,3,50,5,10,10,1,1,54740,50,Home Win,8,2,2,15,0,0,2022,10,Saturday
MTC-22907,2022-10-01,Championship League,Delhi Dynamos,Hyderabad Falcons,Away,Cloudy,4,1,55,0,4,9,1,1,16603,45,Home Win,5,3,3,4,10,10,2022,10,Saturday
MTC-20789,2022-10-01,Championship League,Chennai Titans,Goa Sharks,Away,Windy,5,3,39,5,3,9,1,0,22790,61,Home Win,8,2,2,8,-22,22,2022,10,Saturday
MTC-21915,2022-10-02,Cup Series,Jaipur Lions,Chennai Titans,Home,Cloudy,0,2,56,0,13,5,6,0,60953,44,Away Win,2,-2,2,13,12,12,2022,10,Sunday
MTC-23775,2022-10-02,Premier Division,Chennai Titans,Jaipur Lions,Neutral,Cloudy,4,3,34,4,10,23,0,1,42293,66,Home Win,7,1,1,14,-32,32,2022,10,Sunday
MTC-20687,2022-10-02,Cup Series,Kolkata Strikers,Goa Sharks,Neutral,Cloudy,2,0,36,5,8,8,0,1,43324,64,Home Win,2,2,2,13,-28,28,2022,10,Sunday
MTC-23760,2022-10-03,Cup Series,Pune Warriors,Bengaluru FC,Home,Cloudy,0,0,69,10,10,24,2,1,34332,31,Draw,0,0,0,20,38,38,2022,10,Monday
MTC-22908,2022-10-03,Championship League,Pune Warriors,Kerala Blasters,Away,Cloudy,1,1,61,12,13,19,5,0,60729,39,Draw,2,0,0,25,22,22,2022,10,Monday
MTC-20450,2022-10-03,Cup Series,Goa Sharks,Delhi Dynamos,Neutral,Rainy,5,2,51,7,5,22,6,1,60723,49,Home Win,7,3,3,12,2,2,2022,10,Monday
MTC-22199,2022-10-03,Championship League,Delhi Dynamos,Jaipur Lions,Home,Clear,4,3,53,14,13,12,2,1,59218,47,Home Win,7,1,1,27,6,6,2022,10,Monday
MTC-20189,2022-10-03,Premier Division,Chennai Titans,Goa Sharks,Away,Windy,3,2,34,7,2,13,4,0,55848,66,Home Win,5,1,1,9,-32,32,2022,10,Monday
MTC-22059,2022-10-03,Cup Series,Chennai Titans,Bengaluru FC,Home,Rainy,0,0,43,14,5,14,3,1,44809,57,Draw,0,0,0,19,-14,14,2022,10,Monday
MTC-22345,2022-10-04,Championship League,Mumbai United,Kerala Blasters,Away,Windy,4,3,32,2,11,12,5,1,53099,68,Home Win,7,1,1,13,-36,36,2022,10,Tuesday
MTC-22835,2022-10-04,Premier Division,Chennai Titans,Mumbai United,Neutral,Rainy,2,5,37,8,5,10,4,1,30648,63,Away Win,7,-3,3,13,-26,26,2022,10,Tuesday
MTC-23778,2022-10-04,Premier Division,Pune Warriors,Delhi Dynamos,Away,Cloudy,0,2,42,10,13,9,2,0,33505,58,Away Win,2,-2,2,23,-16,16,2022,10,Tuesday
MTC-22927,2022-10-04,Premier Division,Mumbai United,Kolkata Strikers,Away,Windy,2,4,33,13,3,23,3,0,9996,67,Away Win,6,-2,2,16,-34,34,2022,10,Tuesday
MTC-20103,2022-10-05,Championship League,Pune Warriors,Delhi Dynamos,Away,Rainy,1,1,59,0,3,21,6,0,45995,41,Draw,2,0,0,3,18,18,2022,10,Wednesday
MTC-22993,2022-10-05,Championship League,Mumbai United,Delhi Dynamos,Away,Rainy,3,4,54,8,8,5,4,0,35558,46,Away Win,7,-1,1,16,8,8,2022,10,Wednesday
MTC-21942,2022-10-05,Cup Series,Pune Warriors,Kerala Blasters,Away,Clear,2,3,49,13,9,8,4,1,52869,51,Away Win,5,-1,1,22,-2,2,2022,10,Wednesday
MTC-23429,2022-10-05,Premier Division,Kolkata Strikers,Hyderabad Falcons,Away,Windy,5,0,44,11,11,13,6,1,24248,56,Home Win,5,5,5,22,-12,12,2022,10,Wednesday
MTC-21806,2022-10-05,Cup Series,Goa Sharks,Kolkata Strikers,Neutral,Clear,1,4,68,5,6,16,5,1,39778,32,Away Win,5,-3,3,11,36,36,2022,10,Wednesday
MTC-22493,2022-10-06,Cup Series,Hyderabad Falcons,Chennai Titans,Away,Rainy,5,4,67,10,1,17,5,1,57918,33,Home Win,9,1,1,11,34,34,2022,10,Thursday
MTC-21803,2022-10-06,Cup Series,Pune Warriors,Jaipur Lions,Away,Clear,1,3,54,9,5,9,6,1,10899,46,Away Win,4,-2,2,14,8,8,2022,10,Thursday
MTC-23350,2022-10-06,Cup Series,Kerala Blasters,Goa Sharks,Away,Rainy,2,2,49,14,12,13,4,1,25410,51,Draw,4,0,0,26,-2,2,2022,10,Thursday
MTC-22563,2022-10-06,Cup Series,Delhi Dynamos,Hyderabad Falcons,Home,Rainy,4,2,65,13,6,21,1,1,60695,35,Home Win,6,2,2,19,30,30,2022,10,Thursday
MTC-23536,2022-10-06,Premier Division,Chennai Titans,Delhi Dynamos,Away,Rainy,1,5,40,5,6,6,4,1,48812,60,Away Win,6,-4,4,11,-20,20,2022,10,Thursday
MTC-20127,2022-10-06,Premier Division,Delhi Dynamos,Pune Warriors,Away,Clear,0,3,56,7,4,11,3,1,63275,44,Away Win,3,-3,3,11,12,12,2022,10,Thursday
MTC-22972,2022-10-06,Premier Division,Kolkata Strikers,Pune Warriors,Neutral,Clear,4,2,30,7,2,7,1,0,15999,70,Home Win,6,2,2,9,-40,40,2022,10,Thursday
MTC-20440,2022-10-06,Championship League,Goa Sharks,Mumbai United,Away,Clear,4,1,48,10,2,16,0,0,14884,52,Home Win,5,3,3,12,-4,4,2022,10,Thursday
MTC-21052,2022-10-06,Championship League,Delhi Dynamos,Kolkata Strikers,Away,Cloudy,3,2,48,6,7,22,6,1,52457,52,Home Win,5,1,1,13,-4,4,2022,10,Thursday
MTC-22858,2022-10-07,Premier Division,Mumbai United,Chennai Titans,Away,Windy,5,4,65,6,3,24,5,1,53628,35,Home Win,9,1,1,9,30,30,2022,10,Friday
MTC-20392,2022-10-07,Championship League,Mumbai United,Bengaluru FC,Away,Rainy,4,5,59,9,11,6,4,0,48270,41,Away Win,9,-1,1,20,18,18,2022,10,Friday
MTC-21151,2022-10-07,Cup Series,Mumbai United,Bengaluru FC,Away,Rainy,5,3,66,13,13,22,2,0,48549,34,Home Win,8,2,2,26,32,32,2022,10,Friday
MTC-20845,2022-10-08,Cup Series,Mumbai United,Bengaluru FC,Neutral,Rainy,5,0,43,13,9,22,2,1,41648,57,Home Win,5,5,5,22,-14,14,2022,10,Saturday
MTC-21918,2022-10-08,Cup Series,Bengaluru FC,Jaipur Lions,Home,Rainy,4,3,51,7,0,22,0,1,30224,49,Home Win,7,1,1,7,2,2,2022,10,Saturday
MTC-20364,2022-10-08,Premier Division,Goa Sharks,Bengaluru FC,Home,Cloudy,4,4,38,14,7,19,1,1,35520,62,Draw,8,0,0,21,-24,24,2022,10,Saturday
MTC-21118,2022-10-09,Premier Division,Kolkata Strikers,Bengaluru FC,Neutral,Clear,0,2,30,10,7,22,2,1,34955,70,Away Win,2,-2,2,17,-40,40,2022,10,Sunday
MTC-21556,2022-10-09,Championship League,Goa Sharks,Delhi Dynamos,Neutral,Cloudy,5,1,38,9,12,14,4,0,41630,62,Home Win,6,4,4,21,-24,24,2022,10,Sunday
MTC-21259,2022-10-09,Championship League,Mumbai United,Goa Sharks,Away,Windy,0,5,55,1,11,13,3,0,63317,45,Away Win,5,-5,5,12,10,10,2022,10,Sunday
MTC-23413,2022-10-09,Cup Series,Kerala Blasters,Delhi Dynamos,Away,Cloudy,4,0,40,1,6,7,1,0,17556,60,Home Win,4,4,4,7,-20,20,2022,10,Sunday
MTC-21106,2022-10-09,Premier Division,Kerala Blasters,Jaipur Lions,Home,Rainy,4,4,49,10,8,22,1,1,42966,51,Draw,8,0,0,18,-2,2,2022,10,Sunday
MTC-21077,2022-10-09,Premier Division,Goa Sharks,Kolkata Strikers,Home,Clear,4,0,59,5,14,21,2,0,14761,41,Home Win,4,4,4,19,18,18,2022,10,Sunday
MTC-20210,2022-10-10,Cup Series,Hyderabad Falcons,Kolkata Strikers,Away,Cloudy,0,1,54,5,10,20,0,0,11244,46,Away Win,1,-1,1,15,8,8,2022,10,Monday
MTC-23790,2022-10-10,Cup Series,Bengaluru FC,Kerala Blasters,Home,Cloudy,1,5,43,5,9,20,6,1,4755,57,Away Win,6,-4,4,14,-14,14,2022,10,Monday
MTC-22069,2022-10-10,Championship League,Delhi Dynamos,Bengaluru FC,Away,Cloudy,1,5,69,6,3,19,4,1,30412,31,Away Win,6,-4,4,9,38,38,2022,10,Monday
MTC-21437,2022-10-10,Championship League,Hyderabad Falcons,Jaipur Lions,Neutral,Cloudy,1,3,45,13,10,11,6,1,42017,55,Away Win,4,-2,2,23,-10,10,2022,10,Monday
MTC-21251,2022-10-10,Cup Series,Delhi Dynamos,Hyderabad Falcons,Away,Clear,5,0,56,2,5,6,0,1,59908,44,Home Win,5,5,5,7,12,12,2022,10,Monday
MTC-20313,2022-10-10,Premier Division,Chennai Titans,Bengaluru FC,Away,Clear,1,2,58,7,9,6,6,1,15725,42,Away Win,3,-1,1,16,16,16,2022,10,Monday
MTC-21710,2022-10-10,Cup Series,Pune Warriors,Kolkata Strikers,Home,Windy,4,5,50,6,7,9,1,1,53712,50,Away Win,9,-1,1,13,0,0,2022,10,Monday
MTC-21278,2022-10-11,Championship League,Goa Sharks,Hyderabad Falcons,Neutral,Clear,1,2,47,13,6,5,4,1,12054,53,Away Win,3,-1,1,19,-6,6,2022,10,Tuesday
MTC-21311,2022-10-11,Cup Series,Kerala Blasters,Goa Sharks,Home,Windy,4,3,35,3,14,18,3,0,19382,65,Home Win,7,1,1,17,-30,30,2022,10,Tuesday
MTC-22767,2022-10-11,Cup Series,Hyderabad Falcons,Jaipur Lions,Neutral,Rainy,0,5,52,11,6,15,2,0,61886,48,Away Win,5,-5,5,17,4,4,2022,10,Tuesday
MTC-22555,2022-10-11,Championship League,Chennai Titans,Bengaluru FC,Home,Windy,5,3,30,8,14,8,0,0,24563,70,Home Win,8,2,2,22,-40,40,2022,10,Tuesday
MTC-21423,2022-10-11,Premier Division,Delhi Dynamos,Pune Warriors,Home,Clear,5,4,36,5,8,7,4,1,12386,64,Home Win,9,1,1,13,-28,28,2022,10,Tuesday
MTC-22721,2022-10-13,Premier Division,Chennai Titans,Delhi Dynamos,Neutral,Clear,1,0,64,12,10,21,6,0,48821,36,Home Win,1,1,1,22,28,28,2022,10,Thursday
MTC-20307,2022-10-14,Championship League,Goa Sharks,Mumbai United,Neutral,Clear,4,0,49,13,8,24,3,0,20101,51,Home Win,4,4,4,21,-2,2,2022,10,Friday
MTC-20612,2022-10-14,Premier Division,Delhi Dynamos,Kolkata Strikers,Home,Rainy,0,0,62,8,8,24,3,0,39213,38,Draw,0,0,0,16,24,24,2022,10,Friday
MTC-21623,2022-10-14,Cup Series,Chennai Titans,Kolkata Strikers,Home,Clear,0,0,62,1,10,21,1,0,20448,38,Draw,0,0,0,11,24,24,2022,10,Friday
MTC-23421,2022-10-14,Championship League,Kolkata Strikers,Hyderabad Falcons,Neutral,Clear,0,4,64,7,0,8,1,1,28754,36,Away Win,4,-4,4,7,28,28,2022,10,Friday
MTC-23591,2022-10-14,Championship League,Kerala Blasters,Kolkata Strikers,Home,Cloudy,0,5,62,12,7,9,0,1,13827,38,Away Win,5,-5,5,19,24,24,2022,10,Friday
MTC-21103,2022-10-14,Championship League,Hyderabad Falcons,Kerala Blasters,Neutral,Cloudy,2,0,46,8,14,22,2,1,3453,54,Home Win,2,2,2,22,-8,8,2022,10,Friday
MTC-22439,2022-10-15,Premier Division,Mumbai United,Hyderabad Falcons,Home,Cloudy,3,4,70,6,13,20,4,1,39067,30,Away Win,7,-1,1,19,40,40,2022,10,Saturday
MTC-21735,2022-10-15,Championship League,Pune Warriors,Jaipur Lions,Neutral,Rainy,4,5,44,7,3,20,3,0,16356,56,Away Win,9,-1,1,10,-12,12,2022,10,Saturday
MTC-22627,2022-10-15,Championship League,Hyderabad Falcons,Delhi Dynamos,Home,Rainy,1,3,66,5,3,20,0,0,59909,34,Away Win,4,-2,2,8,32,32,2022,10,Saturday
MTC-22749,2022-10-15,Championship League,Kerala Blasters,Jaipur Lions,Home,Cloudy,4,3,40,9,9,8,5,0,41934,60,Home Win,7,1,1,18,-20,20,2022,10,Saturday
MTC-20343,2022-10-16,Championship League,Hyderabad Falcons,Delhi Dynamos,Home,Cloudy,5,4,44,6,4,24,6,1,38328,56,Home Win,9,1,1,10,-12,12,2022,10,Sunday
MTC-21281,2022-10-16,Cup Series,Bengaluru FC,Goa Sharks,Neutral,Rainy,5,4,41,6,10,21,0,1,32038,59,Home Win,9,1,1,16,-18,18,2022,10,Sunday
MTC-21091,2022-10-16,Premier Division,Chennai Titans,Delhi Dynamos,Away,Cloudy,5,5,57,11,6,9,6,0,39999,43,Draw,10,0,0,17,14,14,2022,10,Sunday
MTC-20193,2022-10-16,Premier Division,Mumbai United,Bengaluru FC,Home,Cloudy,1,4,60,9,10,18,2,1,43821,40,Away Win,5,-3,3,19,20,20,2022,10,Sunday
MTC-23604,2022-10-17,Championship League,Bengaluru FC,Kerala Blasters,Neutral,Cloudy,1,1,40,10,5,16,1,0,15711,60,Draw,2,0,0,15,-20,20,2022,10,Monday
MTC-21256,2022-10-17,Cup Series,Jaipur Lions,Mumbai United,Home,Windy,4,5,32,11,11,20,6,1,58735,68,Away Win,9,-1,1,22,-36,36,2022,10,Monday
MTC-21045,2022-10-17,Premier Division,Bengaluru FC,Kolkata Strikers,Neutral,Cloudy,5,3,38,4,2,24,6,0,19051,62,Home Win,8,2,2,6,-24,24,2022,10,Monday
MTC-22929,2022-10-17,Championship League,Jaipur Lions,Hyderabad Falcons,Home,Clear,2,0,53,0,1,12,1,1,58125,47,Home Win,2,2,2,1,6,6,2022,10,Monday
MTC-23080,2022-10-17,Championship League,Jaipur Lions,Delhi Dynamos,Neutral,Rainy,1,4,42,6,12,8,5,1,55907,58,Away Win,5,-3,3,18,-16,16,2022,10,Monday
MTC-21134,2022-10-17,Cup Series,Kolkata Strikers,Goa Sharks,Away,Windy,2,5,41,12,3,11,2,1,59366,59,Away Win,7,-3,3,15,-18,18,2022,10,Monday
MTC-23269,2022-10-17,Cup Series,Goa Sharks,Mumbai United,Neutral,Rainy,0,5,49,3,7,5,2,1,62535,51,Away Win,5,-5,5,10,-2,2,2022,10,Monday
MTC-23626,2022-10-17,Cup Series,Mumbai United,Jaipur Lions,Home,Windy,2,1,42,14,9,11,1,0,64370,58,Home Win,3,1,1,23,-16,16,2022,10,Monday
MTC-21284,2022-10-18,Premier Division,Jaipur Lions,Kerala Blasters,Neutral,Cloudy,0,0,52,10,5,22,1,0,7946,48,Draw,0,0,0,15,4,4,2022,10,Tuesday
MTC-20818,2022-10-19,Cup Series,Pune Warriors,Kerala Blasters,Neutral,Rainy,0,0,42,4,14,10,4,1,4768,58,Draw,0,0,0,18,-16,16,2022,10,Wednesday
MTC-22656,2022-10-19,Championship League,Mumbai United,Kolkata Strikers,Home,Clear,2,1,61,6,6,14,4,0,63673,39,Home Win,3,1,1,12,22,22,2022,10,Wednesday
MTC-21633,2022-10-19,Premier Division,Kolkata Strikers,Kerala Blasters,Neutral,Rainy,1,0,55,1,1,19,6,1,58674,45,Home Win,1,1,1,2,10,10,2022,10,Wednesday
MTC-23652,2022-10-19,Premier Division,Pune Warriors,Chennai Titans,Neutral,Windy,5,4,33,8,12,5,6,0,52223,67,Home Win,9,1,1,20,-34,34,2022,10,Wednesday
MTC-20038,2022-10-19,Premier Division,Chennai Titans,Delhi Dynamos,Home,Cloudy,0,1,65,9,7,17,6,0,49705,35,Away Win,1,-1,1,16,30,30,2022,10,Wednesday
MTC-21861,2022-10-19,Championship League,Chennai Titans,Mumbai United,Away,Windy,2,0,51,1,6,24,0,0,29063,49,Home Win,2,2,2,7,2,2,2022,10,Wednesday
MTC-22298,2022-10-19,Premier Division,Delhi Dynamos,Bengaluru FC,Home,Clear,5,4,70,0,3,16,1,1,58048,30,Home Win,9,1,1,3,40,40,2022,10,Wednesday
MTC-21152,2022-10-20,Cup Series,Mumbai United,Kolkata Strikers,Home,Rainy,5,3,59,13,14,22,0,0,53669,41,Home Win,8,2,2,27,18,18,2022,10,Thursday
MTC-23432,2022-10-20,Cup Series,Delhi Dynamos,Pune Warriors,Neutral,Clear,4,5,43,10,7,5,1,0,45183,57,Away Win,9,-1,1,17,-14,14,2022,10,Thursday
MTC-23101,2022-10-20,Cup Series,Kerala Blasters,Pune Warriors,Away,Clear,3,5,35,3,4,20,6,0,15103,65,Away Win,8,-2,2,7,-30,30,2022,10,Thursday
MTC-22761,2022-10-21,Premier Division,Hyderabad Falcons,Kolkata Strikers,Neutral,Clear,4,5,48,13,7,12,2,1,62904,52,Away Win,9,-1,1,20,-4,4,2022,10,Friday
MTC-23602,2022-10-21,Premier Division,Kolkata Strikers,Goa Sharks,Away,Windy,3,5,53,6,13,13,0,1,8898,47,Away Win,8,-2,2,19,6,6,2022,10,Friday
MTC-21707,2022-10-21,Cup Series,Bengaluru FC,Chennai Titans,Home,Windy,4,5,33,2,0,15,5,1,42709,67,Away Win,9,-1,1,2,-34,34,2022,10,Friday
MTC-22645,2022-10-21,Championship League,Mumbai United,Hyderabad Falcons,Away,Cloudy,4,4,62,14,0,7,3,1,42538,38,Draw,8,0,0,14,24,24,2022,10,Friday
MTC-22466,2022-10-21,Premier Division,Mumbai United,Chennai Titans,Away,Cloudy,2,3,68,14,6,24,2,1,24608,32,Away Win,5,-1,1,20,36,36,2022,10,Friday
MTC-22057,2022-10-21,Cup Series,Kerala Blasters,Chennai Titans,Neutral,Cloudy,0,5,46,3,9,19,5,0,24162,54,Away Win,5,-5,5,12,-8,8,2022,10,Friday
MTC-23700,2022-10-22,Premier Division,Mumbai United,Jaipur Lions,Neutral,Windy,3,0,43,14,11,13,1,1,26271,57,Home Win,3,3,3,25,-14,14,2022,10,Saturday
MTC-21440,2022-10-22,Championship League,Delhi Dynamos,Goa Sharks,Neutral,Rainy,2,2,49,9,3,7,5,1,33633,51,Draw,4,0,0,12,-2,2,2022,10,Saturday
MTC-23464,2022-10-22,Championship League,Kolkata Strikers,Goa Sharks,Away,Rainy,0,3,31,0,7,9,1,0,25988,69,Away Win,3,-3,3,7,-38,38,2022,10,Saturday
MTC-21795,2022-10-23,Cup Series,Pune Warriors,Chennai Titans,Home,Windy,4,0,38,5,5,20,0,0,5668,62,Home Win,4,4,4,10,-24,24,2022,10,Sunday
MTC-21830,2022-10-23,Cup Series,Hyderabad Falcons,Bengaluru FC,Neutral,Windy,5,3,65,9,5,15,1,0,36119,35,Home Win,8,2,2,14,30,30,2022,10,Sunday
MTC-20790,2022-10-23,Premier Division,Chennai Titans,Kolkata Strikers,Away,Cloudy,2,2,70,2,1,5,1,0,48670,30,Draw,4,0,0,3,40,40,2022,10,Sunday
MTC-22959,2022-10-23,Premier Division,Goa Sharks,Kerala Blasters,Home,Cloudy,2,3,61,2,14,16,5,0,12415,39,Away Win,5,-1,1,16,22,22,2022,10,Sunday
MTC-20698,2022-10-23,Cup Series,Mumbai United,Goa Sharks,Home,Cloudy,0,1,60,2,1,17,5,1,60669,40,Away Win,1,-1,1,3,20,20,2022,10,Sunday
MTC-20169,2022-10-23,Premier Division,Kerala Blasters,Goa Sharks,Home,Windy,4,3,67,1,9,7,0,0,64792,33,Home Win,7,1,1,10,34,34,2022,10,Sunday
MTC-20029,2022-10-24,Cup Series,Pune Warriors,Jaipur Lions,Away,Cloudy,0,2,67,14,11,11,5,0,52425,33,Away Win,2,-2,2,25,34,34,2022,10,Monday
MTC-20486,2022-10-24,Championship League,Jaipur Lions,Mumbai United,Away,Clear,0,1,63,6,9,9,6,0,52230,37,Away Win,1,-1,1,15,26,26,2022,10,Monday
MTC-22954,2022-10-25,Premier Division,Bengaluru FC,Hyderabad Falcons,Neutral,Windy,2,3,70,10,12,14,6,0,51716,30,Away Win,5,-1,1,22,40,40,2022,10,Tuesday
MTC-22592,2022-10-25,Cup Series,Kerala Blasters,Bengaluru FC,Neutral,Clear,4,4,56,12,9,17,2,0,50278,44,Draw,8,0,0,21,12,12,2022,10,Tuesday
MTC-21544,2022-10-26,Premier Division,Chennai Titans,Pune Warriors,Away,Clear,1,5,36,14,6,24,5,0,10865,64,Away Win,6,-4,4,20,-28,28,2022,10,Wednesday
MTC-23439,2022-10-26,Premier Division,Bengaluru FC,Chennai Titans,Away,Windy,2,2,32,0,10,8,6,1,60287,68,Draw,4,0,0,10,-36,36,2022,10,Wednesday
MTC-20994,2022-10-26,Championship League,Bengaluru FC,Kerala Blasters,Home,Cloudy,1,1,30,6,0,12,4,0,18191,70,Draw,2,0,0,6,-40,40,2022,10,Wednesday
MTC-20762,2022-10-26,Championship League,Goa Sharks,Bengaluru FC,Neutral,Clear,3,1,38,8,0,23,3,0,44204,62,Home Win,4,2,2,8,-24,24,2022,10,Wednesday
MTC-23225,2022-10-26,Premier Division,Chennai Titans,Delhi Dynamos,Away,Clear,3,5,36,6,12,7,6,0,27950,64,Away Win,8,-2,2,18,-28,28,2022,10,Wednesday
MTC-20652,2022-10-26,Championship League,Kolkata Strikers,Kerala Blasters,Neutral,Rainy,5,4,70,10,1,10,6,1,27287,30,Home Win,9,1,1,11,40,40,2022,10,Wednesday
MTC-21718,2022-10-27,Cup Series,Goa Sharks,Chennai Titans,Neutral,Cloudy,1,3,49,4,12,24,2,1,35499,51,Away Win,4,-2,2,16,-2,2,2022,10,Thursday
MTC-22660,2022-10-27,Championship League,Pune Warriors,Kerala Blasters,Home,Cloudy,4,2,64,8,5,13,2,0,63597,36,Home Win,6,2,2,13,28,28,2022,10,Thursday
MTC-23283,2022-10-27,Cup Series,Kolkata Strikers,Pune Warriors,Away,Windy,2,3,47,4,13,20,6,0,14339,53,Away Win,5,-1,1,17,-6,6,2022,10,Thursday
MTC-22349,2022-10-27,Premier Division,Kerala Blasters,Kolkata Strikers,Home,Clear,0,1,57,7,0,16,6,0,49964,43,Away Win,1,-1,1,7,14,14,2022,10,Thursday
MTC-21520,2022-10-27,Cup Series,Bengaluru FC,Kerala Blasters,Home,Windy,0,0,45,3,5,12,5,1,48007,55,Draw,0,0,0,8,-10,10,2022,10,Thursday
MTC-22415,2022-10-27,Championship League,Mumbai United,Kolkata Strikers,Neutral,Rainy,1,5,57,3,6,7,3,1,3852,43,Away Win,6,-4,4,9,14,14,2022,10,Thursday
MTC-23232,2022-10-27,Championship League,Delhi Dynamos,Chennai Titans,Neutral,Clear,2,3,41,3,12,19,1,0,27024,59,Away Win,5,-1,1,15,-18,18,2022,10,Thursday
MTC-23296,2022-10-28,Championship League,Goa Sharks,Delhi Dynamos,Home,Cloudy,2,0,45,11,1,11,3,0,15763,55,Home Win,2,2,2,12,-10,10,2022,10,Friday
MTC-20279,2022-10-29,Premier Division,Kerala Blasters,Goa Sharks,Away,Cloudy,2,4,31,7,1,11,5,0,26987,69,Away Win,6,-2,2,8,-38,38,2022,10,Saturday
MTC-23420,2022-10-29,Cup Series,Chennai Titans,Hyderabad Falcons,Neutral,Cloudy,1,1,30,8,0,14,4,1,48513,70,Draw,2,0,0,8,-40,40,2022,10,Saturday
MTC-20337,2022-10-29,Championship League,Chennai Titans,Hyderabad Falcons,Away,Cloudy,1,2,53,5,4,14,2,1,24406,47,Away Win,3,-1,1,9,6,6,2022,10,Saturday
MTC-21624,2022-10-29,Premier Division,Kolkata Strikers,Mumbai United,Neutral,Cloudy,1,0,42,4,2,11,6,1,53694,58,Home Win,1,1,1,6,-16,16,2022,10,Saturday
MTC-23615,2022-10-29,Premier Division,Delhi Dynamos,Mumbai United,Away,Clear,5,0,46,5,10,9,5,1,6130,54,Home Win,5,5,5,15,-8,8,2022,10,Saturday
MTC-20357,2022-10-29,Premier Division,Goa Sharks,Chennai Titans,Away,Clear,3,5,42,1,10,16,5,0,2269,58,Away Win,8,-2,2,11,-16,16,2022,10,Saturday
MTC-21662,2022-10-29,Cup Series,Hyderabad Falcons,Pune Warriors,Home,Clear,0,5,33,14,6,16,4,0,56576,67,Away Win,5,-5,5,20,-34,34,2022,10,Saturday
MTC-21664,2022-10-30,Championship League,Kolkata Strikers,Mumbai United,Away,Rainy,5,5,51,8,0,17,6,0,19976,49,Draw,10,0,0,8,2,2,2022,10,Sunday
MTC-21497,2022-10-30,Cup Series,Kerala Blasters,Kolkata Strikers,Home,Rainy,3,3,48,1,0,13,0,1,11093,52,Draw,6,0,0,1,-4,4,2022,10,Sunday
MTC-22784,2022-10-30,Premier Division,Bengaluru FC,Jaipur Lions,Home,Cloudy,0,1,67,5,12,15,4,0,30888,33,Away Win,1,-1,1,17,34,34,2022,10,Sunday
MTC-22459,2022-10-30,Cup Series,Jaipur Lions,Mumbai United,Neutral,Clear,1,5,32,7,6,18,2,1,31843,68,Away Win,6,-4,4,13,-36,36,2022,10,Sunday
MTC-23176,2022-10-30,Premier Division,Bengaluru FC,Jaipur Lions,Neutral,Rainy,5,0,42,4,12,19,4,1,23539,58,Home Win,5,5,5,16,-16,16,2022,10,Sunday
MTC-22475,2022-10-30,Championship League,Pune Warriors,Mumbai United,Away,Clear,0,3,36,11,0,19,4,1,61076,64,Away Win,3,-3,3,11,-28,28,2022,10,Sunday
MTC-22971,2022-10-30,Championship League,Bengaluru FC,Goa Sharks,Away,Windy,1,0,46,12,2,5,2,1,42152,54,Home Win,1,1,1,14,-8,8,2022,10,Sunday
MTC-22612,2022-10-30,Cup Series,Goa Sharks,Kerala Blasters,Neutral,Cloudy,0,1,64,8,14,18,3,0,38600,36,Away Win,1,-1,1,22,28,28,2022,10,Sunday
MTC-23510,2022-11-01,Premier Division,Delhi Dynamos,Kerala Blasters,Neutral,Rainy,1,0,61,1,5,11,5,1,3632,39,Home Win,1,1,1,6,22,22,2022,11,Tuesday
MTC-22188,2022-11-01,Cup Series,Jaipur Lions,Pune Warriors,Home,Clear,0,1,54,13,7,22,4,1,28431,46,Away Win,1,-1,1,20,8,8,2022,11,Tuesday
MTC-22348,2022-11-02,Championship League,Goa Sharks,Jaipur Lions,Neutral,Windy,3,0,41,14,10,7,0,1,21254,59,Home Win,3,3,3,24,-18,18,2022,11,Wednesday
MTC-20528,2022-11-02,Premier Division,Kerala Blasters,Delhi Dynamos,Home,Clear,1,0,31,1,10,20,5,0,16897,69,Home Win,1,1,1,11,-38,38,2022,11,Wednesday
MTC-20287,2022-11-02,Premier Division,Kerala Blasters,Pune Warriors,Home,Cloudy,2,0,51,7,3,11,4,1,60180,49,Home Win,2,2,2,10,2,2,2022,11,Wednesday
MTC-20864,2022-11-02,Championship League,Jaipur Lions,Goa Sharks,Neutral,Windy,4,4,63,0,8,14,1,0,43220,37,Draw,8,0,0,8,26,26,2022,11,Wednesday
MTC-23601,2022-11-02,Championship League,Pune Warriors,Chennai Titans,Away,Clear,2,0,68,3,0,10,1,0,40723,32,Home Win,2,2,2,3,36,36,2022,11,Wednesday
MTC-20865,2022-11-03,Cup Series,Pune Warriors,Jaipur Lions,Away,Rainy,2,2,66,10,3,23,2,1,30640,34,Draw,4,0,0,13,32,32,2022,11,Thursday
MTC-20094,2022-11-03,Cup Series,Bengaluru FC,Jaipur Lions,Neutral,Windy,1,4,34,14,0,6,4,1,61349,66,Away Win,5,-3,3,14,-32,32,2022,11,Thursday
MTC-20556,2022-11-03,Cup Series,Mumbai United,Kolkata Strikers,Away,Rainy,3,4,32,11,10,6,6,1,59543,68,Away Win,7,-1,1,21,-36,36,2022,11,Thursday
MTC-22538,2022-11-03,Cup Series,Kolkata Strikers,Pune Warriors,Home,Windy,5,2,66,0,11,13,1,0,9551,34,Home Win,7,3,3,11,32,32,2022,11,Thursday
MTC-21826,2022-11-03,Premier Division,Bengaluru FC,Delhi Dynamos,Home,Rainy,4,1,44,14,9,16,4,0,51814,56,Home Win,5,3,3,23,-12,12,2022,11,Thursday
MTC-22061,2022-11-04,Cup Series,Pune Warriors,Mumbai United,Away,Windy,5,0,40,1,11,11,4,1,18298,60,Home Win,5,5,5,12,-20,20,2022,11,Friday
MTC-23372,2022-11-04,Premier Division,Jaipur Lions,Goa Sharks,Away,Windy,4,5,70,2,1,7,0,1,14055,30,Away Win,9,-1,1,3,40,40,2022,11,Friday
MTC-21612,2022-11-04,Cup Series,Mumbai United,Chennai Titans,Neutral,Windy,3,3,51,6,1,16,1,1,62111,49,Draw,6,0,0,7,2,2,2022,11,Friday
MTC-21592,2022-11-05,Championship League,Jaipur Lions,Chennai Titans,Neutral,Clear,2,4,42,13,13,6,5,1,63509,58,Away Win,6,-2,2,26,-16,16,2022,11,Saturday
MTC-20587,2022-11-05,Premier Division,Hyderabad Falcons,Kerala Blasters,Away,Windy,5,2,69,0,14,16,6,1,54680,31,Home Win,7,3,3,14,38,38,2022,11,Saturday
MTC-23724,2022-11-05,Cup Series,Hyderabad Falcons,Chennai Titans,Home,Clear,2,3,44,5,7,20,5,0,62390,56,Away Win,5,-1,1,12,-12,12,2022,11,Saturday
MTC-23705,2022-11-06,Championship League,Hyderabad Falcons,Delhi Dynamos,Neutral,Cloudy,1,3,42,11,5,7,4,1,33962,58,Away Win,4,-2,2,16,-16,16,2022,11,Sunday
MTC-20441,2022-11-06,Cup Series,Kerala Blasters,Kolkata Strikers,Away,Clear,3,1,56,7,8,5,2,0,16266,44,Home Win,4,2,2,15,12,12,2022,11,Sunday
MTC-22152,2022-11-06,Championship League,Kerala Blasters,Hyderabad Falcons,Home,Rainy,4,3,31,1,6,24,1,0,28944,69,Home Win,7,1,1,7,-38,38,2022,11,Sunday
MTC-20778,2022-11-07,Cup Series,Jaipur Lions,Bengaluru FC,Away,Windy,4,5,47,12,0,23,1,0,37206,53,Away Win,9,-1,1,12,-6,6,2022,11,Monday
MTC-20023,2022-11-07,Premier Division,Bengaluru FC,Kolkata Strikers,Home,Windy,3,1,44,5,12,12,0,0,19732,56,Home Win,4,2,2,17,-12,12,2022,11,Monday
MTC-20202,2022-11-07,Cup Series,Delhi Dynamos,Jaipur Lions,Home,Rainy,3,5,38,11,7,5,5,0,56479,62,Away Win,8,-2,2,18,-24,24,2022,11,Monday
MTC-20956,2022-11-07,Premier Division,Chennai Titans,Kolkata Strikers,Home,Clear,1,1,34,5,4,14,2,0,63075,66,Draw,2,0,0,9,-32,32,2022,11,Monday
MTC-20755,2022-11-07,Premier Division,Pune Warriors,Mumbai United,Away,Cloudy,4,1,35,14,12,5,2,1,12087,65,Home Win,5,3,3,26,-30,30,2022,11,Monday
MTC-22621,2022-11-07,Cup Series,Chennai Titans,Kerala Blasters,Away,Rainy,5,2,44,11,3,19,1,0,51927,56,Home Win,7,3,3,14,-12,12,2022,11,Monday
MTC-21092,2022-11-08,Premier Division,Bengaluru FC,Chennai Titans,Away,Clear,2,2,49,8,3,24,2,0,51886,51,Draw,4,0,0,11,-2,2,2022,11,Tuesday
MTC-20180,2022-11-08,Cup Series,Goa Sharks,Pune Warriors,Neutral,Windy,4,0,48,3,4,6,5,1,46255,52,Home Win,4,4,4,7,-4,4,2022,11,Tuesday
MTC-21059,2022-11-08,Cup Series,Chennai Titans,Pune Warriors,Home,Cloudy,5,2,44,14,13,12,5,0,21754,56,Home Win,7,3,3,27,-12,12,2022,11,Tuesday
MTC-22395,2022-11-08,Championship League,Jaipur Lions,Mumbai United,Neutral,Windy,0,4,70,5,5,12,0,1,37395,30,Away Win,4,-4,4,10,40,40,2022,11,Tuesday
MTC-23675,2022-11-08,Championship League,Bengaluru FC,Mumbai United,Home,Cloudy,3,3,37,0,13,19,6,0,2960,63,Draw,6,0,0,13,-26,26,2022,11,Tuesday
MTC-22108,2022-11-08,Premier Division,Kerala Blasters,Bengaluru FC,Neutral,Cloudy,2,2,42,1,5,22,0,1,50110,58,Draw,4,0,0,6,-16,16,2022,11,Tuesday
MTC-23348,2022-11-08,Cup Series,Bengaluru FC,Chennai Titans,Home,Windy,2,1,41,5,8,5,0,0,31205,59,Home Win,3,1,1,13,-18,18,2022,11,Tuesday
MTC-20521,2022-11-09,Cup Series,Mumbai United,Goa Sharks,Neutral,Cloudy,1,3,52,1,0,12,1,0,50642,48,Away Win,4,-2,2,1,4,4,2022,11,Wednesday
MTC-23657,2022-11-10,Cup Series,Bengaluru FC,Kolkata Strikers,Away,Rainy,3,2,50,11,7,20,2,1,15745,50,Home Win,5,1,1,18,0,0,2022,11,Thursday
MTC-22243,2022-11-10,Cup Series,Mumbai United,Chennai Titans,Neutral,Windy,2,2,35,9,13,7,4,0,19479,65,Draw,4,0,0,22,-30,30,2022,11,Thursday
MTC-21512,2022-11-10,Premier Division,Jaipur Lions,Mumbai United,Neutral,Rainy,0,5,68,1,10,23,3,1,52434,32,Away Win,5,-5,5,11,36,36,2022,11,Thursday
MTC-23714,2022-11-10,Cup Series,Kerala Blasters,Delhi Dynamos,Home,Cloudy,0,0,34,9,4,18,0,1,2703,66,Draw,0,0,0,13,-32,32,2022,11,Thursday
MTC-23265,2022-11-10,Premier Division,Hyderabad Falcons,Pune Warriors,Away,Clear,4,4,68,13,1,16,6,0,54621,32,Draw,8,0,0,14,36,36,2022,11,Thursday
MTC-21271,2022-11-11,Cup Series,Hyderabad Falcons,Kerala Blasters,Away,Windy,1,5,44,11,2,19,1,0,18871,56,Away Win,6,-4,4,13,-12,12,2022,11,Friday
MTC-23587,2022-11-11,Premier Division,Mumbai United,Goa Sharks,Neutral,Cloudy,5,2,67,4,5,20,2,0,51734,33,Home Win,7,3,3,9,34,34,2022,11,Friday
MTC-21121,2022-11-11,Premier Division,Kolkata Strikers,Pune Warriors,Home,Windy,0,4,31,6,13,8,6,0,25921,69,Away Win,4,-4,4,19,-38,38,2022,11,Friday
MTC-21645,2022-11-11,Cup Series,Goa Sharks,Pune Warriors,Neutral,Windy,4,0,41,14,5,21,5,1,42420,59,Home Win,4,4,4,19,-18,18,2022,11,Friday
MTC-21394,2022-11-12,Premier Division,Pune Warriors,Kolkata Strikers,Away,Windy,0,0,36,14,0,8,5,0,13427,64,Draw,0,0,0,14,-28,28,2022,11,Saturday
MTC-22581,2022-11-12,Cup Series,Pune Warriors,Hyderabad Falcons,Away,Clear,3,2,31,13,1,15,5,1,19231,69,Home Win,5,1,1,14,-38,38,2022,11,Saturday
MTC-22778,2022-11-13,Premier Division,Kolkata Strikers,Chennai Titans,Neutral,Cloudy,4,0,32,4,2,20,5,1,33286,68,Home Win,4,4,4,6,-36,36,2022,11,Sunday
MTC-23736,2022-11-13,Premier Division,Pune Warriors,Goa Sharks,Home,Cloudy,2,3,68,11,4,17,4,0,34847,32,Away Win,5,-1,1,15,36,36,2022,11,Sunday
MTC-20368,2022-11-13,Championship League,Kerala Blasters,Mumbai United,Away,Windy,0,1,67,2,5,5,2,1,55548,33,Away Win,1,-1,1,7,34,34,2022,11,Sunday
MTC-21952,2022-11-13,Premier Division,Goa Sharks,Kerala Blasters,Away,Cloudy,4,2,40,6,0,18,4,0,51853,60,Home Win,6,2,2,6,-20,20,2022,11,Sunday
MTC-23543,2022-11-13,Championship League,Kerala Blasters,Bengaluru FC,Away,Clear,3,1,46,7,13,17,2,1,6819,54,Home Win,4,2,2,20,-8,8,2022,11,Sunday
MTC-22985,2022-11-13,Premier Division,Kolkata Strikers,Kerala Blasters,Neutral,Cloudy,2,0,36,11,10,7,0,1,58513,64,Home Win,2,2,2,21,-28,28,2022,11,Sunday
MTC-23497,2022-11-14,Championship League,Delhi Dynamos,Mumbai United,Neutral,Clear,0,2,66,3,8,22,3,1,28320,34,Away Win,2,-2,2,11,32,32,2022,11,Monday
MTC-22806,2022-11-14,Cup Series,Pune Warriors,Bengaluru FC,Away,Windy,1,5,47,9,8,14,6,0,9162,53,Away Win,6,-4,4,17,-6,6,2022,11,Monday
MTC-21181,2022-11-14,Championship League,Hyderabad Falcons,Chennai Titans,Home,Clear,5,0,42,7,2,12,3,0,44577,58,Home Win,5,5,5,9,-16,16,2022,11,Monday
MTC-22486,2022-11-14,Cup Series,Chennai Titans,Bengaluru FC,Neutral,Clear,4,1,52,0,0,21,2,1,4308,48,Home Win,5,3,3,0,4,4,2022,11,Monday
MTC-20691,2022-11-14,Cup Series,Jaipur Lions,Kolkata Strikers,Neutral,Rainy,1,1,69,13,3,8,5,1,64254,31,Draw,2,0,0,16,38,38,2022,11,Monday
MTC-20268,2022-11-14,Championship League,Mumbai United,Kolkata Strikers,Away,Rainy,5,2,60,14,1,10,5,0,17593,40,Home Win,7,3,3,15,20,20,2022,11,Monday
MTC-20117,2022-11-14,Premier Division,Jaipur Lions,Goa Sharks,Neutral,Windy,4,4,67,5,7,10,3,1,28685,33,Draw,8,0,0,12,34,34,2022,11,Monday
MTC-21683,2022-11-15,Championship League,Kolkata Strikers,Bengaluru FC,Away,Cloudy,3,5,38,5,11,7,5,0,21074,62,Away Win,8,-2,2,16,-24,24,2022,11,Tuesday
MTC-21528,2022-11-15,Premier Division,Bengaluru FC,Jaipur Lions,Neutral,Cloudy,3,1,32,4,5,15,3,0,15643,68,Home Win,4,2,2,9,-36,36,2022,11,Tuesday
MTC-20978,2022-11-15,Premier Division,Bengaluru FC,Delhi Dynamos,Away,Windy,0,1,59,8,1,21,6,1,2897,41,Away Win,1,-1,1,9,18,18,2022,11,Tuesday
MTC-22520,2022-11-15,Championship League,Kolkata Strikers,Kerala Blasters,Neutral,Clear,0,0,34,12,5,12,4,1,58394,66,Draw,0,0,0,17,-32,32,2022,11,Tuesday
MTC-20957,2022-11-17,Cup Series,Kolkata Strikers,Kerala Blasters,Away,Rainy,0,0,36,4,3,16,1,1,49171,64,Draw,0,0,0,7,-28,28,2022,11,Thursday
MTC-20536,2022-11-17,Championship League,Kerala Blasters,Jaipur Lions,Away,Clear,1,0,59,10,6,5,1,1,38436,41,Home Win,1,1,1,16,18,18,2022,11,Thursday
MTC-20034,2022-11-17,Championship League,Kerala Blasters,Jaipur Lions,Away,Windy,3,2,56,9,13,24,2,1,36931,44,Home Win,5,1,1,22,12,12,2022,11,Thursday
MTC-21063,2022-11-17,Premier Division,Mumbai United,Kerala Blasters,Away,Rainy,2,0,48,1,5,19,3,1,52021,52,Home Win,2,2,2,6,-4,4,2022,11,Thursday
MTC-21177,2022-11-17,Championship League,Hyderabad Falcons,Pune Warriors,Home,Windy,3,3,34,3,13,14,5,0,51599,66,Draw,6,0,0,16,-32,32,2022,11,Thursday
MTC-22142,2022-11-18,Cup Series,Chennai Titans,Pune Warriors,Away,Clear,1,1,65,5,6,15,4,1,25538,35,Draw,2,0,0,11,30,30,2022,11,Friday
MTC-21936,2022-11-18,Premier Division,Jaipur Lions,Mumbai United,Home,Windy,0,2,50,14,6,13,1,1,5781,50,Away Win,2,-2,2,20,0,0,2022,11,Friday
MTC-20898,2022-11-18,Championship League,Kolkata Strikers,Goa Sharks,Home,Rainy,2,1,32,13,10,24,4,0,25806,68,Home Win,3,1,1,23,-36,36,2022,11,Friday
MTC-20635,2022-11-18,Cup Series,Chennai Titans,Delhi Dynamos,Neutral,Cloudy,4,5,64,3,11,9,1,1,39596,36,Away Win,9,-1,1,14,28,28,2022,11,Friday
MTC-22219,2022-11-19,Cup Series,Kolkata Strikers,Jaipur Lions,Away,Rainy,1,3,30,5,4,14,3,0,61003,70,Away Win,4,-2,2,9,-40,40,2022,11,Saturday
MTC-21746,2022-11-19,Championship League,Bengaluru FC,Jaipur Lions,Away,Cloudy,2,4,36,14,0,17,6,0,59832,64,Away Win,6,-2,2,14,-28,28,2022,11,Saturday
MTC-23226,2022-11-19,Premier Division,Delhi Dynamos,Pune Warriors,Neutral,Windy,1,1,50,2,14,18,6,0,64677,50,Draw,2,0,0,16,0,0,2022,11,Saturday
MTC-21719,2022-11-20,Premier Division,Mumbai United,Hyderabad Falcons,Away,Cloudy,3,1,31,1,2,9,0,1,39126,69,Home Win,4,2,2,3,-38,38,2022,11,Sunday
MTC-22487,2022-11-20,Championship League,Mumbai United,Kolkata Strikers,Away,Windy,4,4,46,7,6,21,0,1,55726,54,Draw,8,0,0,13,-8,8,2022,11,Sunday
MTC-21255,2022-11-20,Cup Series,Delhi Dynamos,Mumbai United,Neutral,Clear,3,1,31,13,8,8,6,1,11045,69,Home Win,4,2,2,21,-38,38,2022,11,Sunday
MTC-20862,2022-11-21,Championship League,Jaipur Lions,Kolkata Strikers,Home,Clear,0,2,57,2,8,20,1,1,51095,43,Away Win,2,-2,2,10,14,14,2022,11,Monday
MTC-21143,2022-11-21,Cup Series,Delhi Dynamos,Mumbai United,Home,Rainy,2,3,35,5,9,10,2,0,40327,65,Away Win,5,-1,1,14,-30,30,2022,11,Monday
MTC-21879,2022-11-21,Cup Series,Pune Warriors,Chennai Titans,Home,Windy,2,2,35,12,14,15,3,1,10844,65,Draw,4,0,0,26,-30,30,2022,11,Monday
MTC-20975,2022-11-22,Cup Series,Pune Warriors,Goa Sharks,Neutral,Rainy,4,0,44,12,14,8,4,0,25133,56,Home Win,4,4,4,26,-12,12,2022,11,Tuesday
MTC-23642,2022-11-22,Championship League,Mumbai United,Goa Sharks,Away,Clear,1,3,48,7,12,10,6,0,11094,52,Away Win,4,-2,2,19,-4,4,2022,11,Tuesday
MTC-23423,2022-11-22,Premier Division,Kolkata Strikers,Bengaluru FC,Away,Cloudy,1,2,63,3,14,12,3,0,6274,37,Away Win,3,-1,1,17,26,26,2022,11,Tuesday
MTC-22214,2022-11-22,Cup Series,Bengaluru FC,Kerala Blasters,Home,Cloudy,5,0,41,1,4,10,4,1,64787,59,Home Win,5,5,5,5,-18,18,2022,11,Tuesday
MTC-23709,2022-11-22,Championship League,Pune Warriors,Hyderabad Falcons,Away,Clear,0,1,53,3,14,5,5,1,45852,47,Away Win,1,-1,1,17,6,6,2022,11,Tuesday
MTC-21776,2022-11-23,Cup Series,Hyderabad Falcons,Delhi Dynamos,Away,Rainy,4,2,62,7,12,19,0,1,34612,38,Home Win,6,2,2,19,24,24,2022,11,Wednesday
MTC-20917,2022-11-23,Premier Division,Goa Sharks,Mumbai United,Neutral,Clear,0,5,45,5,13,12,3,1,38561,55,Away Win,5,-5,5,18,-10,10,2022,11,Wednesday
MTC-23742,2022-11-23,Championship League,Kerala Blasters,Kolkata Strikers,Away,Rainy,1,0,51,1,4,18,4,1,40989,49,Home Win,1,1,1,5,2,2,2022,11,Wednesday
MTC-21219,2022-11-24,Cup Series,Bengaluru FC,Jaipur Lions,Home,Rainy,1,3,30,7,11,24,2,1,33395,70,Away Win,4,-2,2,18,-40,40,2022,11,Thursday
MTC-22788,2022-11-24,Premier Division,Bengaluru FC,Kolkata Strikers,Neutral,Rainy,4,0,68,11,10,12,0,0,32395,32,Home Win,4,4,4,21,36,36,2022,11,Thursday
MTC-22839,2022-11-24,Championship League,Kolkata Strikers,Mumbai United,Neutral,Cloudy,3,2,37,10,5,8,2,0,32836,63,Home Win,5,1,1,15,-26,26,2022,11,Thursday
MTC-23204,2022-11-24,Premier Division,Kerala Blasters,Hyderabad Falcons,Away,Windy,2,1,61,6,1,16,1,0,58245,39,Home Win,3,1,1,7,22,22,2022,11,Thursday
MTC-20467,2022-11-25,Cup Series,Kerala Blasters,Goa Sharks,Away,Rainy,3,3,51,9,8,8,4,1,16156,49,Draw,6,0,0,17,2,2,2022,11,Friday
MTC-22233,2022-11-25,Championship League,Mumbai United,Kolkata Strikers,Away,Cloudy,3,1,68,9,0,5,1,1,56688,32,Home Win,4,2,2,9,36,36,2022,11,Friday
MTC-21726,2022-11-25,Championship League,Bengaluru FC,Chennai Titans,Home,Rainy,2,0,55,6,2,8,3,0,63488,45,Home Win,2,2,2,8,10,10,2022,11,Friday
MTC-20802,2022-11-25,Cup Series,Kerala Blasters,Mumbai United,Neutral,Rainy,5,1,52,11,5,24,5,0,49640,48,Home Win,6,4,4,16,4,4,2022,11,Friday
MTC-22537,2022-11-25,Cup Series,Kolkata Strikers,Jaipur Lions,Away,Cloudy,5,3,67,5,14,5,3,0,26303,33,Home Win,8,2,2,19,34,34,2022,11,Friday
MTC-21844,2022-11-26,Premier Division,Chennai Titans,Mumbai United,Away,Cloudy,3,2,59,13,14,16,2,0,60371,41,Home Win,5,1,1,27,18,18,2022,11,Saturday
MTC-23065,2022-11-26,Premier Division,Hyderabad Falcons,Chennai Titans,Neutral,Cloudy,1,2,48,2,3,24,2,0,21978,52,Away Win,3,-1,1,5,-4,4,2022,11,Saturday
MTC-21029,2022-11-26,Premier Division,Kerala Blasters,Goa Sharks,Neutral,Cloudy,5,3,46,1,10,23,4,1,43101,54,Home Win,8,2,2,11,-8,8,2022,11,Saturday
MTC-22429,2022-11-26,Championship League,Jaipur Lions,Bengaluru FC,Away,Rainy,0,2,65,8,12,8,3,0,46054,35,Away Win,2,-2,2,20,30,30,2022,11,Saturday
MTC-23220,2022-11-26,Premier Division,Kolkata Strikers,Bengaluru FC,Home,Cloudy,4,5,33,11,5,18,1,1,22954,67,Away Win,9,-1,1,16,-34,34,2022,11,Saturday
MTC-22461,2022-11-27,Premier Division,Chennai Titans,Bengaluru FC,Home,Clear,3,4,43,13,12,21,2,1,44332,57,Away Win,7,-1,1,25,-14,14,2022,11,Sunday
MTC-23111,2022-11-27,Premier Division,Bengaluru FC,Kerala Blasters,Home,Windy,4,4,65,13,11,24,3,1,6153,35,Draw,8,0,0,24,30,30,2022,11,Sunday
MTC-23219,2022-11-28,Cup Series,Bengaluru FC,Mumbai United,Home,Cloudy,4,3,33,4,12,15,5,0,30762,67,Home Win,7,1,1,16,-34,34,2022,11,Monday
MTC-20750,2022-11-28,Premier Division,Hyderabad Falcons,Chennai Titans,Neutral,Windy,2,2,48,13,1,9,0,1,12792,52,Draw,4,0,0,14,-4,4,2022,11,Monday
MTC-22381,2022-11-28,Championship League,Mumbai United,Goa Sharks,Home,Clear,4,1,66,1,11,17,1,1,40756,34,Home Win,5,3,3,12,32,32,2022,11,Monday
MTC-21323,2022-11-28,Premier Division,Bengaluru FC,Chennai Titans,Away,Windy,0,3,42,6,1,6,1,0,5217,58,Away Win,3,-3,3,7,-16,16,2022,11,Monday
MTC-22284,2022-11-28,Cup Series,Mumbai United,Delhi Dynamos,Home,Rainy,2,0,53,4,12,17,6,1,8798,47,Home Win,2,2,2,16,6,6,2022,11,Monday
MTC-23181,2022-11-28,Premier Division,Chennai Titans,Bengaluru FC,Away,Rainy,4,3,33,13,3,5,3,0,9581,67,Home Win,7,1,1,16,-34,34,2022,11,Monday
MTC-21145,2022-11-28,Championship League,Jaipur Lions,Goa Sharks,Neutral,Rainy,3,2,65,4,11,13,5,0,60495,35,Home Win,5,1,1,15,30,30,2022,11,Monday
MTC-21881,2022-11-28,Cup Series,Pune Warriors,Goa Sharks,Home,Clear,2,3,40,10,4,12,6,1,19452,60,Away Win,5,-1,1,14,-20,20,2022,11,Monday
MTC-21458,2022-11-29,Premier Division,Pune Warriors,Hyderabad Falcons,Home,Clear,3,4,70,8,4,21,3,1,6888,30,Away Win,7,-1,1,12,40,40,2022,11,Tuesday
MTC-23272,2022-11-29,Championship League,Mumbai United,Pune Warriors,Neutral,Cloudy,3,2,52,5,10,12,4,1,34954,48,Home Win,5,1,1,15,4,4,2022,11,Tuesday
MTC-22547,2022-11-29,Premier Division,Chennai Titans,Goa Sharks,Home,Cloudy,5,1,31,3,1,15,5,1,40705,69,Home Win,6,4,4,4,-38,38,2022,11,Tuesday
MTC-20621,2022-11-30,Premier Division,Pune Warriors,Bengaluru FC,Away,Clear,0,3,35,12,0,8,1,1,14923,65,Away Win,3,-3,3,12,-30,30,2022,11,Wednesday
MTC-21294,2022-11-30,Premier Division,Delhi Dynamos,Bengaluru FC,Neutral,Clear,3,0,37,4,12,23,3,1,52667,63,Home Win,3,3,3,16,-26,26,2022,11,Wednesday
MTC-20237,2022-11-30,Premier Division,Kolkata Strikers,Hyderabad Falcons,Home,Cloudy,0,0,36,9,1,9,2,0,44960,64,Draw,0,0,0,10,-28,28,2022,11,Wednesday
MTC-20471,2022-11-30,Championship League,Mumbai United,Hyderabad Falcons,Neutral,Clear,5,3,38,0,1,22,4,0,27345,62,Home Win,8,2,2,1,-24,24,2022,11,Wednesday
MTC-20573,2022-11-30,Championship League,Bengaluru FC,Kerala Blasters,Home,Rainy,4,1,39,10,5,6,2,1,59177,61,Home Win,5,3,3,15,-22,22,2022,11,Wednesday
MTC-20942,2022-12-01,Championship League,Goa Sharks,Delhi Dynamos,Neutral,Windy,1,1,50,0,3,21,3,0,56904,50,Draw,2,0,0,3,0,0,2022,12,Thursday
MTC-20640,2022-12-01,Championship League,Jaipur Lions,Delhi Dynamos,Neutral,Clear,5,0,70,5,5,10,1,0,5075,30,Home Win,5,5,5,10,40,40,2022,12,Thursday
MTC-22872,2022-12-01,Cup Series,Pune Warriors,Delhi Dynamos,Away,Windy,1,2,69,3,5,13,0,1,55273,31,Away Win,3,-1,1,8,38,38,2022,12,Thursday
MTC-23195,2022-12-01,Cup Series,Pune Warriors,Mumbai United,Away,Windy,1,4,48,8,4,23,6,1,40103,52,Away Win,5,-3,3,12,-4,4,2022,12,Thursday
MTC-20410,2022-12-01,Championship League,Chennai Titans,Delhi Dynamos,Home,Windy,3,2,37,8,13,21,3,0,15162,63,Home Win,5,1,1,21,-26,26,2022,12,Thursday
MTC-21200,2022-12-02,Cup Series,Goa Sharks,Hyderabad Falcons,Away,Cloudy,3,2,59,5,13,5,6,1,48454,41,Home Win,5,1,1,18,18,18,2022,12,Friday
MTC-21911,2022-12-02,Premier Division,Delhi Dynamos,Mumbai United,Home,Clear,1,1,42,6,6,22,1,1,46868,58,Draw,2,0,0,12,-16,16,2022,12,Friday
MTC-23193,2022-12-02,Cup Series,Hyderabad Falcons,Chennai Titans,Neutral,Clear,2,1,35,2,10,11,4,0,18963,65,Home Win,3,1,1,12,-30,30,2022,12,Friday
MTC-22732,2022-12-02,Cup Series,Hyderabad Falcons,Pune Warriors,Neutral,Windy,3,3,52,13,10,18,4,1,47604,48,Draw,6,0,0,23,4,4,2022,12,Friday
MTC-23517,2022-12-02,Cup Series,Jaipur Lions,Hyderabad Falcons,Neutral,Rainy,0,4,63,1,14,24,4,1,29943,37,Away Win,4,-4,4,15,26,26,2022,12,Friday
MTC-21767,2022-12-02,Championship League,Chennai Titans,Mumbai United,Neutral,Cloudy,0,1,43,5,10,20,1,0,30985,57,Away Win,1,-1,1,15,-14,14,2022,12,Friday
MTC-20485,2022-12-03,Cup Series,Kolkata Strikers,Goa Sharks,Home,Windy,2,3,52,7,3,17,6,1,59440,48,Away Win,5,-1,1,10,4,4,2022,12,Saturday
MTC-23313,2022-12-03,Cup Series,Kolkata Strikers,Chennai Titans,Away,Cloudy,0,3,59,4,4,18,6,1,29994,41,Away Win,3,-3,3,8,18,18,2022,12,Saturday
MTC-20586,2022-12-03,Championship League,Kolkata Strikers,Bengaluru FC,Neutral,Cloudy,1,2,36,5,2,16,5,1,2377,64,Away Win,3,-1,1,7,-28,28,2022,12,Saturday
MTC-20342,2022-12-03,Cup Series,Bengaluru FC,Jaipur Lions,Away,Clear,5,0,39,5,13,21,4,1,38899,61,Home Win,5,5,5,18,-22,22,2022,12,Saturday
MTC-21638,2022-12-03,Cup Series,Delhi Dynamos,Bengaluru FC,Neutral,Clear,2,0,60,5,2,12,6,1,43808,40,Home Win,2,2,2,7,20,20,2022,12,Saturday
MTC-21869,2022-12-03,Cup Series,Mumbai United,Jaipur Lions,Neutral,Windy,0,2,41,13,7,6,0,0,57577,59,Away Win,2,-2,2,20,-18,18,2022,12,Saturday
MTC-21794,2022-12-03,Championship League,Delhi Dynamos,Goa Sharks,Away,Cloudy,3,1,35,8,11,24,6,0,46046,65,Home Win,4,2,2,19,-30,30,2022,12,Saturday
MTC-21872,2022-12-03,Cup Series,Chennai Titans,Goa Sharks,Neutral,Cloudy,3,2,62,9,13,13,6,0,17017,38,Home Win,5,1,1,22,24,24,2022,12,Saturday
MTC-20326,2022-12-03,Cup Series,Pune Warriors,Delhi Dynamos,Neutral,Clear,3,2,54,10,14,9,5,0,35182,46,Home Win,5,1,1,24,8,8,2022,12,Saturday
MTC-20819,2022-12-04,Premier Division,Kerala Blasters,Hyderabad Falcons,Away,Clear,5,5,45,2,12,9,3,1,21023,55,Draw,10,0,0,14,-10,10,2022,12,Sunday
MTC-23503,2022-12-04,Cup Series,Jaipur Lions,Chennai Titans,Away,Rainy,3,0,46,5,1,10,6,1,28529,54,Home Win,3,3,3,6,-8,8,2022,12,Sunday
MTC-23618,2022-12-04,Championship League,Pune Warriors,Goa Sharks,Neutral,Windy,0,2,47,12,3,24,2,1,54364,53,Away Win,2,-2,2,15,-6,6,2022,12,Sunday
MTC-22718,2022-12-04,Premier Division,Delhi Dynamos,Jaipur Lions,Home,Clear,1,3,69,4,0,12,6,1,2654,31,Away Win,4,-2,2,4,38,38,2022,12,Sunday
MTC-20732,2022-12-04,Championship League,Jaipur Lions,Kolkata Strikers,Away,Rainy,3,4,35,0,3,6,3,1,5000,65,Away Win,7,-1,1,3,-30,30,2022,12,Sunday
MTC-21324,2022-12-05,Cup Series,Delhi Dynamos,Mumbai United,Home,Cloudy,1,1,33,10,10,22,6,1,46480,67,Draw,2,0,0,20,-34,34,2022,12,Monday
MTC-21005,2022-12-05,Cup Series,Kerala Blasters,Pune Warriors,Home,Windy,3,0,38,8,9,20,2,1,50970,62,Home Win,3,3,3,17,-24,24,2022,12,Monday
MTC-21417,2022-12-06,Cup Series,Delhi Dynamos,Mumbai United,Neutral,Windy,2,4,47,1,5,24,0,0,19189,53,Away Win,6,-2,2,6,-6,6,2022,12,Tuesday
MTC-23249,2022-12-06,Cup Series,Goa Sharks,Jaipur Lions,Neutral,Cloudy,0,4,42,12,3,7,4,0,16693,58,Away Win,4,-4,4,15,-16,16,2022,12,Tuesday
MTC-22684,2022-12-06,Cup Series,Mumbai United,Pune Warriors,Away,Windy,2,0,63,1,0,19,4,1,49685,37,Home Win,2,2,2,1,26,26,2022,12,Tuesday
MTC-23275,2022-12-07,Championship League,Kerala Blasters,Bengaluru FC,Away,Clear,0,4,42,13,11,15,4,0,59119,58,Away Win,4,-4,4,24,-16,16,2022,12,Wednesday
MTC-20089,2022-12-07,Championship League,Hyderabad Falcons,Jaipur Lions,Home,Clear,5,3,53,13,13,14,6,1,6940,47,Home Win,8,2,2,26,6,6,2022,12,Wednesday
MTC-21742,2022-12-07,Premier Division,Pune Warriors,Jaipur Lions,Away,Rainy,3,2,65,7,0,21,0,0,8399,35,Home Win,5,1,1,7,30,30,2022,12,Wednesday
MTC-20101,2022-12-08,Premier Division,Chennai Titans,Pune Warriors,Neutral,Rainy,0,3,58,10,14,10,4,1,18982,42,Away Win,3,-3,3,24,16,16,2022,12,Thursday
MTC-23257,2022-12-08,Cup Series,Bengaluru FC,Delhi Dynamos,Away,Windy,2,2,51,0,8,16,0,1,53236,49,Draw,4,0,0,8,2,2,2022,12,Thursday
MTC-23445,2022-12-09,Premier Division,Goa Sharks,Bengaluru FC,Home,Rainy,1,3,38,14,10,20,5,1,21076,62,Away Win,4,-2,2,24,-24,24,2022,12,Friday
MTC-23719,2022-12-09,Championship League,Jaipur Lions,Kerala Blasters,Home,Cloudy,2,2,47,12,13,19,3,1,27874,53,Draw,4,0,0,25,-6,6,2022,12,Friday
MTC-20685,2022-12-09,Cup Series,Goa Sharks,Hyderabad Falcons,Neutral,Cloudy,4,2,69,12,1,12,1,1,20614,31,Home Win,6,2,2,13,38,38,2022,12,Friday
MTC-20425,2022-12-09,Championship League,Delhi Dynamos,Kerala Blasters,Neutral,Clear,5,4,50,11,7,24,2,1,26280,50,Home Win,9,1,1,18,0,0,2022,12,Friday
MTC-20018,2022-12-09,Premier Division,Delhi Dynamos,Goa Sharks,Home,Windy,0,3,32,7,0,24,5,0,14575,68,Away Win,3,-3,3,7,-36,36,2022,12,Friday
MTC-23450,2022-12-09,Championship League,Hyderabad Falcons,Kolkata Strikers,Neutral,Cloudy,1,4,49,13,0,15,4,0,18675,51,Away Win,5,-3,3,13,-2,2,2022,12,Friday
MTC-22710,2022-12-09,Cup Series,Bengaluru FC,Kolkata Strikers,Home,Rainy,5,2,39,0,0,16,6,0,51558,61,Home Win,7,3,3,0,-22,22,2022,12,Friday
MTC-20503,2022-12-10,Championship League,Pune Warriors,Goa Sharks,Neutral,Clear,2,5,53,11,1,16,2,0,33512,47,Away Win,7,-3,3,12,6,6,2022,12,Saturday
MTC-21340,2022-12-10,Cup Series,Pune Warriors,Kolkata Strikers,Away,Clear,3,4,34,4,1,23,0,1,8711,66,Away Win,7,-1,1,5,-32,32,2022,12,Saturday
MTC-23658,2022-12-11,Cup Series,Kerala Blasters,Jaipur Lions,Away,Rainy,1,4,51,9,8,23,6,0,3665,49,Away Win,5,-3,3,17,2,2,2022,12,Sunday
MTC-20566,2022-12-11,Premier Division,Bengaluru FC,Chennai Titans,Home,Windy,1,1,48,12,8,11,6,1,13402,52,Draw,2,0,0,20,-4,4,2022,12,Sunday
MTC-21022,2022-12-11,Premier Division,Kerala Blasters,Pune Warriors,Away,Rainy,0,3,37,10,2,8,4,1,8931,63,Away Win,3,-3,3,12,-26,26,2022,12,Sunday
MTC-20165,2022-12-11,Premier Division,Pune Warriors,Kerala Blasters,Neutral,Clear,5,5,63,2,9,14,5,1,56431,37,Draw,10,0,0,11,26,26,2022,12,Sunday
MTC-21965,2022-12-13,Premier Division,Jaipur Lions,Delhi Dynamos,Away,Rainy,4,2,33,11,10,16,2,0,24028,67,Home Win,6,2,2,21,-34,34,2022,12,Tuesday
MTC-20972,2022-12-13,Cup Series,Jaipur Lions,Bengaluru FC,Neutral,Cloudy,4,0,40,9,6,6,1,0,47327,60,Home Win,4,4,4,15,-20,20,2022,12,Tuesday
MTC-23217,2022-12-13,Premier Division,Kolkata Strikers,Jaipur Lions,Away,Clear,2,5,60,10,1,8,1,1,17000,40,Away Win,7,-3,3,11,20,20,2022,12,Tuesday
MTC-20391,2022-12-13,Championship League,Hyderabad Falcons,Kolkata Strikers,Away,Windy,1,2,67,6,10,14,6,0,27712,33,Away Win,3,-1,1,16,34,34,2022,12,Tuesday
MTC-20041,2022-12-13,Cup Series,Bengaluru FC,Pune Warriors,Away,Clear,2,4,34,0,1,11,2,0,42321,66,Away Win,6,-2,2,1,-32,32,2022,12,Tuesday
MTC-20423,2022-12-14,Premier Division,Chennai Titans,Delhi Dynamos,Neutral,Cloudy,3,5,31,2,14,16,3,0,55503,69,Away Win,8,-2,2,16,-38,38,2022,12,Wednesday
MTC-23267,2022-12-14,Cup Series,Goa Sharks,Bengaluru FC,Home,Clear,1,5,51,0,12,21,5,0,64164,49,Away Win,6,-4,4,12,2,2,2022,12,Wednesday
MTC-21159,2022-12-14,Premier Division,Bengaluru FC,Hyderabad Falcons,Neutral,Cloudy,2,0,30,4,8,18,0,0,2560,70,Home Win,2,2,2,12,-40,40,2022,12,Wednesday
MTC-23008,2022-12-14,Cup Series,Chennai Titans,Hyderabad Falcons,Away,Rainy,4,5,34,2,14,18,5,1,55953,66,Away Win,9,-1,1,16,-32,32,2022,12,Wednesday
MTC-22594,2022-12-14,Cup Series,Bengaluru FC,Chennai Titans,Home,Windy,4,3,63,4,2,23,1,1,8276,37,Home Win,7,1,1,6,26,26,2022,12,Wednesday
MTC-22440,2022-12-15,Cup Series,Chennai Titans,Mumbai United,Home,Clear,3,1,58,2,7,16,5,1,58814,42,Home Win,4,2,2,9,16,16,2022,12,Thursday
MTC-23599,2022-12-15,Championship League,Delhi Dynamos,Chennai Titans,Neutral,Cloudy,3,5,62,8,0,9,5,0,6905,38,Away Win,8,-2,2,8,24,24,2022,12,Thursday
MTC-20373,2022-12-15,Championship League,Mumbai United,Jaipur Lions,Home,Clear,4,5,31,13,13,9,1,0,17557,69,Away Win,9,-1,1,26,-38,38,2022,12,Thursday
MTC-22133,2022-12-15,Championship League,Goa Sharks,Hyderabad Falcons,Away,Rainy,5,2,41,12,7,23,2,1,31390,59,Home Win,7,3,3,19,-18,18,2022,12,Thursday
MTC-21950,2022-12-15,Cup Series,Hyderabad Falcons,Kolkata Strikers,Neutral,Rainy,4,1,49,5,6,6,6,1,39902,51,Home Win,5,3,3,11,-2,2,2022,12,Thursday
MTC-21970,2022-12-16,Cup Series,Hyderabad Falcons,Mumbai United,Away,Clear,0,0,61,3,5,23,5,1,63146,39,Draw,0,0,0,8,22,22,2022,12,Friday
MTC-23589,2022-12-16,Championship League,Bengaluru FC,Mumbai United,Home,Rainy,0,2,64,3,7,20,3,1,7480,36,Away Win,2,-2,2,10,28,28,2022,12,Friday
MTC-23032,2022-12-16,Championship League,Jaipur Lions,Bengaluru FC,Away,Rainy,1,2,32,5,3,23,4,0,53672,68,Away Win,3,-1,1,8,-36,36,2022,12,Friday
MTC-22078,2022-12-16,Cup Series,Pune Warriors,Chennai Titans,Away,Clear,0,1,58,10,14,23,6,0,33803,42,Away Win,1,-1,1,24,16,16,2022,12,Friday
MTC-23357,2022-12-16,Premier Division,Delhi Dynamos,Goa Sharks,Neutral,Cloudy,1,1,43,12,6,22,2,0,3551,57,Draw,2,0,0,18,-14,14,2022,12,Friday
MTC-21606,2022-12-17,Championship League,Chennai Titans,Kolkata Strikers,Away,Windy,2,3,45,9,3,24,1,0,40422,55,Away Win,5,-1,1,12,-10,10,2022,12,Saturday
MTC-20035,2022-12-17,Premier Division,Goa Sharks,Jaipur Lions,Neutral,Clear,4,4,68,3,12,8,6,0,12754,32,Draw,8,0,0,15,36,36,2022,12,Saturday
MTC-23022,2022-12-18,Championship League,Bengaluru FC,Delhi Dynamos,Away,Cloudy,2,2,33,11,0,24,3,0,49336,67,Draw,4,0,0,11,-34,34,2022,12,Sunday
MTC-22661,2022-12-18,Championship League,Hyderabad Falcons,Mumbai United,Home,Clear,4,5,38,13,8,14,6,0,58250,62,Away Win,9,-1,1,21,-24,24,2022,12,Sunday
MTC-22464,2022-12-18,Championship League,Goa Sharks,Kolkata Strikers,Home,Cloudy,3,4,31,1,4,6,0,0,30876,69,Away Win,7,-1,1,5,-38,38,2022,12,Sunday
MTC-23533,2022-12-18,Cup Series,Hyderabad Falcons,Pune Warriors,Home,Cloudy,3,2,44,1,8,24,0,0,14593,56,Home Win,5,1,1,9,-12,12,2022,12,Sunday
MTC-20424,2022-12-19,Cup Series,Delhi Dynamos,Pune Warriors,Away,Clear,4,5,43,1,4,13,3,0,27508,57,Away Win,9,-1,1,5,-14,14,2022,12,Monday
MTC-20385,2022-12-19,Cup Series,Mumbai United,Hyderabad Falcons,Home,Rainy,0,2,32,0,0,23,5,0,14059,68,Away Win,2,-2,2,0,-36,36,2022,12,Monday
MTC-22266,2022-12-19,Cup Series,Kolkata Strikers,Pune Warriors,Away,Clear,0,1,45,4,4,9,1,1,58188,55,Away Win,1,-1,1,8,-10,10,2022,12,Monday
MTC-23562,2022-12-19,Cup Series,Kerala Blasters,Delhi Dynamos,Away,Windy,0,2,32,6,1,22,0,0,60727,68,Away Win,2,-2,2,7,-36,36,2022,12,Monday
MTC-21070,2022-12-19,Premier Division,Kerala Blasters,Hyderabad Falcons,Neutral,Windy,0,2,56,4,8,10,5,1,55551,44,Away Win,2,-2,2,12,12,12,2022,12,Monday
MTC-22175,2022-12-19,Premier Division,Pune Warriors,Hyderabad Falcons,Neutral,Clear,5,5,37,1,10,17,4,1,11381,63,Draw,10,0,0,11,-26,26,2022,12,Monday
MTC-22299,2022-12-19,Cup Series,Kolkata Strikers,Goa Sharks,Away,Cloudy,2,2,62,7,1,16,3,0,38900,38,Draw,4,0,0,8,24,24,2022,12,Monday
MTC-23762,2022-12-19,Championship League,Kolkata Strikers,Chennai Titans,Neutral,Cloudy,3,0,64,4,8,19,5,0,9214,36,Home Win,3,3,3,12,28,28,2022,12,Monday
MTC-22633,2022-12-20,Cup Series,Kolkata Strikers,Jaipur Lions,Away,Cloudy,3,2,50,10,10,13,4,0,42267,50,Home Win,5,1,1,20,0,0,2022,12,Tuesday
MTC-22273,2022-12-20,Cup Series,Delhi Dynamos,Pune Warriors,Neutral,Clear,3,4,36,14,12,7,3,1,45540,64,Away Win,7,-1,1,26,-28,28,2022,12,Tuesday
MTC-22150,2022-12-20,Championship League,Jaipur Lions,Mumbai United,Home,Rainy,3,5,46,0,9,23,6,0,48630,54,Away Win,8,-2,2,9,-8,8,2022,12,Tuesday
MTC-20523,2022-12-20,Cup Series,Goa Sharks,Delhi Dynamos,Neutral,Rainy,1,2,41,5,6,16,0,0,37049,59,Away Win,3,-1,1,11,-18,18,2022,12,Tuesday
MTC-22702,2022-12-20,Championship League,Hyderabad Falcons,Mumbai United,Neutral,Windy,4,0,61,12,4,13,4,1,47849,39,Home Win,4,4,4,16,22,22,2022,12,Tuesday
MTC-20631,2022-12-21,Championship League,Kerala Blasters,Hyderabad Falcons,Away,Clear,0,0,65,5,2,13,5,0,43985,35,Draw,0,0,0,7,30,30,2022,12,Wednesday
MTC-22809,2022-12-21,Cup Series,Jaipur Lions,Kolkata Strikers,Neutral,Rainy,1,5,52,14,2,12,0,1,54604,48,Away Win,6,-4,4,16,4,4,2022,12,Wednesday
MTC-22376,2022-12-21,Championship League,Goa Sharks,Mumbai United,Away,Cloudy,3,2,42,7,0,10,1,0,44346,58,Home Win,5,1,1,7,-16,16,2022,12,Wednesday
MTC-23426,2022-12-22,Championship League,Goa Sharks,Kolkata Strikers,Away,Clear,0,0,45,1,4,13,2,1,28399,55,Draw,0,0,0,5,-10,10,2022,12,Thursday
MTC-21441,2022-12-23,Championship League,Delhi Dynamos,Jaipur Lions,Away,Clear,4,3,41,4,9,8,2,1,16264,59,Home Win,7,1,1,13,-18,18,2022,12,Friday
MTC-22650,2022-12-23,Championship League,Bengaluru FC,Hyderabad Falcons,Away,Windy,5,2,66,7,8,11,2,1,18108,34,Home Win,7,3,3,15,32,32,2022,12,Friday
MTC-20265,2022-12-23,Cup Series,Chennai Titans,Mumbai United,Neutral,Windy,0,4,50,1,0,5,3,0,56688,50,Away Win,4,-4,4,1,0,0,2022,12,Friday
MTC-20999,2022-12-23,Cup Series,Delhi Dynamos,Kerala Blasters,Away,Cloudy,4,1,56,13,7,5,6,0,42358,44,Home Win,5,3,3,20,12,12,2022,12,Friday
MTC-21984,2022-12-23,Premier Division,Pune Warriors,Delhi Dynamos,Away,Clear,4,4,59,11,2,13,6,0,60387,41,Draw,8,0,0,13,18,18,2022,12,Friday
MTC-22669,2022-12-24,Cup Series,Pune Warriors,Bengaluru FC,Away,Rainy,4,4,60,6,13,13,1,1,32096,40,Draw,8,0,0,19,20,20,2022,12,Saturday
MTC-20133,2022-12-24,Premier Division,Kolkata Strikers,Chennai Titans,Neutral,Cloudy,3,3,36,9,6,15,3,1,37243,64,Draw,6,0,0,15,-28,28,2022,12,Saturday
MTC-23329,2022-12-24,Premier Division,Mumbai United,Kerala Blasters,Neutral,Clear,5,1,64,2,11,19,1,0,51202,36,Home Win,6,4,4,13,28,28,2022,12,Saturday
MTC-21959,2022-12-24,Premier Division,Goa Sharks,Kerala Blasters,Away,Rainy,2,0,59,14,11,6,0,0,32641,41,Home Win,2,2,2,25,18,18,2022,12,Saturday
MTC-23501,2022-12-24,Premier Division,Kerala Blasters,Bengaluru FC,Away,Cloudy,1,5,42,10,6,23,3,1,6817,58,Away Win,6,-4,4,16,-16,16,2022,12,Saturday
MTC-21787,2022-12-25,Cup Series,Chennai Titans,Kerala Blasters,Home,Windy,4,3,53,9,4,12,5,0,8725,47,Home Win,7,1,1,13,6,6,2022,12,Sunday
MTC-23656,2022-12-25,Premier Division,Chennai Titans,Jaipur Lions,Home,Rainy,2,2,38,9,6,10,1,0,6348,62,Draw,4,0,0,15,-24,24,2022,12,Sunday
MTC-21772,2022-12-25,Cup Series,Jaipur Lions,Hyderabad Falcons,Away,Cloudy,5,3,56,1,1,21,6,0,41675,44,Home Win,8,2,2,2,12,12,2022,12,Sunday
MTC-20949,2022-12-25,Cup Series,Pune Warriors,Bengaluru FC,Away,Clear,0,3,51,1,14,16,6,0,15209,49,Away Win,3,-3,3,15,2,2,2022,12,Sunday
MTC-23620,2022-12-25,Cup Series,Kerala Blasters,Hyderabad Falcons,Home,Rainy,0,5,32,13,3,14,2,1,42584,68,Away Win,5,-5,5,16,-36,36,2022,12,Sunday
MTC-22480,2022-12-25,Premier Division,Mumbai United,Pune Warriors,Home,Rainy,0,1,42,4,4,9,6,1,33498,58,Away Win,1,-1,1,8,-16,16,2022,12,Sunday
MTC-23495,2022-12-26,Cup Series,Kerala Blasters,Chennai Titans,Neutral,Windy,2,5,43,2,9,16,1,1,18061,57,Away Win,7,-3,3,11,-14,14,2022,12,Monday
MTC-22644,2022-12-26,Championship League,Bengaluru FC,Hyderabad Falcons,Away,Cloudy,5,3,52,2,6,19,5,0,34233,48,Home Win,8,2,2,8,4,4,2022,12,Monday
MTC-22845,2022-12-26,Championship League,Kerala Blasters,Bengaluru FC,Neutral,Cloudy,1,3,34,8,4,5,6,0,12052,66,Away Win,4,-2,2,12,-32,32,2022,12,Monday
MTC-22577,2022-12-26,Premier Division,Jaipur Lions,Chennai Titans,Away,Rainy,4,4,63,8,7,7,1,0,17254,37,Draw,8,0,0,15,26,26,2022,12,Monday
MTC-21224,2022-12-27,Premier Division,Chennai Titans,Kerala Blasters,Away,Cloudy,3,0,65,2,14,20,5,0,59584,35,Home Win,3,3,3,16,30,30,2022,12,Tuesday
MTC-22127,2022-12-27,Cup Series,Goa Sharks,Jaipur Lions,Away,Cloudy,1,2,50,4,12,10,3,0,53845,50,Away Win,3,-1,1,16,0,0,2022,12,Tuesday
MTC-20634,2022-12-27,Cup Series,Chennai Titans,Bengaluru FC,Neutral,Cloudy,3,5,41,0,7,17,0,0,57847,59,Away Win,8,-2,2,7,-18,18,2022,12,Tuesday
MTC-22275,2022-12-27,Championship League,Chennai Titans,Pune Warriors,Away,Clear,2,5,36,1,4,15,4,1,44333,64,Away Win,7,-3,3,5,-28,28,2022,12,Tuesday
MTC-22252,2022-12-27,Cup Series,Mumbai United,Bengaluru FC,Away,Windy,3,2,51,10,6,9,5,0,6601,49,Home Win,5,1,1,16,2,2,2022,12,Tuesday
MTC-21751,2022-12-27,Championship League,Bengaluru FC,Goa Sharks,Neutral,Windy,0,1,48,12,6,16,4,0,20321,52,Away Win,1,-1,1,18,-4,4,2022,12,Tuesday
MTC-22674,2022-12-27,Premier Division,Chennai Titans,Pune Warriors,Home,Rainy,4,2,42,3,1,19,0,1,57764,58,Home Win,6,2,2,4,-16,16,2022,12,Tuesday
MTC-22655,2022-12-28,Premier Division,Mumbai United,Bengaluru FC,Neutral,Windy,4,4,44,13,9,21,5,1,15220,56,Draw,8,0,0,22,-12,12,2022,12,Wednesday
MTC-21580,2022-12-28,Championship League,Mumbai United,Jaipur Lions,Neutral,Cloudy,2,5,70,2,7,5,1,0,37950,30,Away Win,7,-3,3,9,40,40,2022,12,Wednesday
MTC-22229,2022-12-28,Championship League,Goa Sharks,Bengaluru FC,Home,Clear,1,2,52,11,2,18,4,0,9104,48,Away Win,3,-1,1,13,4,4,2022,12,Wednesday
MTC-22217,2022-12-28,Cup Series,Goa Sharks,Hyderabad Falcons,Home,Clear,1,2,61,12,3,12,0,0,18646,39,Away Win,3,-1,1,15,22,22,2022,12,Wednesday
MTC-21703,2022-12-29,Championship League,Bengaluru FC,Mumbai United,Neutral,Clear,4,4,46,2,3,21,6,0,37090,54,Draw,8,0,0,5,-8,8,2022,12,Thursday
MTC-21756,2022-12-29,Premier Division,Pune Warriors,Mumbai United,Home,Clear,3,3,63,6,6,15,4,1,53022,37,Draw,6,0,0,12,26,26,2022,12,Thursday
MTC-20993,2022-12-29,Cup Series,Kerala Blasters,Mumbai United,Home,Clear,3,2,67,14,14,18,1,0,27467,33,Home Win,5,1,1,28,34,34,2022,12,Thursday
MTC-22967,2022-12-29,Premier Division,Delhi Dynamos,Pune Warriors,Away,Clear,4,4,69,6,7,18,5,1,56808,31,Draw,8,0,0,13,38,38,2022,12,Thursday
MTC-20046,2022-12-29,Premier Division,Delhi Dynamos,Kerala Blasters,Away,Clear,2,2,67,8,10,10,5,0,37573,33,Draw,4,0,0,18,34,34,2022,12,Thursday
MTC-23487,2022-12-30,Championship League,Jaipur Lions,Mumbai United,Away,Cloudy,4,3,62,4,12,21,4,1,4635,38,Home Win,7,1,1,16,24,24,2022,12,Friday
MTC-20976,2022-12-30,Cup Series,Goa Sharks,Chennai Titans,Home,Windy,5,5,70,7,10,19,2,1,47294,30,Draw,10,0,0,17,40,40,2022,12,Friday
MTC-22765,2022-12-30,Premier Division,Chennai Titans,Jaipur Lions,Neutral,Cloudy,3,5,44,1,7,10,3,1,14145,56,Away Win,8,-2,2,8,-12,12,2022,12,Friday
MTC-21628,2022-12-30,Championship League,Goa Sharks,Bengaluru FC,Neutral,Rainy,5,4,60,8,7,23,0,1,6722,40,Home Win,9,1,1,15,20,20,2022,12,Friday
MTC-21992,2022-12-30,Premier Division,Hyderabad Falcons,Chennai Titans,Away,Clear,2,3,64,11,9,13,3,1,21297,36,Away Win,5,-1,1,20,28,28,2022,12,Friday
MTC-22208,2022-12-30,Championship League,Kerala Blasters,Chennai Titans,Neutral,Cloudy,4,2,51,5,5,9,5,1,42061,49,Home Win,6,2,2,10,2,2,2022,12,Friday
MTC-20836,2022-12-30,Cup Series,Kolkata Strikers,Bengaluru FC,Neutral,Cloudy,1,3,69,8,2,8,1,0,9231,31,Away Win,4,-2,2,10,38,38,2022,12,Friday
MTC-22541,2022-12-31,Premier Division,Hyderabad Falcons,Kerala Blasters,Home,Clear,1,5,33,12,9,19,5,1,14480,67,Away Win,6,-4,4,21,-34,34,2022,12,Saturday
MTC-22071,2022-12-31,Championship League,Jaipur Lions,Goa Sharks,Home,Clear,4,4,68,8,4,21,2,0,41143,32,Draw,8,0,0,12,36,36,2022,12,Saturday
MTC-21758,2022-12-31,Premier Division,Chennai Titans,Goa Sharks,Away,Cloudy,3,1,38,10,5,24,2,1,9138,62,Home Win,4,2,2,15,-24,24,2022,12,Saturday
MTC-22608,2023-01-01,Cup Series,Bengaluru FC,Kolkata Strikers,Away,Cloudy,4,1,37,10,7,17,5,1,38275,63,Home Win,5,3,3,17,-26,26,2023,1,Sunday
MTC-22712,2023-01-01,Championship League,Bengaluru FC,Jaipur Lions,Away,Rainy,5,5,70,11,3,8,4,0,12779,30,Draw,10,0,0,14,40,40,2023,1,Sunday
MTC-22642,2023-01-01,Championship League,Chennai Titans,Goa Sharks,Away,Windy,0,2,44,3,8,7,1,0,39207,56,Away Win,2,-2,2,11,-12,12,2023,1,Sunday
MTC-22994,2023-01-01,Cup Series,Jaipur Lions,Kolkata Strikers,Away,Windy,1,0,42,2,2,13,2,1,37508,58,Home Win,1,1,1,4,-16,16,2023,1,Sunday
MTC-20830,2023-01-01,Championship League,Mumbai United,Hyderabad Falcons,Home,Cloudy,1,0,61,1,13,24,5,0,58441,39,Home Win,1,1,1,14,22,22,2023,1,Sunday
MTC-21882,2023-01-01,Premier Division,Hyderabad Falcons,Delhi Dynamos,Neutral,Clear,4,4,30,10,6,15,0,1,56467,70,Draw,8,0,0,16,-40,40,2023,1,Sunday
MTC-21475,2023-01-02,Championship League,Goa Sharks,Jaipur Lions,Neutral,Clear,3,3,32,9,7,20,3,0,12874,68,Draw,6,0,0,16,-36,36,2023,1,Monday
MTC-21907,2023-01-02,Championship League,Mumbai United,Chennai Titans,Neutral,Clear,4,4,69,2,3,12,4,0,16686,31,Draw,8,0,0,5,38,38,2023,1,Monday
MTC-20645,2023-01-02,Championship League,Goa Sharks,Mumbai United,Away,Cloudy,1,3,44,9,10,18,4,1,32154,56,Away Win,4,-2,2,19,-12,12,2023,1,Monday
MTC-22615,2023-01-02,Cup Series,Goa Sharks,Kerala Blasters,Neutral,Rainy,4,4,60,5,8,6,6,1,2474,40,Draw,8,0,0,13,20,20,2023,1,Monday
MTC-21112,2023-01-02,Cup Series,Kerala Blasters,Jaipur Lions,Home,Clear,4,2,59,5,8,9,2,1,16920,41,Home Win,6,2,2,13,18,18,2023,1,Monday
MTC-23394,2023-01-02,Championship League,Mumbai United,Bengaluru FC,Home,Windy,2,5,57,2,4,17,6,0,34241,43,Away Win,7,-3,3,6,14,14,2023,1,Monday
MTC-20777,2023-01-03,Cup Series,Kerala Blasters,Kolkata Strikers,Neutral,Windy,3,0,33,8,12,21,6,0,48911,67,Home Win,3,3,3,20,-34,34,2023,1,Tuesday
MTC-22609,2023-01-03,Cup Series,Hyderabad Falcons,Bengaluru FC,Neutral,Cloudy,5,2,64,1,14,12,2,1,40561,36,Home Win,7,3,3,15,28,28,2023,1,Tuesday
MTC-21814,2023-01-03,Championship League,Delhi Dynamos,Chennai Titans,Neutral,Cloudy,0,4,66,8,3,8,1,0,12285,34,Away Win,4,-4,4,11,32,32,2023,1,Tuesday
MTC-21290,2023-01-04,Premier Division,Kolkata Strikers,Delhi Dynamos,Neutral,Rainy,5,1,33,13,0,5,4,0,27022,67,Home Win,6,4,4,13,-34,34,2023,1,Wednesday
MTC-23019,2023-01-04,Championship League,Mumbai United,Jaipur Lions,Home,Cloudy,1,4,49,14,13,18,3,1,4741,51,Away Win,5,-3,3,27,-2,2,2023,1,Wednesday
MTC-21428,2023-01-04,Premier Division,Chennai Titans,Delhi Dynamos,Neutral,Windy,0,3,66,0,4,24,3,0,34895,34,Away Win,3,-3,3,4,32,32,2023,1,Wednesday
MTC-21927,2023-01-04,Cup Series,Bengaluru FC,Kolkata Strikers,Home,Clear,4,3,32,4,7,12,3,1,6243,68,Home Win,7,1,1,11,-36,36,2023,1,Wednesday
MTC-20186,2023-01-05,Championship League,Goa Sharks,Kerala Blasters,Neutral,Clear,1,3,38,6,4,9,0,0,54957,62,Away Win,4,-2,2,10,-24,24,2023,1,Thursday
MTC-22665,2023-01-05,Cup Series,Chennai Titans,Kolkata Strikers,Home,Clear,1,2,60,10,0,16,0,0,11066,40,Away Win,3,-1,1,10,20,20,2023,1,Thursday
MTC-21229,2023-01-06,Cup Series,Mumbai United,Jaipur Lions,Neutral,Cloudy,2,2,66,12,12,18,1,1,57981,34,Draw,4,0,0,24,32,32,2023,1,Friday
MTC-20992,2023-01-06,Cup Series,Bengaluru FC,Kolkata Strikers,Away,Windy,1,2,38,5,14,8,2,1,47214,62,Away Win,3,-1,1,19,-24,24,2023,1,Friday
MTC-22890,2023-01-06,Premier Division,Jaipur Lions,Pune Warriors,Home,Clear,2,2,63,13,10,8,3,0,17794,37,Draw,4,0,0,23,26,26,2023,1,Friday
MTC-23708,2023-01-06,Championship League,Mumbai United,Goa Sharks,Home,Clear,0,4,33,13,9,17,4,0,20259,67,Away Win,4,-4,4,22,-34,34,2023,1,Friday
MTC-20019,2023-01-06,Premier Division,Kolkata Strikers,Hyderabad Falcons,Home,Cloudy,4,3,64,0,3,6,0,1,45874,36,Home Win,7,1,1,3,28,28,2023,1,Friday
MTC-20713,2023-01-07,Cup Series,Kerala Blasters,Mumbai United,Neutral,Windy,5,2,33,9,2,19,0,1,13680,67,Home Win,7,3,3,11,-34,34,2023,1,Saturday
MTC-22158,2023-01-07,Championship League,Hyderabad Falcons,Bengaluru FC,Neutral,Cloudy,2,2,43,6,12,11,2,1,9093,57,Draw,4,0,0,18,-14,14,2023,1,Saturday
MTC-23216,2023-01-07,Championship League,Jaipur Lions,Pune Warriors,Home,Rainy,4,1,57,6,2,19,6,0,62736,43,Home Win,5,3,3,8,14,14,2023,1,Saturday
MTC-20129,2023-01-08,Premier Division,Kolkata Strikers,Bengaluru FC,Home,Clear,2,1,47,12,2,10,3,1,42902,53,Home Win,3,1,1,14,-6,6,2023,1,Sunday
MTC-21125,2023-01-08,Cup Series,Kolkata Strikers,Goa Sharks,Home,Cloudy,4,5,31,7,4,15,2,1,15100,69,Away Win,9,-1,1,11,-38,38,2023,1,Sunday
MTC-23353,2023-01-08,Championship League,Kolkata Strikers,Goa Sharks,Neutral,Rainy,1,2,30,12,7,20,3,0,4991,70,Away Win,3,-1,1,19,-40,40,2023,1,Sunday
MTC-22286,2023-01-08,Cup Series,Goa Sharks,Jaipur Lions,Away,Clear,3,1,61,14,3,10,3,0,18369,39,Home Win,4,2,2,17,22,22,2023,1,Sunday
MTC-20806,2023-01-09,Premier Division,Bengaluru FC,Kolkata Strikers,Neutral,Clear,1,3,59,8,0,12,6,0,63509,41,Away Win,4,-2,2,8,18,18,2023,1,Monday
MTC-20504,2023-01-09,Premier Division,Bengaluru FC,Kolkata Strikers,Home,Rainy,0,4,46,13,10,21,6,0,16544,54,Away Win,4,-4,4,23,-8,8,2023,1,Monday
MTC-21994,2023-01-09,Championship League,Kerala Blasters,Pune Warriors,Away,Windy,5,3,69,7,2,18,2,1,39299,31,Home Win,8,2,2,9,38,38,2023,1,Monday
MTC-23608,2023-01-10,Championship League,Pune Warriors,Bengaluru FC,Home,Rainy,3,4,49,3,1,19,1,1,39808,51,Away Win,7,-1,1,4,-2,2,2023,1,Tuesday
MTC-21003,2023-01-10,Premier Division,Kerala Blasters,Bengaluru FC,Home,Windy,1,4,43,5,8,15,6,1,3644,57,Away Win,5,-3,3,13,-14,14,2023,1,Tuesday
MTC-22932,2023-01-10,Cup Series,Hyderabad Falcons,Delhi Dynamos,Away,Clear,0,4,30,12,11,22,4,0,15065,70,Away Win,4,-4,4,23,-40,40,2023,1,Tuesday
MTC-20648,2023-01-10,Cup Series,Chennai Titans,Kerala Blasters,Neutral,Cloudy,4,5,57,5,12,9,2,0,63001,43,Away Win,9,-1,1,17,14,14,2023,1,Tuesday
MTC-21329,2023-01-10,Premier Division,Kolkata Strikers,Chennai Titans,Away,Rainy,4,5,33,4,3,7,2,0,56972,67,Away Win,9,-1,1,7,-34,34,2023,1,Tuesday
MTC-20039,2023-01-10,Championship League,Jaipur Lions,Hyderabad Falcons,Neutral,Windy,1,0,35,1,13,19,3,0,47401,65,Home Win,1,1,1,14,-30,30,2023,1,Tuesday
MTC-22357,2023-01-11,Premier Division,Kolkata Strikers,Kerala Blasters,Away,Cloudy,2,2,41,14,11,17,3,0,62313,59,Draw,4,0,0,25,-18,18,2023,1,Wednesday
MTC-20878,2023-01-11,Premier Division,Goa Sharks,Kolkata Strikers,Away,Cloudy,5,5,32,0,1,6,1,0,28063,68,Draw,10,0,0,1,-36,36,2023,1,Wednesday
MTC-22998,2023-01-11,Premier Division,Pune Warriors,Bengaluru FC,Neutral,Windy,3,1,53,8,4,22,4,0,20415,47,Home Win,4,2,2,12,6,6,2023,1,Wednesday
MTC-21769,2023-01-11,Championship League,Mumbai United,Goa Sharks,Home,Rainy,5,5,62,11,3,12,4,1,39384,38,Draw,10,0,0,14,24,24,2023,1,Wednesday
MTC-21828,2023-01-11,Cup Series,Hyderabad Falcons,Delhi Dynamos,Home,Clear,4,1,38,10,4,11,5,0,30046,62,Home Win,5,3,3,14,-24,24,2023,1,Wednesday
MTC-23792,2023-01-11,Premier Division,Mumbai United,Bengaluru FC,Home,Rainy,0,3,36,1,1,19,1,1,5852,64,Away Win,3,-3,3,2,-28,28,2023,1,Wednesday
MTC-23463,2023-01-12,Championship League,Jaipur Lions,Goa Sharks,Away,Windy,0,0,68,7,3,22,3,1,48216,32,Draw,0,0,0,10,36,36,2023,1,Thursday
MTC-23028,2023-01-13,Championship League,Kolkata Strikers,Bengaluru FC,Neutral,Rainy,5,2,56,7,0,14,4,0,12648,44,Home Win,7,3,3,7,12,12,2023,1,Friday
MTC-23459,2023-01-13,Championship League,Pune Warriors,Jaipur Lions,Home,Rainy,5,1,33,4,6,17,1,1,35081,67,Home Win,6,4,4,10,-34,34,2023,1,Friday
MTC-21361,2023-01-14,Championship League,Mumbai United,Pune Warriors,Neutral,Clear,4,0,59,4,2,14,2,1,36318,41,Home Win,4,4,4,6,18,18,2023,1,Saturday
MTC-21343,2023-01-14,Premier Division,Mumbai United,Kerala Blasters,Away,Rainy,5,0,61,12,6,13,2,1,6870,39,Home Win,5,5,5,18,22,22,2023,1,Saturday
MTC-20014,2023-01-14,Premier Division,Kolkata Strikers,Mumbai United,Home,Windy,4,0,65,11,1,23,2,0,54555,35,Home Win,4,4,4,12,30,30,2023,1,Saturday
MTC-21222,2023-01-14,Premier Division,Goa Sharks,Pune Warriors,Neutral,Rainy,5,0,63,7,13,14,5,0,21231,37,Home Win,5,5,5,20,26,26,2023,1,Saturday
MTC-20056,2023-01-14,Championship League,Kerala Blasters,Goa Sharks,Neutral,Rainy,5,5,59,3,9,17,2,0,28415,41,Draw,10,0,0,12,18,18,2023,1,Saturday
MTC-23640,2023-01-14,Cup Series,Bengaluru FC,Kerala Blasters,Neutral,Clear,2,0,36,13,2,22,0,1,50437,64,Home Win,2,2,2,15,-28,28,2023,1,Saturday
MTC-20367,2023-01-14,Championship League,Pune Warriors,Jaipur Lions,Home,Rainy,1,5,50,2,11,18,2,0,15713,50,Away Win,6,-4,4,13,0,0,2023,1,Saturday
MTC-21632,2023-01-14,Cup Series,Mumbai United,Delhi Dynamos,Neutral,Clear,3,4,40,0,11,5,5,1,19666,60,Away Win,7,-1,1,11,-20,20,2023,1,Saturday
MTC-20168,2023-01-15,Cup Series,Chennai Titans,Delhi Dynamos,Neutral,Clear,4,4,54,14,10,5,1,0,59610,46,Draw,8,0,0,24,8,8,2023,1,Sunday
MTC-23611,2023-01-15,Premier Division,Bengaluru FC,Hyderabad Falcons,Neutral,Windy,4,2,61,2,4,22,0,1,43039,39,Home Win,6,2,2,6,22,22,2023,1,Sunday
MTC-21168,2023-01-15,Premier Division,Chennai Titans,Kerala Blasters,Home,Cloudy,5,4,49,4,8,20,0,1,46861,51,Home Win,9,1,1,12,-2,2,2023,1,Sunday
MTC-20736,2023-01-16,Championship League,Delhi Dynamos,Jaipur Lions,Neutral,Clear,4,0,45,8,11,5,3,0,29995,55,Home Win,4,4,4,19,-10,10,2023,1,Monday
MTC-22896,2023-01-16,Championship League,Kerala Blasters,Jaipur Lions,Home,Rainy,4,4,62,4,4,24,4,1,53783,38,Draw,8,0,0,8,24,24,2023,1,Monday
MTC-23388,2023-01-16,Premier Division,Jaipur Lions,Chennai Titans,Home,Rainy,4,5,54,1,5,5,4,1,9193,46,Away Win,9,-1,1,6,8,8,2023,1,Monday
MTC-22058,2023-01-16,Cup Series,Kolkata Strikers,Pune Warriors,Neutral,Cloudy,4,5,61,11,6,11,6,1,6950,39,Away Win,9,-1,1,17,22,22,2023,1,Monday
MTC-22280,2023-01-16,Premier Division,Chennai Titans,Delhi Dynamos,Away,Rainy,3,4,59,1,10,19,3,0,56724,41,Away Win,7,-1,1,11,18,18,2023,1,Monday
MTC-20794,2023-01-16,Premier Division,Goa Sharks,Chennai Titans,Neutral,Rainy,0,4,65,5,6,13,0,0,54739,35,Away Win,4,-4,4,11,30,30,2023,1,Monday
MTC-23289,2023-01-16,Premier Division,Chennai Titans,Kerala Blasters,Away,Clear,4,2,56,5,4,9,4,1,4233,44,Home Win,6,2,2,9,12,12,2023,1,Monday
MTC-20406,2023-01-16,Premier Division,Bengaluru FC,Kolkata Strikers,Away,Rainy,1,5,45,6,2,21,5,1,42488,55,Away Win,6,-4,4,8,-10,10,2023,1,Monday
MTC-21187,2023-01-17,Championship League,Hyderabad Falcons,Chennai Titans,Neutral,Rainy,4,3,52,12,4,12,4,0,35933,48,Home Win,7,1,1,16,4,4,2023,1,Tuesday
MTC-20540,2023-01-17,Cup Series,Kolkata Strikers,Bengaluru FC,Neutral,Rainy,5,0,53,13,13,19,5,1,4749,47,Home Win,5,5,5,26,6,6,2023,1,Tuesday
MTC-23378,2023-01-17,Premier Division,Pune Warriors,Chennai Titans,Home,Clear,0,3,70,8,8,5,3,0,22345,30,Away Win,3,-3,3,16,40,40,2023,1,Tuesday
MTC-21891,2023-01-19,Cup Series,Delhi Dynamos,Goa Sharks,Home,Windy,0,3,32,6,7,11,6,1,20421,68,Away Win,3,-3,3,13,-36,36,2023,1,Thursday
MTC-23290,2023-01-19,Cup Series,Chennai Titans,Pune Warriors,Home,Windy,4,5,51,8,2,12,5,1,14420,49,Away Win,9,-1,1,10,2,2,2023,1,Thursday
MTC-21355,2023-01-19,Cup Series,Pune Warriors,Hyderabad Falcons,Home,Windy,0,5,46,8,3,24,1,1,36694,54,Away Win,5,-5,5,11,-8,8,2023,1,Thursday
MTC-21753,2023-01-19,Championship League,Goa Sharks,Delhi Dynamos,Neutral,Clear,1,0,33,3,4,6,5,1,28555,67,Home Win,1,1,1,7,-34,34,2023,1,Thursday
MTC-20333,2023-01-19,Cup Series,Pune Warriors,Hyderabad Falcons,Neutral,Cloudy,4,1,66,7,1,5,1,0,28235,34,Home Win,5,3,3,8,32,32,2023,1,Thursday
MTC-22031,2023-01-20,Championship League,Delhi Dynamos,Mumbai United,Neutral,Rainy,2,5,63,14,0,24,0,1,42619,37,Away Win,7,-3,3,14,26,26,2023,1,Friday
MTC-23713,2023-01-20,Championship League,Pune Warriors,Goa Sharks,Neutral,Windy,3,4,62,1,0,6,6,0,28820,38,Away Win,7,-1,1,1,24,24,2023,1,Friday
MTC-23594,2023-01-20,Premier Division,Kerala Blasters,Bengaluru FC,Neutral,Clear,4,5,37,14,3,14,5,0,57125,63,Away Win,9,-1,1,17,-26,26,2023,1,Friday
MTC-20803,2023-01-20,Cup Series,Jaipur Lions,Mumbai United,Neutral,Cloudy,3,3,69,3,11,24,5,1,63002,31,Draw,6,0,0,14,38,38,2023,1,Friday
MTC-22289,2023-01-21,Premier Division,Mumbai United,Goa Sharks,Away,Cloudy,3,1,59,0,14,20,6,1,58583,41,Home Win,4,2,2,14,18,18,2023,1,Saturday
MTC-20191,2023-01-22,Championship League,Goa Sharks,Chennai Titans,Home,Clear,5,3,54,12,14,14,1,0,42319,46,Home Win,8,2,2,26,8,8,2023,1,Sunday
MTC-20786,2023-01-22,Championship League,Jaipur Lions,Pune Warriors,Home,Rainy,0,1,58,10,11,9,6,1,54226,42,Away Win,1,-1,1,21,16,16,2023,1,Sunday
MTC-21285,2023-01-22,Premier Division,Hyderabad Falcons,Kolkata Strikers,Neutral,Rainy,3,2,57,10,8,5,6,1,52364,43,Home Win,5,1,1,18,14,14,2023,1,Sunday
MTC-20273,2023-01-22,Premier Division,Jaipur Lions,Delhi Dynamos,Home,Windy,2,0,54,11,14,13,3,0,50357,46,Home Win,2,2,2,25,8,8,2023,1,Sunday
MTC-22739,2023-01-23,Cup Series,Bengaluru FC,Hyderabad Falcons,Neutral,Rainy,0,0,65,6,8,20,0,1,11889,35,Draw,0,0,0,14,30,30,2023,1,Monday
MTC-21887,2023-01-23,Championship League,Jaipur Lions,Pune Warriors,Neutral,Cloudy,4,2,49,13,6,19,6,1,11329,51,Home Win,6,2,2,19,-2,2,2023,1,Monday
MTC-20135,2023-01-23,Cup Series,Mumbai United,Delhi Dynamos,Away,Cloudy,4,3,66,10,14,6,3,1,23309,34,Home Win,7,1,1,24,32,32,2023,1,Monday
MTC-20501,2023-01-23,Championship League,Chennai Titans,Goa Sharks,Home,Rainy,0,3,61,1,2,22,1,0,35522,39,Away Win,3,-3,3,3,22,22,2023,1,Monday
MTC-22270,2023-01-24,Championship League,Jaipur Lions,Goa Sharks,Home,Windy,1,1,48,10,11,15,6,0,25877,52,Draw,2,0,0,21,-4,4,2023,1,Tuesday
MTC-22868,2023-01-24,Cup Series,Goa Sharks,Bengaluru FC,Home,Rainy,4,3,58,1,9,15,3,1,22312,42,Home Win,7,1,1,10,16,16,2023,1,Tuesday
MTC-23490,2023-01-24,Cup Series,Kerala Blasters,Delhi Dynamos,Home,Cloudy,3,2,55,0,7,17,4,0,51697,45,Home Win,5,1,1,7,10,10,2023,1,Tuesday
MTC-20395,2023-01-24,Championship League,Chennai Titans,Kerala Blasters,Away,Clear,0,1,41,1,13,6,2,1,12948,59,Away Win,1,-1,1,14,-18,18,2023,1,Tuesday
MTC-22893,2023-01-24,Cup Series,Delhi Dynamos,Jaipur Lions,Away,Cloudy,1,4,63,5,3,22,5,1,8589,37,Away Win,5,-3,3,8,26,26,2023,1,Tuesday
MTC-20769,2023-01-25,Championship League,Bengaluru FC,Goa Sharks,Away,Cloudy,5,2,61,7,8,22,4,1,57625,39,Home Win,7,3,3,15,22,22,2023,1,Wednesday
MTC-23328,2023-01-25,Cup Series,Pune Warriors,Kolkata Strikers,Neutral,Windy,3,3,70,14,7,6,2,0,54272,30,Draw,6,0,0,21,40,40,2023,1,Wednesday
MTC-20465,2023-01-26,Cup Series,Kerala Blasters,Kolkata Strikers,Home,Cloudy,3,4,51,5,6,13,0,1,41058,49,Away Win,7,-1,1,11,2,2,2023,1,Thursday
MTC-23434,2023-01-26,Premier Division,Mumbai United,Delhi Dynamos,Neutral,Cloudy,1,4,30,8,3,24,5,0,45999,70,Away Win,5,-3,3,11,-40,40,2023,1,Thursday
MTC-22877,2023-01-26,Premier Division,Pune Warriors,Delhi Dynamos,Home,Windy,1,0,35,4,13,16,0,0,33416,65,Home Win,1,1,1,17,-30,30,2023,1,Thursday
MTC-23066,2023-01-26,Premier Division,Pune Warriors,Jaipur Lions,Neutral,Windy,4,2,31,14,13,23,4,1,64102,69,Home Win,6,2,2,27,-38,38,2023,1,Thursday
MTC-22010,2023-01-26,Championship League,Mumbai United,Kolkata Strikers,Neutral,Windy,1,4,53,10,4,9,5,0,3479,47,Away Win,5,-3,3,14,6,6,2023,1,Thursday
MTC-20670,2023-01-26,Premier Division,Goa Sharks,Jaipur Lions,Home,Windy,4,3,51,1,2,20,5,0,45684,49,Home Win,7,1,1,3,2,2,2023,1,Thursday
MTC-20751,2023-01-26,Championship League,Jaipur Lions,Hyderabad Falcons,Neutral,Clear,2,0,53,1,8,6,5,0,64250,47,Home Win,2,2,2,9,6,6,2023,1,Thursday
MTC-23377,2023-01-26,Cup Series,Kolkata Strikers,Chennai Titans,Neutral,Cloudy,3,3,32,14,5,21,1,1,47121,68,Draw,6,0,0,19,-36,36,2023,1,Thursday
MTC-21080,2023-01-27,Cup Series,Goa Sharks,Jaipur Lions,Home,Rainy,0,4,55,9,0,5,2,0,39661,45,Away Win,4,-4,4,9,10,10,2023,1,Friday
MTC-23623,2023-01-28,Cup Series,Hyderabad Falcons,Chennai Titans,Neutral,Rainy,1,4,68,4,8,15,2,0,59532,32,Away Win,5,-3,3,12,36,36,2023,1,Saturday
MTC-23126,2023-01-28,Championship League,Bengaluru FC,Kerala Blasters,Away,Rainy,2,2,47,2,6,8,6,0,63548,53,Draw,4,0,0,8,-6,6,2023,1,Saturday
MTC-23441,2023-01-28,Cup Series,Bengaluru FC,Jaipur Lions,Neutral,Cloudy,2,3,47,4,0,20,6,1,15602,53,Away Win,5,-1,1,4,-6,6,2023,1,Saturday
MTC-20753,2023-01-29,Championship League,Bengaluru FC,Mumbai United,Home,Rainy,4,3,32,2,2,10,5,1,56320,68,Home Win,7,1,1,4,-36,36,2023,1,Sunday
MTC-22515,2023-01-29,Championship League,Pune Warriors,Goa Sharks,Neutral,Clear,3,4,32,0,6,22,6,1,9496,68,Away Win,7,-1,1,6,-36,36,2023,1,Sunday
MTC-20301,2023-01-29,Cup Series,Bengaluru FC,Kerala Blasters,Away,Windy,1,1,67,1,5,13,3,0,44394,33,Draw,2,0,0,6,34,34,2023,1,Sunday
MTC-21709,2023-01-30,Cup Series,Jaipur Lions,Delhi Dynamos,Away,Windy,1,4,68,13,12,21,6,1,38231,32,Away Win,5,-3,3,25,36,36,2023,1,Monday
MTC-20847,2023-01-30,Cup Series,Goa Sharks,Mumbai United,Away,Windy,4,5,31,7,9,9,6,1,37918,69,Away Win,9,-1,1,16,-38,38,2023,1,Monday
MTC-23247,2023-01-30,Premier Division,Hyderabad Falcons,Bengaluru FC,Home,Rainy,0,0,67,8,14,23,5,1,6837,33,Draw,0,0,0,22,34,34,2023,1,Monday
MTC-23466,2023-01-31,Cup Series,Kerala Blasters,Jaipur Lions,Away,Rainy,2,1,68,9,9,21,1,1,18596,32,Home Win,3,1,1,18,36,36,2023,1,Tuesday
MTC-21873,2023-01-31,Premier Division,Jaipur Lions,Delhi Dynamos,Neutral,Cloudy,0,5,69,2,12,21,0,0,30157,31,Away Win,5,-5,5,14,38,38,2023,1,Tuesday
MTC-23537,2023-01-31,Cup Series,Kerala Blasters,Chennai Titans,Away,Cloudy,2,4,63,7,13,23,3,1,56771,37,Away Win,6,-2,2,20,26,26,2023,1,Tuesday
MTC-21699,2023-01-31,Cup Series,Mumbai United,Delhi Dynamos,Away,Windy,3,0,40,13,7,18,5,0,54052,60,Home Win,3,3,3,20,-20,20,2023,1,Tuesday
MTC-21039,2023-01-31,Premier Division,Hyderabad Falcons,Jaipur Lions,Away,Rainy,3,5,41,13,9,22,2,1,14978,59,Away Win,8,-2,2,22,-18,18,2023,1,Tuesday
MTC-22632,2023-01-31,Premier Division,Bengaluru FC,Kolkata Strikers,Home,Cloudy,1,2,55,3,4,16,2,0,35971,45,Away Win,3,-1,1,7,10,10,2023,1,Tuesday
MTC-21536,2023-01-31,Championship League,Kolkata Strikers,Chennai Titans,Away,Clear,5,3,66,10,6,6,3,0,19120,34,Home Win,8,2,2,16,32,32,2023,1,Tuesday
MTC-22793,2023-01-31,Premier Division,Kolkata Strikers,Bengaluru FC,Neutral,Cloudy,4,1,62,3,7,5,6,1,13979,38,Home Win,5,3,3,10,24,24,2023,1,Tuesday
MTC-20760,2023-02-01,Cup Series,Goa Sharks,Jaipur Lions,Home,Rainy,0,2,58,3,4,8,3,1,5898,42,Away Win,2,-2,2,7,16,16,2023,2,Wednesday
MTC-22308,2023-02-01,Premier Division,Pune Warriors,Chennai Titans,Away,Cloudy,0,3,49,11,9,7,2,1,28335,51,Away Win,3,-3,3,20,-2,2,2023,2,Wednesday
MTC-23574,2023-02-01,Championship League,Hyderabad Falcons,Delhi Dynamos,Home,Clear,0,1,57,5,2,22,5,1,60423,43,Away Win,1,-1,1,7,14,14,2023,2,Wednesday
MTC-22062,2023-02-02,Premier Division,Chennai Titans,Jaipur Lions,Neutral,Clear,2,2,37,12,12,20,4,1,37793,63,Draw,4,0,0,24,-26,26,2023,2,Thursday
MTC-20093,2023-02-02,Championship League,Mumbai United,Bengaluru FC,Away,Rainy,5,4,56,7,11,20,4,0,19572,44,Home Win,9,1,1,18,12,12,2023,2,Thursday
MTC-22504,2023-02-02,Cup Series,Jaipur Lions,Bengaluru FC,Home,Clear,3,2,42,5,14,11,3,0,59021,58,Home Win,5,1,1,19,-16,16,2023,2,Thursday
MTC-22161,2023-02-02,Championship League,Jaipur Lions,Pune Warriors,Away,Windy,4,1,47,10,12,20,2,1,31761,53,Home Win,5,3,3,22,-6,6,2023,2,Thursday
MTC-20919,2023-02-03,Cup Series,Chennai Titans,Delhi Dynamos,Home,Clear,1,5,64,13,5,16,6,0,53361,36,Away Win,6,-4,4,18,28,28,2023,2,Friday
MTC-21362,2023-02-03,Championship League,Kolkata Strikers,Kerala Blasters,Neutral,Rainy,4,2,62,10,6,7,1,1,18040,38,Home Win,6,2,2,16,24,24,2023,2,Friday
MTC-22014,2023-02-03,Premier Division,Pune Warriors,Delhi Dynamos,Neutral,Cloudy,5,3,32,0,6,15,0,1,64505,68,Home Win,8,2,2,6,-36,36,2023,2,Friday
MTC-20905,2023-02-03,Cup Series,Kerala Blasters,Mumbai United,Home,Clear,3,4,47,14,1,15,4,1,6072,53,Away Win,7,-1,1,15,-6,6,2023,2,Friday
MTC-21150,2023-02-03,Championship League,Chennai Titans,Pune Warriors,Home,Cloudy,5,4,38,13,14,12,0,0,37283,62,Home Win,9,1,1,27,-24,24,2023,2,Friday
MTC-23367,2023-02-04,Premier Division,Mumbai United,Jaipur Lions,Away,Clear,1,0,32,3,3,7,6,1,54796,68,Home Win,1,1,1,6,-36,36,2023,2,Saturday
MTC-23575,2023-02-04,Cup Series,Mumbai United,Kerala Blasters,Home,Clear,1,5,42,0,4,12,0,1,47751,58,Away Win,6,-4,4,4,-16,16,2023,2,Saturday
MTC-21389,2023-02-04,Premier Division,Mumbai United,Kolkata Strikers,Neutral,Clear,2,3,50,13,11,20,4,0,58796,50,Away Win,5,-1,1,24,0,0,2023,2,Saturday
MTC-20569,2023-02-04,Championship League,Goa Sharks,Jaipur Lions,Neutral,Cloudy,5,0,36,12,2,23,6,1,30430,64,Home Win,5,5,5,14,-28,28,2023,2,Saturday
MTC-20347,2023-02-05,Championship League,Delhi Dynamos,Pune Warriors,Neutral,Windy,4,2,37,0,8,11,2,1,49171,63,Home Win,6,2,2,8,-26,26,2023,2,Sunday
MTC-22332,2023-02-05,Premier Division,Jaipur Lions,Goa Sharks,Neutral,Windy,4,4,66,14,11,9,2,0,25446,34,Draw,8,0,0,25,32,32,2023,2,Sunday
MTC-21820,2023-02-05,Cup Series,Chennai Titans,Hyderabad Falcons,Neutral,Cloudy,5,5,55,9,0,8,0,0,38747,45,Draw,10,0,0,9,10,10,2023,2,Sunday
MTC-23009,2023-02-05,Premier Division,Chennai Titans,Pune Warriors,Neutral,Rainy,2,2,46,3,4,16,6,0,8236,54,Draw,4,0,0,7,-8,8,2023,2,Sunday
MTC-20616,2023-02-05,Premier Division,Kolkata Strikers,Hyderabad Falcons,Home,Cloudy,3,3,39,9,4,23,1,0,51173,61,Draw,6,0,0,13,-22,22,2023,2,Sunday
MTC-20519,2023-02-05,Championship League,Bengaluru FC,Pune Warriors,Neutral,Cloudy,1,4,56,10,9,17,3,1,4881,44,Away Win,5,-3,3,19,12,12,2023,2,Sunday
MTC-22657,2023-02-05,Cup Series,Goa Sharks,Kolkata Strikers,Away,Cloudy,2,1,37,13,3,16,6,0,63440,63,Home Win,3,1,1,16,-26,26,2023,2,Sunday
MTC-22574,2023-02-06,Championship League,Kerala Blasters,Delhi Dynamos,Neutral,Rainy,2,4,62,14,12,21,2,1,34900,38,Away Win,6,-2,2,26,24,24,2023,2,Monday
MTC-22596,2023-02-06,Cup Series,Delhi Dynamos,Kolkata Strikers,Home,Clear,3,0,44,10,14,21,5,0,64293,56,Home Win,3,3,3,24,-12,12,2023,2,Monday
MTC-20011,2023-02-06,Cup Series,Kerala Blasters,Mumbai United,Home,Clear,0,3,35,6,11,12,5,0,5308,65,Away Win,3,-3,3,17,-30,30,2023,2,Monday
MTC-23185,2023-02-06,Premier Division,Mumbai United,Jaipur Lions,Away,Rainy,4,1,39,1,5,23,5,1,18665,61,Home Win,5,3,3,6,-22,22,2023,2,Monday
MTC-21288,2023-02-06,Championship League,Delhi Dynamos,Goa Sharks,Neutral,Windy,1,1,60,12,12,17,6,0,47635,40,Draw,2,0,0,24,20,20,2023,2,Monday
MTC-22374,2023-02-07,Premier Division,Hyderabad Falcons,Chennai Titans,Neutral,Cloudy,5,5,64,4,7,17,6,1,32884,36,Draw,10,0,0,11,28,28,2023,2,Tuesday
MTC-23664,2023-02-08,Cup Series,Pune Warriors,Goa Sharks,Home,Cloudy,4,5,56,1,9,13,3,0,45923,44,Away Win,9,-1,1,10,12,12,2023,2,Wednesday
MTC-22724,2023-02-08,Cup Series,Chennai Titans,Bengaluru FC,Away,Clear,5,3,42,8,0,12,1,0,34058,58,Home Win,8,2,2,8,-16,16,2023,2,Wednesday
MTC-23750,2023-02-08,Cup Series,Chennai Titans,Pune Warriors,Neutral,Windy,2,0,57,12,1,5,3,0,2786,43,Home Win,2,2,2,13,14,14,2023,2,Wednesday
MTC-20246,2023-02-08,Championship League,Jaipur Lions,Mumbai United,Neutral,Clear,5,3,41,11,14,13,6,0,46674,59,Home Win,8,2,2,25,-18,18,2023,2,Wednesday
MTC-23579,2023-02-08,Cup Series,Jaipur Lions,Kerala Blasters,Away,Clear,4,2,40,12,11,23,4,1,33467,60,Home Win,6,2,2,23,-20,20,2023,2,Wednesday
MTC-20164,2023-02-09,Championship League,Bengaluru FC,Kolkata Strikers,Away,Rainy,5,1,62,1,8,21,2,1,50440,38,Home Win,6,4,4,9,24,24,2023,2,Thursday
MTC-21821,2023-02-09,Championship League,Hyderabad Falcons,Chennai Titans,Away,Clear,5,5,53,4,7,9,0,0,30075,47,Draw,10,0,0,11,6,6,2023,2,Thursday
MTC-23648,2023-02-09,Championship League,Bengaluru FC,Pune Warriors,Away,Cloudy,5,4,55,2,13,24,2,0,10322,45,Home Win,9,1,1,15,10,10,2023,2,Thursday
MTC-22185,2023-02-10,Premier Division,Kerala Blasters,Hyderabad Falcons,Home,Cloudy,2,3,32,14,4,23,5,1,19406,68,Away Win,5,-1,1,18,-36,36,2023,2,Friday
MTC-21298,2023-02-10,Championship League,Chennai Titans,Bengaluru FC,Neutral,Cloudy,4,5,33,11,9,19,0,0,39753,67,Away Win,9,-1,1,20,-34,34,2023,2,Friday
MTC-20148,2023-02-10,Premier Division,Pune Warriors,Delhi Dynamos,Away,Clear,2,4,59,3,2,6,3,0,32146,41,Away Win,6,-2,2,5,18,18,2023,2,Friday
MTC-20065,2023-02-11,Premier Division,Mumbai United,Chennai Titans,Neutral,Rainy,2,3,40,14,11,18,0,0,27517,60,Away Win,5,-1,1,25,-20,20,2023,2,Saturday
MTC-23776,2023-02-11,Premier Division,Delhi Dynamos,Chennai Titans,Home,Windy,4,1,60,0,5,14,5,1,38029,40,Home Win,5,3,3,5,20,20,2023,2,Saturday
MTC-20443,2023-02-11,Premier Division,Delhi Dynamos,Pune Warriors,Away,Clear,2,2,41,10,12,22,5,1,57432,59,Draw,4,0,0,22,-18,18,2023,2,Saturday
MTC-22077,2023-02-11,Championship League,Jaipur Lions,Pune Warriors,Home,Windy,1,3,45,1,8,20,1,1,51917,55,Away Win,4,-2,2,9,-10,10,2023,2,Saturday
MTC-23650,2023-02-11,Premier Division,Mumbai United,Hyderabad Falcons,Neutral,Cloudy,0,3,68,0,5,21,3,0,46042,32,Away Win,3,-3,3,5,36,36,2023,2,Saturday
MTC-21995,2023-02-12,Cup Series,Delhi Dynamos,Pune Warriors,Neutral,Clear,3,4,70,2,0,22,2,0,46656,30,Away Win,7,-1,1,2,40,40,2023,2,Sunday
MTC-22118,2023-02-12,Cup Series,Bengaluru FC,Jaipur Lions,Away,Clear,3,5,47,8,8,13,5,1,31341,53,Away Win,8,-2,2,16,-6,6,2023,2,Sunday
MTC-22817,2023-02-12,Cup Series,Kerala Blasters,Jaipur Lions,Away,Cloudy,3,4,32,9,14,15,4,0,7771,68,Away Win,7,-1,1,23,-36,36,2023,2,Sunday
MTC-20773,2023-02-12,Premier Division,Kerala Blasters,Goa Sharks,Away,Windy,3,2,44,14,2,7,4,1,60652,56,Home Win,5,1,1,16,-12,12,2023,2,Sunday
MTC-21301,2023-02-13,Cup Series,Goa Sharks,Kolkata Strikers,Away,Cloudy,3,2,57,11,2,19,0,1,42880,43,Home Win,5,1,1,13,14,14,2023,2,Monday
MTC-20740,2023-02-13,Premier Division,Bengaluru FC,Jaipur Lions,Neutral,Cloudy,3,5,59,6,6,22,2,0,2612,41,Away Win,8,-2,2,12,18,18,2023,2,Monday
MTC-23791,2023-02-13,Cup Series,Pune Warriors,Mumbai United,Neutral,Clear,4,0,65,11,8,21,1,1,59982,35,Home Win,4,4,4,19,30,30,2023,2,Monday
MTC-20565,2023-02-13,Cup Series,Mumbai United,Chennai Titans,Neutral,Clear,1,5,49,8,14,14,5,1,28926,51,Away Win,6,-4,4,22,-2,2,2023,2,Monday
MTC-21760,2023-02-14,Cup Series,Hyderabad Falcons,Kolkata Strikers,Home,Clear,1,5,35,4,8,19,5,1,57401,65,Away Win,6,-4,4,12,-30,30,2023,2,Tuesday
MTC-22879,2023-02-14,Premier Division,Delhi Dynamos,Goa Sharks,Neutral,Cloudy,1,5,38,12,13,9,2,0,32186,62,Away Win,6,-4,4,25,-24,24,2023,2,Tuesday
MTC-21955,2023-02-14,Championship League,Kerala Blasters,Bengaluru FC,Away,Clear,2,5,48,12,10,14,6,0,64199,52,Away Win,7,-3,3,22,-4,4,2023,2,Tuesday
MTC-22369,2023-02-15,Championship League,Jaipur Lions,Chennai Titans,Neutral,Windy,2,3,61,6,11,20,4,0,60412,39,Away Win,5,-1,1,17,22,22,2023,2,Wednesday
MTC-20454,2023-02-15,Championship League,Mumbai United,Bengaluru FC,Home,Clear,4,3,37,13,7,11,3,1,18395,63,Home Win,7,1,1,20,-26,26,2023,2,Wednesday
MTC-20827,2023-02-15,Premier Division,Kolkata Strikers,Bengaluru FC,Home,Rainy,2,3,30,3,13,18,3,0,54982,70,Away Win,5,-1,1,16,-40,40,2023,2,Wednesday
MTC-20759,2023-02-15,Championship League,Jaipur Lions,Pune Warriors,Home,Clear,5,5,57,6,11,10,2,1,57020,43,Draw,10,0,0,17,14,14,2023,2,Wednesday
MTC-20370,2023-02-16,Championship League,Bengaluru FC,Chennai Titans,Home,Rainy,4,4,42,11,2,17,4,1,20863,58,Draw,8,0,0,13,-16,16,2023,2,Thursday
MTC-20906,2023-02-16,Premier Division,Chennai Titans,Pune Warriors,Home,Clear,1,1,54,13,12,9,1,1,19184,46,Draw,2,0,0,25,8,8,2023,2,Thursday
MTC-22230,2023-02-17,Championship League,Delhi Dynamos,Chennai Titans,Away,Cloudy,4,2,34,14,6,6,3,1,43085,66,Home Win,6,2,2,20,-32,32,2023,2,Friday
MTC-21128,2023-02-17,Championship League,Mumbai United,Goa Sharks,Home,Clear,1,5,69,14,0,5,5,0,49901,31,Away Win,6,-4,4,14,38,38,2023,2,Friday
MTC-23096,2023-02-17,Cup Series,Chennai Titans,Goa Sharks,Home,Clear,0,3,54,6,3,9,1,1,47081,46,Away Win,3,-3,3,9,8,8,2023,2,Friday
MTC-23770,2023-02-17,Cup Series,Kerala Blasters,Goa Sharks,Away,Cloudy,3,1,61,11,3,19,1,1,52377,39,Home Win,4,2,2,14,22,22,2023,2,Friday
MTC-20987,2023-02-17,Championship League,Kolkata Strikers,Pune Warriors,Neutral,Windy,1,3,40,10,5,22,1,0,33651,60,Away Win,4,-2,2,15,-20,20,2023,2,Friday
MTC-21087,2023-02-17,Premier Division,Goa Sharks,Kolkata Strikers,Home,Clear,1,2,30,1,13,19,4,0,4512,70,Away Win,3,-1,1,14,-40,40,2023,2,Friday
MTC-22207,2023-02-17,Cup Series,Goa Sharks,Jaipur Lions,Home,Clear,2,0,49,9,13,18,1,0,15850,51,Home Win,2,2,2,22,-2,2,2023,2,Friday
MTC-22177,2023-02-18,Cup Series,Delhi Dynamos,Kolkata Strikers,Home,Windy,3,1,45,8,2,16,6,1,62677,55,Home Win,4,2,2,10,-10,10,2023,2,Saturday
MTC-21944,2023-02-18,Cup Series,Bengaluru FC,Pune Warriors,Away,Windy,2,2,40,12,4,20,6,1,29699,60,Draw,4,0,0,16,-20,20,2023,2,Saturday
MTC-21469,2023-02-18,Championship League,Delhi Dynamos,Hyderabad Falcons,Home,Clear,2,3,30,9,8,12,6,0,55119,70,Away Win,5,-1,1,17,-40,40,2023,2,Saturday
MTC-23362,2023-02-18,Championship League,Kolkata Strikers,Mumbai United,Home,Windy,0,4,63,8,0,5,6,1,8112,37,Away Win,4,-4,4,8,26,26,2023,2,Saturday
MTC-21270,2023-02-18,Premier Division,Kerala Blasters,Chennai Titans,Home,Windy,5,5,36,14,2,21,0,0,36762,64,Draw,10,0,0,16,-28,28,2023,2,Saturday
MTC-23157,2023-02-19,Championship League,Jaipur Lions,Pune Warriors,Away,Clear,4,4,42,12,14,23,1,1,17908,58,Draw,8,0,0,26,-16,16,2023,2,Sunday
MTC-21764,2023-02-19,Premier Division,Jaipur Lions,Delhi Dynamos,Away,Rainy,5,1,59,1,2,22,3,1,5556,41,Home Win,6,4,4,3,18,18,2023,2,Sunday
MTC-22434,2023-02-19,Premier Division,Jaipur Lions,Kerala Blasters,Neutral,Cloudy,2,5,34,9,3,13,0,0,34873,66,Away Win,7,-3,3,12,-32,32,2023,2,Sunday
MTC-21043,2023-02-19,Cup Series,Hyderabad Falcons,Kerala Blasters,Home,Clear,5,0,67,8,6,20,1,1,44557,33,Home Win,5,5,5,14,34,34,2023,2,Sunday
MTC-22172,2023-02-19,Cup Series,Chennai Titans,Jaipur Lions,Home,Cloudy,1,1,36,1,14,5,0,1,40716,64,Draw,2,0,0,15,-28,28,2023,2,Sunday
MTC-23545,2023-02-19,Premier Division,Jaipur Lions,Chennai Titans,Home,Rainy,1,0,49,13,14,9,4,1,39407,51,Home Win,1,1,1,27,-2,2,2023,2,Sunday
MTC-22688,2023-02-19,Championship League,Hyderabad Falcons,Pune Warriors,Neutral,Cloudy,5,3,44,2,8,21,1,1,63853,56,Home Win,8,2,2,10,-12,12,2023,2,Sunday
MTC-20844,2023-02-19,Cup Series,Delhi Dynamos,Goa Sharks,Away,Windy,2,1,39,10,6,5,2,1,25607,61,Home Win,3,1,1,16,-22,22,2023,2,Sunday
MTC-23152,2023-02-20,Cup Series,Hyderabad Falcons,Delhi Dynamos,Home,Cloudy,2,0,51,1,14,9,1,1,57412,49,Home Win,2,2,2,15,2,2,2023,2,Monday
MTC-22973,2023-02-20,Premier Division,Jaipur Lions,Kerala Blasters,Neutral,Cloudy,2,4,57,13,8,13,1,1,54719,43,Away Win,6,-2,2,21,14,14,2023,2,Monday
MTC-20512,2023-02-21,Cup Series,Pune Warriors,Kerala Blasters,Neutral,Rainy,1,5,56,13,2,7,3,1,52723,44,Away Win,6,-4,4,15,12,12,2023,2,Tuesday
MTC-21947,2023-02-21,Cup Series,Kolkata Strikers,Bengaluru FC,Neutral,Rainy,2,5,51,3,5,24,5,1,63347,49,Away Win,7,-3,3,8,2,2,2023,2,Tuesday
MTC-20943,2023-02-21,Cup Series,Chennai Titans,Goa Sharks,Away,Windy,4,2,51,2,10,10,6,1,20821,49,Home Win,6,2,2,12,2,2,2023,2,Tuesday
MTC-23164,2023-02-21,Cup Series,Mumbai United,Goa Sharks,Away,Cloudy,2,5,63,8,7,14,6,0,27766,37,Away Win,7,-3,3,15,26,26,2023,2,Tuesday
MTC-21300,2023-02-21,Cup Series,Pune Warriors,Kerala Blasters,Neutral,Rainy,5,2,30,5,0,16,0,0,54968,70,Home Win,7,3,3,5,-40,40,2023,2,Tuesday
MTC-20408,2023-02-21,Championship League,Goa Sharks,Bengaluru FC,Neutral,Clear,1,3,60,3,5,19,4,1,25573,40,Away Win,4,-2,2,8,20,20,2023,2,Tuesday
MTC-22987,2023-02-22,Championship League,Bengaluru FC,Kolkata Strikers,Home,Clear,0,3,56,0,13,24,4,1,9867,44,Away Win,3,-3,3,13,12,12,2023,2,Wednesday
MTC-20446,2023-02-22,Cup Series,Chennai Titans,Pune Warriors,Home,Cloudy,4,2,30,0,9,18,3,0,47404,70,Home Win,6,2,2,9,-40,40,2023,2,Wednesday
MTC-21550,2023-02-22,Cup Series,Kolkata Strikers,Pune Warriors,Neutral,Windy,4,2,41,4,0,11,1,0,8950,59,Home Win,6,2,2,4,-18,18,2023,2,Wednesday
MTC-21318,2023-02-22,Premier Division,Pune Warriors,Goa Sharks,Home,Clear,4,1,68,10,8,10,1,0,61677,32,Home Win,5,3,3,18,36,36,2023,2,Wednesday
MTC-20285,2023-02-23,Cup Series,Kolkata Strikers,Jaipur Lions,Home,Clear,0,1,33,8,4,18,4,1,41000,67,Away Win,1,-1,1,12,-34,34,2023,2,Thursday
MTC-20403,2023-02-23,Championship League,Hyderabad Falcons,Goa Sharks,Away,Cloudy,4,1,51,7,13,9,0,1,10124,49,Home Win,5,3,3,20,2,2,2023,2,Thursday
MTC-20726,2023-02-23,Premier Division,Kerala Blasters,Hyderabad Falcons,Neutral,Windy,5,2,63,4,10,17,0,1,2739,37,Home Win,7,3,3,14,26,26,2023,2,Thursday
MTC-20433,2023-02-23,Premier Division,Kerala Blasters,Pune Warriors,Home,Rainy,2,4,49,10,13,12,0,0,60406,51,Away Win,6,-2,2,23,-2,2,2023,2,Thursday
MTC-21371,2023-02-23,Championship League,Bengaluru FC,Kerala Blasters,Away,Cloudy,3,0,50,10,13,19,2,1,22771,50,Home Win,3,3,3,23,0,0,2023,2,Thursday
MTC-21651,2023-02-23,Premier Division,Kerala Blasters,Hyderabad Falcons,Neutral,Rainy,2,1,32,11,3,18,1,1,48566,68,Home Win,3,1,1,14,-36,36,2023,2,Thursday
MTC-22523,2023-02-24,Premier Division,Chennai Titans,Delhi Dynamos,Away,Cloudy,1,3,41,1,7,11,1,1,8438,59,Away Win,4,-2,2,8,-18,18,2023,2,Friday
MTC-20953,2023-02-24,Championship League,Hyderabad Falcons,Mumbai United,Away,Cloudy,3,5,30,4,0,15,2,1,60629,70,Away Win,8,-2,2,4,-40,40,2023,2,Friday
MTC-23153,2023-02-24,Championship League,Chennai Titans,Delhi Dynamos,Neutral,Windy,1,3,55,12,8,17,6,1,2534,45,Away Win,4,-2,2,20,10,10,2023,2,Friday
MTC-20882,2023-02-24,Premier Division,Chennai Titans,Goa Sharks,Neutral,Cloudy,4,3,69,14,10,22,2,1,55438,31,Home Win,7,1,1,24,38,38,2023,2,Friday
MTC-21396,2023-02-24,Premier Division,Pune Warriors,Mumbai United,Home,Windy,3,5,63,11,4,12,6,0,39196,37,Away Win,8,-2,2,15,26,26,2023,2,Friday
MTC-22081,2023-02-24,Championship League,Delhi Dynamos,Kolkata Strikers,Away,Clear,2,3,69,8,13,21,0,1,60892,31,Away Win,5,-1,1,21,38,38,2023,2,Friday
MTC-21977,2023-02-24,Championship League,Mumbai United,Bengaluru FC,Home,Rainy,0,2,65,2,3,12,3,0,15877,35,Away Win,2,-2,2,5,30,30,2023,2,Friday
MTC-21418,2023-02-25,Cup Series,Pune Warriors,Kolkata Strikers,Neutral,Cloudy,5,5,35,12,5,14,3,0,40557,65,Draw,10,0,0,17,-30,30,2023,2,Saturday
MTC-20362,2023-02-25,Cup Series,Hyderabad Falcons,Kolkata Strikers,Home,Cloudy,5,0,33,3,5,6,1,0,18261,67,Home Win,5,5,5,8,-34,34,2023,2,Saturday
MTC-22951,2023-02-25,Cup Series,Pune Warriors,Kerala Blasters,Neutral,Cloudy,4,5,36,14,10,20,6,1,6002,64,Away Win,9,-1,1,24,-28,28,2023,2,Saturday
MTC-22378,2023-02-25,Premier Division,Goa Sharks,Jaipur Lions,Neutral,Clear,1,4,34,11,12,21,1,0,9627,66,Away Win,5,-3,3,23,-32,32,2023,2,Saturday
MTC-21799,2023-02-25,Championship League,Delhi Dynamos,Kerala Blasters,Home,Windy,3,0,51,6,9,22,2,0,55215,49,Home Win,3,3,3,15,2,2,2023,2,Saturday
MTC-20549,2023-02-25,Cup Series,Chennai Titans,Kolkata Strikers,Home,Windy,2,4,35,13,0,15,6,0,44192,65,Away Win,6,-2,2,13,-30,30,2023,2,Saturday
MTC-20306,2023-02-26,Cup Series,Chennai Titans,Delhi Dynamos,Home,Cloudy,1,4,40,6,6,23,3,1,61834,60,Away Win,5,-3,3,12,-20,20,2023,2,Sunday
MTC-23798,2023-02-26,Cup Series,Delhi Dynamos,Pune Warriors,Home,Rainy,1,3,63,4,10,15,0,0,20695,37,Away Win,4,-2,2,14,26,26,2023,2,Sunday
MTC-23282,2023-02-26,Championship League,Pune Warriors,Goa Sharks,Neutral,Rainy,5,0,35,10,13,11,4,0,8017,65,Home Win,5,5,5,23,-30,30,2023,2,Sunday
MTC-22212,2023-02-26,Championship League,Jaipur Lions,Chennai Titans,Neutral,Windy,3,1,30,8,14,6,0,0,46964,70,Home Win,4,2,2,22,-40,40,2023,2,Sunday
MTC-21653,2023-02-26,Championship League,Bengaluru FC,Kerala Blasters,Home,Windy,1,3,49,12,6,16,2,0,45713,51,Away Win,4,-2,2,18,-2,2,2023,2,Sunday
MTC-21245,2023-02-27,Premier Division,Jaipur Lions,Goa Sharks,Home,Clear,0,1,30,0,12,17,3,0,32108,70,Away Win,1,-1,1,12,-40,40,2023,2,Monday
MTC-21451,2023-02-27,Premier Division,Delhi Dynamos,Pune Warriors,Home,Clear,1,0,40,2,5,19,2,0,44098,60,Home Win,1,1,1,7,-20,20,2023,2,Monday
MTC-21071,2023-02-27,Championship League,Delhi Dynamos,Bengaluru FC,Away,Rainy,2,3,56,12,6,13,1,0,44151,44,Away Win,5,-1,1,18,12,12,2023,2,Monday
MTC-20757,2023-02-28,Premier Division,Kolkata Strikers,Goa Sharks,Neutral,Cloudy,5,5,56,9,13,20,1,1,63994,44,Draw,10,0,0,22,12,12,2023,2,Tuesday
MTC-21538,2023-02-28,Championship League,Kerala Blasters,Hyderabad Falcons,Neutral,Clear,0,1,52,1,4,10,1,0,56639,48,Away Win,1,-1,1,5,4,4,2023,2,Tuesday
MTC-22727,2023-02-28,Premier Division,Jaipur Lions,Kerala Blasters,Neutral,Rainy,2,3,40,9,12,14,3,0,20805,60,Away Win,5,-1,1,21,-20,20,2023,2,Tuesday
MTC-20060,2023-02-28,Championship League,Bengaluru FC,Jaipur Lions,Away,Cloudy,0,4,56,2,13,19,2,1,59971,44,Away Win,4,-4,4,15,12,12,2023,2,Tuesday
MTC-22791,2023-02-28,Championship League,Delhi Dynamos,Pune Warriors,Neutral,Clear,5,3,57,12,12,5,4,0,33628,43,Home Win,8,2,2,24,14,14,2023,2,Tuesday
MTC-23191,2023-02-28,Premier Division,Kerala Blasters,Pune Warriors,Away,Rainy,5,2,52,13,14,13,4,1,32740,48,Home Win,7,3,3,27,4,4,2023,2,Tuesday
MTC-21847,2023-02-28,Premier Division,Mumbai United,Hyderabad Falcons,Neutral,Windy,2,3,66,0,9,20,4,0,48222,34,Away Win,5,-1,1,9,32,32,2023,2,Tuesday
MTC-23561,2023-02-28,Premier Division,Hyderabad Falcons,Pune Warriors,Away,Windy,5,2,58,5,6,14,2,1,43916,42,Home Win,7,3,3,11,16,16,2023,2,Tuesday
MTC-21334,2023-02-28,Premier Division,Kerala Blasters,Mumbai United,Away,Windy,4,4,36,12,10,10,6,0,26954,64,Draw,8,0,0,22,-28,28,2023,2,Tuesday
MTC-23672,2023-02-28,Premier Division,Goa Sharks,Kolkata Strikers,Away,Cloudy,1,3,37,10,1,21,6,0,52390,63,Away Win,4,-2,2,11,-26,26,2023,2,Tuesday
MTC-23751,2023-02-28,Cup Series,Kerala Blasters,Hyderabad Falcons,Neutral,Clear,4,0,66,8,11,24,3,1,4037,34,Home Win,4,4,4,19,32,32,2023,2,Tuesday
MTC-23635,2023-03-01,Premier Division,Pune Warriors,Delhi Dynamos,Away,Windy,5,4,63,0,0,10,1,0,10276,37,Home Win,9,1,1,0,26,26,2023,3,Wednesday
MTC-20435,2023-03-01,Cup Series,Goa Sharks,Kolkata Strikers,Neutral,Clear,0,4,57,4,6,7,3,1,64174,43,Away Win,4,-4,4,10,14,14,2023,3,Wednesday
MTC-20188,2023-03-01,Championship League,Kolkata Strikers,Bengaluru FC,Home,Clear,5,0,52,7,2,8,1,0,26688,48,Home Win,5,5,5,9,4,4,2023,3,Wednesday
MTC-22320,2023-03-01,Cup Series,Hyderabad Falcons,Bengaluru FC,Neutral,Clear,3,1,55,0,14,18,0,0,63933,45,Home Win,4,2,2,14,10,10,2023,3,Wednesday
MTC-22195,2023-03-02,Championship League,Chennai Titans,Hyderabad Falcons,Neutral,Rainy,2,1,66,14,1,12,3,0,23936,34,Home Win,3,1,1,15,32,32,2023,3,Thursday
MTC-23477,2023-03-02,Cup Series,Mumbai United,Jaipur Lions,Neutral,Cloudy,1,1,41,10,8,5,2,1,61249,59,Draw,2,0,0,18,-18,18,2023,3,Thursday
MTC-21629,2023-03-02,Championship League,Chennai Titans,Pune Warriors,Away,Windy,2,2,37,1,13,20,0,1,37452,63,Draw,4,0,0,14,-26,26,2023,3,Thursday
MTC-20883,2023-03-02,Cup Series,Bengaluru FC,Mumbai United,Neutral,Clear,1,1,42,6,10,11,4,1,40058,58,Draw,2,0,0,16,-16,16,2023,3,Thursday
MTC-22512,2023-03-02,Cup Series,Pune Warriors,Jaipur Lions,Neutral,Rainy,4,0,56,4,7,19,6,1,36921,44,Home Win,4,4,4,11,12,12,2023,3,Thursday
MTC-20630,2023-03-02,Championship League,Mumbai United,Chennai Titans,Neutral,Cloudy,4,2,38,14,6,11,4,1,31942,62,Home Win,6,2,2,20,-24,24,2023,3,Thursday
MTC-23294,2023-03-02,Cup Series,Jaipur Lions,Pune Warriors,Neutral,Cloudy,4,1,58,11,4,13,6,0,37598,42,Home Win,5,3,3,15,16,16,2023,3,Thursday
MTC-20092,2023-03-02,Premier Division,Kolkata Strikers,Goa Sharks,Home,Rainy,1,5,55,2,14,11,5,1,12359,45,Away Win,6,-4,4,16,10,10,2023,3,Thursday
MTC-21912,2023-03-02,Premier Division,Chennai Titans,Pune Warriors,Neutral,Clear,5,2,67,3,3,10,3,1,44877,33,Home Win,7,3,3,6,34,34,2023,3,Thursday
MTC-23120,2023-03-02,Premier Division,Delhi Dynamos,Bengaluru FC,Neutral,Cloudy,0,4,44,1,1,24,3,1,34720,56,Away Win,4,-4,4,2,-12,12,2023,3,Thursday
MTC-22315,2023-03-03,Premier Division,Kerala Blasters,Pune Warriors,Away,Clear,1,5,62,5,3,21,4,1,5523,38,Away Win,6,-4,4,8,24,24,2023,3,Friday
MTC-22136,2023-03-03,Premier Division,Kerala Blasters,Delhi Dynamos,Home,Rainy,4,0,35,7,4,17,3,1,36762,65,Home Win,4,4,4,11,-30,30,2023,3,Friday
MTC-20081,2023-03-03,Cup Series,Bengaluru FC,Kolkata Strikers,Home,Windy,4,3,59,9,7,23,2,0,29928,41,Home Win,7,1,1,16,18,18,2023,3,Friday
MTC-21885,2023-03-04,Cup Series,Jaipur Lions,Pune Warriors,Home,Cloudy,1,2,30,11,6,5,4,0,21751,70,Away Win,3,-1,1,17,-40,40,2023,3,Saturday
MTC-22323,2023-03-04,Premier Division,Kolkata Strikers,Jaipur Lions,Away,Windy,0,1,53,12,0,11,2,0,31159,47,Away Win,1,-1,1,12,6,6,2023,3,Saturday
MTC-22783,2023-03-04,Championship League,Bengaluru FC,Goa Sharks,Neutral,Windy,4,5,64,10,7,7,0,1,24285,36,Away Win,9,-1,1,17,28,28,2023,3,Saturday
MTC-23213,2023-03-04,Cup Series,Mumbai United,Kerala Blasters,Neutral,Cloudy,3,5,65,6,6,13,4,0,44256,35,Away Win,8,-2,2,12,30,30,2023,3,Saturday
MTC-20462,2023-03-05,Premier Division,Mumbai United,Kerala Blasters,Home,Clear,1,3,39,10,4,6,3,1,32750,61,Away Win,4,-2,2,14,-22,22,2023,3,Sunday
MTC-23360,2023-03-05,Cup Series,Bengaluru FC,Kerala Blasters,Away,Clear,4,5,36,2,13,19,5,1,42701,64,Away Win,9,-1,1,15,-28,28,2023,3,Sunday
MTC-22038,2023-03-06,Championship League,Hyderabad Falcons,Chennai Titans,Neutral,Clear,4,5,39,7,7,18,1,1,2470,61,Away Win,9,-1,1,14,-22,22,2023,3,Monday
MTC-23508,2023-03-06,Cup Series,Jaipur Lions,Bengaluru FC,Neutral,Windy,0,0,49,13,1,14,4,0,18434,51,Draw,0,0,0,14,-2,2,2023,3,Monday
MTC-20063,2023-03-06,Premier Division,Bengaluru FC,Chennai Titans,Away,Windy,4,0,51,7,7,16,4,0,26056,49,Home Win,4,4,4,14,2,2,2023,3,Monday
MTC-20888,2023-03-06,Cup Series,Pune Warriors,Bengaluru FC,Neutral,Cloudy,5,5,46,10,1,18,5,1,53984,54,Draw,10,0,0,11,-8,8,2023,3,Monday
MTC-22915,2023-03-06,Championship League,Pune Warriors,Goa Sharks,Neutral,Cloudy,0,4,43,1,1,18,5,1,8918,57,Away Win,4,-4,4,2,-14,14,2023,3,Monday
MTC-21587,2023-03-06,Championship League,Hyderabad Falcons,Bengaluru FC,Home,Windy,0,5,33,11,12,16,6,0,45814,67,Away Win,5,-5,5,23,-34,34,2023,3,Monday
MTC-20642,2023-03-06,Championship League,Delhi Dynamos,Goa Sharks,Neutral,Cloudy,0,4,67,13,12,13,2,0,33502,33,Away Win,4,-4,4,25,34,34,2023,3,Monday
MTC-23633,2023-03-07,Premier Division,Chennai Titans,Kolkata Strikers,Away,Cloudy,2,1,64,12,7,8,0,0,56016,36,Home Win,3,1,1,19,28,28,2023,3,Tuesday
MTC-20611,2023-03-07,Premier Division,Kolkata Strikers,Goa Sharks,Neutral,Cloudy,2,5,39,1,10,24,6,0,12932,61,Away Win,7,-3,3,11,-22,22,2023,3,Tuesday
MTC-23661,2023-03-07,Premier Division,Bengaluru FC,Mumbai United,Away,Clear,3,0,31,13,6,5,4,0,37817,69,Home Win,3,3,3,19,-38,38,2023,3,Tuesday
MTC-20968,2023-03-07,Championship League,Pune Warriors,Jaipur Lions,Away,Rainy,5,2,52,10,1,15,5,0,37088,48,Home Win,7,3,3,11,4,4,2023,3,Tuesday
MTC-23055,2023-03-07,Cup Series,Goa Sharks,Jaipur Lions,Away,Clear,5,1,56,8,2,19,3,0,45279,44,Home Win,6,4,4,10,12,12,2023,3,Tuesday
MTC-21227,2023-03-08,Premier Division,Kolkata Strikers,Hyderabad Falcons,Home,Windy,3,4,33,2,4,21,5,0,64544,67,Away Win,7,-1,1,6,-34,34,2023,3,Wednesday
MTC-20371,2023-03-08,Cup Series,Mumbai United,Jaipur Lions,Away,Clear,0,2,37,9,1,18,1,1,61902,63,Away Win,2,-2,2,10,-26,26,2023,3,Wednesday
MTC-21695,2023-03-08,Cup Series,Delhi Dynamos,Mumbai United,Neutral,Clear,3,1,62,5,4,14,5,0,23425,38,Home Win,4,2,2,9,24,24,2023,3,Wednesday
MTC-23174,2023-03-08,Premier Division,Kolkata Strikers,Jaipur Lions,Home,Cloudy,0,4,32,5,9,16,3,0,50231,68,Away Win,4,-4,4,14,-36,36,2023,3,Wednesday
MTC-20967,2023-03-08,Cup Series,Jaipur Lions,Chennai Titans,Neutral,Clear,2,4,62,9,6,22,3,1,3038,38,Away Win,6,-2,2,15,24,24,2023,3,Wednesday
MTC-20377,2023-03-09,Championship League,Bengaluru FC,Goa Sharks,Home,Clear,2,0,57,8,1,20,2,0,60338,43,Home Win,2,2,2,9,14,14,2023,3,Thursday
MTC-21385,2023-03-09,Cup Series,Chennai Titans,Bengaluru FC,Away,Cloudy,4,2,41,1,3,11,6,1,62697,59,Home Win,6,2,2,4,-18,18,2023,3,Thursday
MTC-21372,2023-03-10,Championship League,Bengaluru FC,Mumbai United,Away,Windy,4,3,64,6,10,17,3,1,45373,36,Home Win,7,1,1,16,28,28,2023,3,Friday
MTC-20222,2023-03-10,Premier Division,Goa Sharks,Chennai Titans,Away,Cloudy,5,4,39,2,7,9,1,1,48268,61,Home Win,9,1,1,9,-22,22,2023,3,Friday
MTC-22506,2023-03-10,Championship League,Hyderabad Falcons,Pune Warriors,Away,Windy,4,5,50,14,9,10,6,0,59977,50,Away Win,9,-1,1,23,0,0,2023,3,Friday
MTC-23308,2023-03-10,Premier Division,Hyderabad Falcons,Pune Warriors,Away,Clear,0,0,46,9,11,19,6,1,20970,54,Draw,0,0,0,20,-8,8,2023,3,Friday
MTC-20090,2023-03-11,Premier Division,Mumbai United,Bengaluru FC,Home,Windy,0,2,60,10,5,11,4,1,48653,40,Away Win,2,-2,2,15,20,20,2023,3,Saturday
MTC-20763,2023-03-11,Cup Series,Chennai Titans,Mumbai United,Neutral,Rainy,0,3,48,12,2,16,4,1,17103,52,Away Win,3,-3,3,14,-4,4,2023,3,Saturday
MTC-23129,2023-03-11,Premier Division,Goa Sharks,Hyderabad Falcons,Home,Rainy,3,2,37,9,4,16,2,0,49980,63,Home Win,5,1,1,13,-26,26,2023,3,Saturday
MTC-21843,2023-03-12,Cup Series,Chennai Titans,Kerala Blasters,Neutral,Clear,4,2,34,1,7,12,0,0,17459,66,Home Win,6,2,2,8,-32,32,2023,3,Sunday
MTC-20822,2023-03-12,Premier Division,Kerala Blasters,Mumbai United,Home,Clear,5,5,69,1,3,7,0,0,46927,31,Draw,10,0,0,4,38,38,2023,3,Sunday
MTC-22330,2023-03-12,Championship League,Bengaluru FC,Chennai Titans,Away,Clear,1,3,35,12,10,16,0,1,28582,65,Away Win,4,-2,2,22,-30,30,2023,3,Sunday
MTC-20930,2023-03-12,Premier Division,Kerala Blasters,Delhi Dynamos,Away,Clear,5,3,34,11,10,17,0,1,21503,66,Home Win,8,2,2,21,-32,32,2023,3,Sunday
MTC-20247,2023-03-12,Championship League,Pune Warriors,Delhi Dynamos,Neutral,Clear,3,5,68,5,6,24,3,0,42646,32,Away Win,8,-2,2,11,36,36,2023,3,Sunday
MTC-21135,2023-03-12,Premier Division,Hyderabad Falcons,Mumbai United,Away,Clear,0,2,65,0,9,7,5,0,14257,35,Away Win,2,-2,2,9,30,30,2023,3,Sunday
MTC-20613,2023-03-12,Cup Series,Chennai Titans,Mumbai United,Neutral,Clear,5,1,43,11,4,8,4,1,25927,57,Home Win,6,4,4,15,-14,14,2023,3,Sunday
MTC-21973,2023-03-13,Premier Division,Chennai Titans,Kerala Blasters,Home,Windy,4,2,36,12,13,20,0,0,10482,64,Home Win,6,2,2,25,-28,28,2023,3,Monday
MTC-20774,2023-03-13,Premier Division,Delhi Dynamos,Kerala Blasters,Home,Rainy,3,3,61,13,8,18,0,1,23048,39,Draw,6,0,0,21,22,22,2023,3,Monday
MTC-22513,2023-03-13,Cup Series,Kolkata Strikers,Chennai Titans,Home,Windy,4,5,59,11,10,17,1,1,21213,41,Away Win,9,-1,1,21,18,18,2023,3,Monday
MTC-21745,2023-03-13,Championship League,Mumbai United,Pune Warriors,Away,Rainy,1,0,38,4,14,19,6,1,21107,62,Home Win,1,1,1,18,-24,24,2023,3,Monday
MTC-20033,2023-03-14,Championship League,Jaipur Lions,Hyderabad Falcons,Away,Clear,3,4,49,1,8,5,4,1,2144,51,Away Win,7,-1,1,9,-2,2,2023,3,Tuesday
MTC-22548,2023-03-14,Cup Series,Hyderabad Falcons,Kerala Blasters,Home,Clear,3,3,30,11,10,19,2,0,42217,70,Draw,6,0,0,21,-40,40,2023,3,Tuesday
MTC-22649,2023-03-14,Cup Series,Hyderabad Falcons,Pune Warriors,Home,Clear,2,3,31,0,11,24,2,0,2590,69,Away Win,5,-1,1,11,-38,38,2023,3,Tuesday
MTC-23683,2023-03-14,Premier Division,Goa Sharks,Hyderabad Falcons,Away,Rainy,0,4,41,8,13,6,4,0,32176,59,Away Win,4,-4,4,21,-18,18,2023,3,Tuesday
MTC-23663,2023-03-14,Cup Series,Mumbai United,Delhi Dynamos,Away,Rainy,0,5,69,2,7,14,1,1,3975,31,Away Win,5,-5,5,9,38,38,2023,3,Tuesday
MTC-21179,2023-03-14,Championship League,Hyderabad Falcons,Chennai Titans,Neutral,Clear,3,0,44,10,10,13,6,1,11109,56,Home Win,3,3,3,20,-12,12,2023,3,Tuesday
MTC-21390,2023-03-14,Cup Series,Mumbai United,Delhi Dynamos,Neutral,Rainy,4,1,36,10,4,8,5,0,32975,64,Home Win,5,3,3,14,-28,28,2023,3,Tuesday
MTC-21210,2023-03-14,Premier Division,Pune Warriors,Kerala Blasters,Neutral,Rainy,1,5,42,11,9,16,3,0,27246,58,Away Win,6,-4,4,20,-16,16,2023,3,Tuesday
MTC-23624,2023-03-14,Cup Series,Goa Sharks,Delhi Dynamos,Home,Cloudy,2,1,60,13,9,10,0,0,8007,40,Home Win,3,1,1,22,20,20,2023,3,Tuesday
MTC-22036,2023-03-14,Cup Series,Delhi Dynamos,Mumbai United,Away,Cloudy,2,5,49,11,3,19,5,0,33010,51,Away Win,7,-3,3,14,-2,2,2023,3,Tuesday
MTC-20511,2023-03-15,Championship League,Kolkata Strikers,Jaipur Lions,Neutral,Clear,3,5,33,1,7,24,1,0,28945,67,Away Win,8,-2,2,8,-34,34,2023,3,Wednesday
MTC-23147,2023-03-15,Championship League,Kerala Blasters,Pune Warriors,Away,Windy,4,4,42,11,2,5,2,0,36110,58,Draw,8,0,0,13,-16,16,2023,3,Wednesday
MTC-22406,2023-03-15,Premier Division,Kerala Blasters,Delhi Dynamos,Away,Windy,0,4,50,12,13,14,1,0,29492,50,Away Win,4,-4,4,25,0,0,2023,3,Wednesday
MTC-21474,2023-03-15,Premier Division,Pune Warriors,Chennai Titans,Away,Windy,2,1,58,5,12,11,1,0,46973,42,Home Win,3,1,1,17,16,16,2023,3,Wednesday
MTC-21386,2023-03-16,Championship League,Mumbai United,Jaipur Lions,Neutral,Rainy,3,3,51,5,3,22,5,1,64266,49,Draw,6,0,0,8,2,2,2023,3,Thursday
MTC-21700,2023-03-16,Cup Series,Pune Warriors,Chennai Titans,Away,Cloudy,1,5,66,0,10,10,3,0,4562,34,Away Win,6,-4,4,10,32,32,2023,3,Thursday
MTC-20125,2023-03-17,Cup Series,Hyderabad Falcons,Delhi Dynamos,Away,Clear,0,1,44,2,0,7,5,1,15356,56,Away Win,1,-1,1,2,-12,12,2023,3,Friday
MTC-21060,2023-03-17,Cup Series,Bengaluru FC,Mumbai United,Home,Windy,0,5,63,12,6,21,3,1,57722,37,Away Win,5,-5,5,18,26,26,2023,3,Friday
MTC-21427,2023-03-17,Cup Series,Goa Sharks,Delhi Dynamos,Away,Windy,1,4,54,12,14,16,2,0,34550,46,Away Win,5,-3,3,26,8,8,2023,3,Friday
MTC-20181,2023-03-17,Championship League,Mumbai United,Delhi Dynamos,Neutral,Windy,2,5,40,0,9,14,4,1,49910,60,Away Win,7,-3,3,9,-20,20,2023,3,Friday
MTC-21097,2023-03-17,Championship League,Kolkata Strikers,Kerala Blasters,Neutral,Cloudy,3,3,47,8,11,5,2,1,63632,53,Draw,6,0,0,19,-6,6,2023,3,Friday
MTC-23414,2023-03-17,Premier Division,Hyderabad Falcons,Goa Sharks,Neutral,Clear,1,5,67,8,1,22,2,0,22870,33,Away Win,6,-4,4,9,34,34,2023,3,Friday
MTC-20749,2023-03-17,Championship League,Bengaluru FC,Goa Sharks,Home,Clear,3,0,70,2,11,11,6,0,46268,30,Home Win,3,3,3,13,40,40,2023,3,Friday
MTC-22773,2023-03-17,Championship League,Chennai Titans,Hyderabad Falcons,Away,Cloudy,5,1,59,3,13,7,1,0,60238,41,Home Win,6,4,4,16,18,18,2023,3,Friday
MTC-20703,2023-03-18,Cup Series,Delhi Dynamos,Jaipur Lions,Home,Rainy,0,4,41,2,14,8,2,0,33174,59,Away Win,4,-4,4,16,-18,18,2023,3,Saturday
MTC-20183,2023-03-18,Championship League,Kerala Blasters,Bengaluru FC,Home,Clear,0,2,33,1,9,17,1,0,48259,67,Away Win,2,-2,2,10,-34,34,2023,3,Saturday
MTC-22424,2023-03-18,Championship League,Chennai Titans,Bengaluru FC,Away,Windy,3,2,57,5,14,19,2,0,15048,43,Home Win,5,1,1,19,14,14,2023,3,Saturday
MTC-22326,2023-03-18,Cup Series,Pune Warriors,Hyderabad Falcons,Home,Cloudy,5,3,30,1,10,15,0,0,24489,70,Home Win,8,2,2,11,-40,40,2023,3,Saturday
MTC-22388,2023-03-18,Premier Division,Kerala Blasters,Bengaluru FC,Neutral,Windy,5,2,43,14,0,21,1,0,49152,57,Home Win,7,3,3,14,-14,14,2023,3,Saturday
MTC-23124,2023-03-18,Cup Series,Jaipur Lions,Goa Sharks,Neutral,Cloudy,4,1,53,9,2,7,6,1,31185,47,Home Win,5,3,3,11,6,6,2023,3,Saturday
MTC-21436,2023-03-20,Premier Division,Kolkata Strikers,Chennai Titans,Home,Rainy,0,2,54,11,8,18,4,0,59077,46,Away Win,2,-2,2,19,8,8,2023,3,Monday
MTC-22163,2023-03-20,Championship League,Mumbai United,Chennai Titans,Home,Windy,4,5,39,3,10,14,6,0,7453,61,Away Win,9,-1,1,13,-22,22,2023,3,Monday
MTC-20170,2023-03-20,Championship League,Jaipur Lions,Goa Sharks,Away,Clear,2,0,31,4,10,10,1,1,14162,69,Home Win,2,2,2,14,-38,38,2023,3,Monday
MTC-22416,2023-03-21,Championship League,Bengaluru FC,Delhi Dynamos,Away,Windy,2,4,61,1,10,9,3,0,4373,39,Away Win,6,-2,2,11,22,22,2023,3,Tuesday
MTC-21443,2023-03-21,Premier Division,Kerala Blasters,Chennai Titans,Away,Cloudy,3,4,45,11,7,19,4,0,46970,55,Away Win,7,-1,1,18,-10,10,2023,3,Tuesday
MTC-21331,2023-03-22,Championship League,Bengaluru FC,Delhi Dynamos,Away,Windy,5,1,30,10,0,19,4,1,33206,70,Home Win,6,4,4,10,-40,40,2023,3,Wednesday
MTC-23242,2023-03-22,Premier Division,Kolkata Strikers,Jaipur Lions,Home,Cloudy,1,1,41,10,13,16,1,0,53173,59,Draw,2,0,0,23,-18,18,2023,3,Wednesday
MTC-21781,2023-03-22,Premier Division,Delhi Dynamos,Mumbai United,Away,Windy,5,4,63,5,11,23,3,0,2926,37,Home Win,9,1,1,16,26,26,2023,3,Wednesday
MTC-22333,2023-03-23,Cup Series,Bengaluru FC,Delhi Dynamos,Neutral,Rainy,2,4,46,4,14,6,5,1,11030,54,Away Win,6,-2,2,18,-8,8,2023,3,Thursday
MTC-21782,2023-03-23,Premier Division,Goa Sharks,Delhi Dynamos,Home,Rainy,1,3,33,3,2,19,4,0,56522,67,Away Win,4,-2,2,5,-34,34,2023,3,Thursday
MTC-23678,2023-03-23,Premier Division,Bengaluru FC,Goa Sharks,Home,Windy,5,2,65,2,8,8,6,0,24116,35,Home Win,7,3,3,10,30,30,2023,3,Thursday
MTC-23559,2023-03-23,Premier Division,Kerala Blasters,Goa Sharks,Away,Clear,1,4,44,0,9,6,1,0,50574,56,Away Win,5,-3,3,9,-12,12,2023,3,Thursday
MTC-20066,2023-03-23,Cup Series,Mumbai United,Goa Sharks,Home,Cloudy,0,4,44,7,13,14,5,0,50278,56,Away Win,4,-4,4,20,-12,12,2023,3,Thursday
MTC-20447,2023-03-23,Championship League,Hyderabad Falcons,Delhi Dynamos,Neutral,Windy,3,5,53,0,10,12,4,0,22677,47,Away Win,8,-2,2,10,6,6,2023,3,Thursday
MTC-20261,2023-03-23,Championship League,Jaipur Lions,Hyderabad Falcons,Home,Cloudy,4,5,69,0,13,15,6,0,57932,31,Away Win,9,-1,1,13,38,38,2023,3,Thursday
MTC-20928,2023-03-24,Championship League,Delhi Dynamos,Kerala Blasters,Home,Clear,4,0,66,4,7,24,0,0,22372,34,Home Win,4,4,4,11,32,32,2023,3,Friday
MTC-21240,2023-03-24,Championship League,Goa Sharks,Mumbai United,Home,Windy,0,0,63,7,8,13,6,0,23777,37,Draw,0,0,0,15,26,26,2023,3,Friday
MTC-22109,2023-03-25,Premier Division,Kerala Blasters,Hyderabad Falcons,Away,Rainy,2,3,60,10,13,8,2,0,62016,40,Away Win,5,-1,1,23,20,20,2023,3,Saturday
MTC-21212,2023-03-25,Premier Division,Bengaluru FC,Chennai Titans,Home,Cloudy,5,2,70,5,11,18,6,0,55788,30,Home Win,7,3,3,16,40,40,2023,3,Saturday
MTC-21825,2023-03-25,Premier Division,Goa Sharks,Bengaluru FC,Away,Rainy,4,2,60,0,13,17,2,1,16691,40,Home Win,6,2,2,13,20,20,2023,3,Saturday
MTC-22151,2023-03-25,Premier Division,Jaipur Lions,Kolkata Strikers,Home,Windy,1,5,38,8,7,23,3,0,2455,62,Away Win,6,-4,4,15,-24,24,2023,3,Saturday
MTC-23418,2023-03-25,Premier Division,Chennai Titans,Bengaluru FC,Home,Cloudy,0,5,34,3,7,10,4,1,16591,66,Away Win,5,-5,5,10,-32,32,2023,3,Saturday
MTC-20579,2023-03-25,Cup Series,Kerala Blasters,Goa Sharks,Away,Windy,4,0,45,5,2,23,6,0,57675,55,Home Win,4,4,4,7,-10,10,2023,3,Saturday
MTC-23017,2023-03-26,Cup Series,Hyderabad Falcons,Jaipur Lions,Away,Cloudy,4,3,49,14,5,10,4,0,47044,51,Home Win,7,1,1,19,-2,2,2023,3,Sunday
MTC-21235,2023-03-26,Cup Series,Delhi Dynamos,Goa Sharks,Home,Windy,4,4,49,0,14,9,6,1,33656,51,Draw,8,0,0,14,-2,2,2023,3,Sunday
MTC-20689,2023-03-26,Championship League,Mumbai United,Goa Sharks,Home,Clear,4,3,63,6,0,20,6,0,6733,37,Home Win,7,1,1,6,26,26,2023,3,Sunday
MTC-21721,2023-03-26,Cup Series,Pune Warriors,Bengaluru FC,Home,Clear,0,5,41,12,3,24,4,0,25863,59,Away Win,5,-5,5,15,-18,18,2023,3,Sunday
MTC-20683,2023-03-26,Cup Series,Chennai Titans,Delhi Dynamos,Home,Clear,0,3,59,11,9,6,1,1,43439,41,Away Win,3,-3,3,20,18,18,2023,3,Sunday
MTC-23538,2023-03-26,Premier Division,Chennai Titans,Jaipur Lions,Neutral,Clear,5,4,47,6,0,12,2,1,63924,53,Home Win,9,1,1,6,-6,6,2023,3,Sunday
MTC-21094,2023-03-27,Premier Division,Jaipur Lions,Chennai Titans,Away,Cloudy,5,3,56,13,2,18,2,0,44693,44,Home Win,8,2,2,15,12,12,2023,3,Monday
MTC-21265,2023-03-27,Championship League,Mumbai United,Jaipur Lions,Away,Cloudy,0,2,65,3,11,19,0,1,28791,35,Away Win,2,-2,2,14,30,30,2023,3,Monday
MTC-20252,2023-03-27,Championship League,Delhi Dynamos,Goa Sharks,Home,Clear,0,5,52,8,6,15,3,0,50581,48,Away Win,5,-5,5,14,4,4,2023,3,Monday
MTC-20325,2023-03-28,Premier Division,Kerala Blasters,Mumbai United,Home,Windy,4,5,59,14,2,21,2,0,63744,41,Away Win,9,-1,1,16,18,18,2023,3,Tuesday
MTC-22202,2023-03-28,Championship League,Goa Sharks,Bengaluru FC,Home,Rainy,2,0,68,1,0,12,5,1,9725,32,Home Win,2,2,2,1,36,36,2023,3,Tuesday
MTC-21818,2023-03-28,Premier Division,Delhi Dynamos,Bengaluru FC,Home,Clear,4,4,34,3,13,6,1,1,14253,66,Draw,8,0,0,16,-32,32,2023,3,Tuesday
MTC-21618,2023-03-29,Cup Series,Chennai Titans,Kolkata Strikers,Home,Cloudy,4,2,60,8,5,13,3,1,24439,40,Home Win,6,2,2,13,20,20,2023,3,Wednesday
MTC-20766,2023-03-29,Championship League,Jaipur Lions,Hyderabad Falcons,Neutral,Windy,4,5,48,5,0,7,3,0,47550,52,Away Win,9,-1,1,5,-4,4,2023,3,Wednesday
MTC-23299,2023-03-29,Championship League,Goa Sharks,Hyderabad Falcons,Away,Windy,0,5,31,12,10,20,4,0,4730,69,Away Win,5,-5,5,22,-38,38,2023,3,Wednesday
MTC-21596,2023-03-30,Cup Series,Kolkata Strikers,Jaipur Lions,Home,Rainy,5,3,63,6,0,19,6,0,61748,37,Home Win,8,2,2,6,26,26,2023,3,Thursday
MTC-20955,2023-03-30,Championship League,Pune Warriors,Bengaluru FC,Away,Cloudy,1,1,64,12,11,11,5,0,40688,36,Draw,2,0,0,23,28,28,2023,3,Thursday
MTC-21778,2023-03-30,Cup Series,Bengaluru FC,Kerala Blasters,Away,Cloudy,1,3,30,2,11,16,4,1,46501,70,Away Win,4,-2,2,13,-40,40,2023,3,Thursday
MTC-23006,2023-03-30,Premier Division,Delhi Dynamos,Hyderabad Falcons,Neutral,Cloudy,0,1,61,1,2,21,5,0,63014,39,Away Win,1,-1,1,3,22,22,2023,3,Thursday
MTC-21062,2023-03-30,Championship League,Chennai Titans,Mumbai United,Away,Clear,1,2,57,7,3,19,0,1,3932,43,Away Win,3,-1,1,10,14,14,2023,3,Thursday
MTC-22137,2023-03-30,Premier Division,Hyderabad Falcons,Kerala Blasters,Neutral,Clear,2,4,32,13,6,11,6,0,30710,68,Away Win,6,-2,2,19,-36,36,2023,3,Thursday
MTC-22232,2023-03-30,Cup Series,Pune Warriors,Goa Sharks,Away,Rainy,0,1,32,12,4,10,0,1,38676,68,Away Win,1,-1,1,16,-36,36,2023,3,Thursday
MTC-20572,2023-03-30,Championship League,Bengaluru FC,Hyderabad Falcons,Neutral,Clear,0,4,36,10,6,13,6,1,45373,64,Away Win,4,-4,4,16,-28,28,2023,3,Thursday
MTC-21697,2023-03-30,Championship League,Goa Sharks,Mumbai United,Neutral,Clear,1,4,32,11,0,23,1,1,53911,68,Away Win,5,-3,3,11,-36,36,2023,3,Thursday
MTC-22816,2023-03-31,Cup Series,Jaipur Lions,Goa Sharks,Home,Clear,3,5,44,5,8,15,4,0,6466,56,Away Win,8,-2,2,13,-12,12,2023,3,Friday
MTC-22162,2023-03-31,Premier Division,Delhi Dynamos,Hyderabad Falcons,Away,Cloudy,3,2,46,12,11,12,3,1,40871,54,Home Win,5,1,1,23,-8,8,2023,3,Friday
MTC-20131,2023-03-31,Championship League,Bengaluru FC,Delhi Dynamos,Home,Rainy,0,1,53,7,4,20,4,0,52073,47,Away Win,1,-1,1,11,6,6,2023,3,Friday
MTC-23462,2023-03-31,Cup Series,Hyderabad Falcons,Pune Warriors,Away,Clear,0,1,39,7,3,20,6,0,26844,61,Away Win,1,-1,1,10,-22,22,2023,3,Friday
MTC-21175,2023-04-01,Cup Series,Jaipur Lions,Hyderabad Falcons,Neutral,Windy,3,2,51,5,13,19,4,1,26921,49,Home Win,5,1,1,18,2,2,2023,4,Saturday
MTC-20175,2023-04-01,Premier Division,Chennai Titans,Delhi Dynamos,Away,Rainy,4,3,61,0,13,8,3,1,37306,39,Home Win,7,1,1,13,22,22,2023,4,Saturday
MTC-22056,2023-04-01,Premier Division,Hyderabad Falcons,Goa Sharks,Away,Windy,3,3,35,5,6,16,0,1,28762,65,Draw,6,0,0,11,-30,30,2023,4,Saturday
MTC-22085,2023-04-01,Championship League,Mumbai United,Delhi Dynamos,Home,Cloudy,1,2,44,6,2,13,3,1,52685,56,Away Win,3,-1,1,8,-12,12,2023,4,Saturday
MTC-23169,2023-04-01,Cup Series,Chennai Titans,Goa Sharks,Home,Clear,4,1,57,12,3,8,5,1,23153,43,Home Win,5,3,3,15,14,14,2023,4,Saturday
MTC-20476,2023-04-01,Cup Series,Delhi Dynamos,Kerala Blasters,Away,Cloudy,4,4,62,11,5,8,5,1,64053,38,Draw,8,0,0,16,24,24,2023,4,Saturday
MTC-23686,2023-04-02,Premier Division,Delhi Dynamos,Jaipur Lions,Home,Cloudy,2,4,55,14,14,23,3,0,45419,45,Away Win,6,-2,2,28,10,10,2023,4,Sunday
MTC-20319,2023-04-02,Cup Series,Mumbai United,Kolkata Strikers,Home,Cloudy,2,3,57,0,2,15,3,0,50208,43,Away Win,5,-1,1,2,14,14,2023,4,Sunday
MTC-21999,2023-04-02,Cup Series,Bengaluru FC,Kolkata Strikers,Away,Windy,1,5,33,0,9,9,3,1,39646,67,Away Win,6,-4,4,9,-34,34,2023,4,Sunday
MTC-22956,2023-04-02,Premier Division,Delhi Dynamos,Jaipur Lions,Neutral,Rainy,4,1,69,12,5,19,0,1,20252,31,Home Win,5,3,3,17,38,38,2023,4,Sunday
MTC-22797,2023-04-02,Cup Series,Delhi Dynamos,Hyderabad Falcons,Neutral,Clear,5,2,40,7,9,18,0,1,14136,60,Home Win,7,3,3,16,-20,20,2023,4,Sunday
MTC-20935,2023-04-02,Cup Series,Goa Sharks,Bengaluru FC,Away,Windy,4,1,56,5,4,5,2,1,58871,44,Home Win,5,3,3,9,12,12,2023,4,Sunday
MTC-21669,2023-04-02,Cup Series,Delhi Dynamos,Kolkata Strikers,Home,Cloudy,2,5,37,11,0,21,4,1,30141,63,Away Win,7,-3,3,11,-26,26,2023,4,Sunday
MTC-21689,2023-04-02,Cup Series,Chennai Titans,Delhi Dynamos,Neutral,Clear,4,1,49,5,11,14,0,1,53149,51,Home Win,5,3,3,16,-2,2,2023,4,Sunday
MTC-20694,2023-04-03,Premier Division,Bengaluru FC,Hyderabad Falcons,Home,Clear,2,1,49,6,7,14,6,1,22392,51,Home Win,3,1,1,13,-2,2,2023,4,Monday
MTC-22891,2023-04-03,Cup Series,Jaipur Lions,Chennai Titans,Neutral,Rainy,1,2,50,1,10,18,1,0,43766,50,Away Win,3,-1,1,11,0,0,2023,4,Monday
MTC-23483,2023-04-03,Cup Series,Pune Warriors,Hyderabad Falcons,Away,Cloudy,1,4,67,10,5,21,2,1,30873,33,Away Win,5,-3,3,15,34,34,2023,4,Monday
MTC-20335,2023-04-03,Championship League,Hyderabad Falcons,Goa Sharks,Home,Windy,3,5,63,5,12,8,2,0,25554,37,Away Win,8,-2,2,17,26,26,2023,4,Monday
MTC-22509,2023-04-04,Premier Division,Jaipur Lions,Goa Sharks,Home,Cloudy,4,1,57,5,6,15,3,1,60117,43,Home Win,5,3,3,11,14,14,2023,4,Tuesday
MTC-20096,2023-04-04,Championship League,Goa Sharks,Kerala Blasters,Away,Rainy,5,5,38,10,14,8,2,0,51964,62,Draw,10,0,0,24,-24,24,2023,4,Tuesday
MTC-22050,2023-04-05,Championship League,Jaipur Lions,Delhi Dynamos,Neutral,Windy,5,5,49,0,1,6,2,0,6517,51,Draw,10,0,0,1,-2,2,2023,4,Wednesday
MTC-23534,2023-04-05,Cup Series,Delhi Dynamos,Kolkata Strikers,Away,Windy,4,4,70,14,5,14,3,0,31409,30,Draw,8,0,0,19,40,40,2023,4,Wednesday
MTC-20727,2023-04-06,Premier Division,Pune Warriors,Delhi Dynamos,Neutral,Rainy,2,1,43,5,6,5,6,0,8779,57,Home Win,3,1,1,11,-14,14,2023,4,Thursday
MTC-21321,2023-04-06,Premier Division,Bengaluru FC,Hyderabad Falcons,Neutral,Rainy,3,4,36,3,0,17,2,0,11651,64,Away Win,7,-1,1,3,-28,28,2023,4,Thursday
MTC-20292,2023-04-06,Championship League,Mumbai United,Bengaluru FC,Home,Clear,4,2,50,12,7,8,1,1,47467,50,Home Win,6,2,2,19,0,0,2023,4,Thursday
MTC-21033,2023-04-06,Premier Division,Mumbai United,Chennai Titans,Neutral,Windy,5,0,36,2,9,10,5,1,49376,64,Home Win,5,5,5,11,-28,28,2023,4,Thursday
MTC-20723,2023-04-06,Cup Series,Pune Warriors,Mumbai United,Neutral,Cloudy,1,4,55,11,0,24,3,1,4298,45,Away Win,5,-3,3,11,10,10,2023,4,Thursday
MTC-23539,2023-04-07,Championship League,Goa Sharks,Pune Warriors,Neutral,Windy,4,5,47,8,4,13,0,1,12337,53,Away Win,9,-1,1,12,-6,6,2023,4,Friday
MTC-23082,2023-04-07,Premier Division,Hyderabad Falcons,Pune Warriors,Neutral,Cloudy,0,5,32,2,10,18,5,0,45620,68,Away Win,5,-5,5,12,-36,36,2023,4,Friday
MTC-23499,2023-04-07,Premier Division,Chennai Titans,Kerala Blasters,Home,Clear,2,1,48,11,9,9,1,0,18714,52,Home Win,3,1,1,20,-4,4,2023,4,Friday
MTC-22924,2023-04-07,Cup Series,Jaipur Lions,Delhi Dynamos,Away,Windy,2,2,63,7,7,6,5,1,44468,37,Draw,4,0,0,14,26,26,2023,4,Friday
MTC-21986,2023-04-08,Championship League,Mumbai United,Hyderabad Falcons,Home,Clear,3,3,46,3,0,19,6,0,27094,54,Draw,6,0,0,3,-8,8,2023,4,Saturday
MTC-22910,2023-04-08,Cup Series,Jaipur Lions,Mumbai United,Home,Clear,2,0,49,6,13,9,2,1,2281,51,Home Win,2,2,2,19,-2,2,2023,4,Saturday
MTC-20921,2023-04-08,Championship League,Kolkata Strikers,Goa Sharks,Home,Clear,5,5,70,3,11,14,0,1,28647,30,Draw,10,0,0,14,40,40,2023,4,Saturday
MTC-22145,2023-04-08,Cup Series,Kolkata Strikers,Mumbai United,Home,Windy,1,0,40,0,0,17,2,1,33631,60,Home Win,1,1,1,0,-20,20,2023,4,Saturday
MTC-20369,2023-04-08,Cup Series,Jaipur Lions,Mumbai United,Neutral,Rainy,1,5,53,14,11,7,4,1,59738,47,Away Win,6,-4,4,25,6,6,2023,4,Saturday
MTC-21061,2023-04-08,Championship League,Bengaluru FC,Mumbai United,Away,Cloudy,3,0,38,14,0,5,4,1,55349,62,Home Win,3,3,3,14,-24,24,2023,4,Saturday
MTC-22016,2023-04-08,Cup Series,Chennai Titans,Delhi Dynamos,Away,Clear,5,4,58,14,8,7,6,0,25665,42,Home Win,9,1,1,22,16,16,2023,4,Saturday
MTC-21791,2023-04-09,Cup Series,Goa Sharks,Mumbai United,Neutral,Clear,5,4,52,14,4,23,2,1,52536,48,Home Win,9,1,1,18,4,4,2023,4,Sunday
MTC-21415,2023-04-09,Championship League,Kolkata Strikers,Jaipur Lions,Away,Cloudy,4,0,47,5,6,6,2,1,46722,53,Home Win,4,4,4,11,-6,6,2023,4,Sunday
MTC-22106,2023-04-09,Cup Series,Chennai Titans,Kerala Blasters,Away,Rainy,0,0,45,12,14,11,1,0,10270,55,Draw,0,0,0,26,-10,10,2023,4,Sunday
MTC-22587,2023-04-09,Championship League,Jaipur Lions,Pune Warriors,Away,Rainy,3,3,53,5,9,14,0,0,5504,47,Draw,6,0,0,14,6,6,2023,4,Sunday
MTC-22940,2023-04-10,Premier Division,Kolkata Strikers,Mumbai United,Away,Clear,2,5,56,10,1,14,2,1,4115,44,Away Win,7,-3,3,11,12,12,2023,4,Monday
MTC-23628,2023-04-10,Premier Division,Chennai Titans,Jaipur Lions,Neutral,Clear,1,3,42,11,1,17,6,0,3347,58,Away Win,4,-2,2,12,-16,16,2023,4,Monday
MTC-23025,2023-04-10,Championship League,Jaipur Lions,Hyderabad Falcons,Home,Clear,2,0,55,3,2,15,3,0,55640,45,Home Win,2,2,2,5,10,10,2023,4,Monday
MTC-21348,2023-04-10,Cup Series,Kerala Blasters,Hyderabad Falcons,Home,Cloudy,1,5,63,6,12,5,6,0,24764,37,Away Win,6,-4,4,18,26,26,2023,4,Monday
MTC-21775,2023-04-10,Premier Division,Delhi Dynamos,Kerala Blasters,Neutral,Clear,0,1,63,6,0,17,4,1,57802,37,Away Win,1,-1,1,6,26,26,2023,4,Monday
MTC-23525,2023-04-11,Premier Division,Mumbai United,Jaipur Lions,Neutral,Clear,4,3,46,14,7,17,6,1,18549,54,Home Win,7,1,1,21,-8,8,2023,4,Tuesday
MTC-20597,2023-04-11,Cup Series,Goa Sharks,Delhi Dynamos,Neutral,Windy,4,3,45,14,10,20,2,0,25967,55,Home Win,7,1,1,24,-10,10,2023,4,Tuesday
MTC-23044,2023-04-11,Championship League,Hyderabad Falcons,Bengaluru FC,Home,Cloudy,4,2,37,3,4,17,0,0,15741,63,Home Win,6,2,2,7,-26,26,2023,4,Tuesday
MTC-20012,2023-04-11,Championship League,Jaipur Lions,Goa Sharks,Away,Rainy,0,2,66,11,9,6,4,1,58268,34,Away Win,2,-2,2,20,32,32,2023,4,Tuesday
MTC-21201,2023-04-11,Championship League,Kerala Blasters,Pune Warriors,Neutral,Rainy,5,4,43,5,10,10,3,1,62530,57,Home Win,9,1,1,15,-14,14,2023,4,Tuesday
MTC-20849,2023-04-11,Cup Series,Mumbai United,Jaipur Lions,Neutral,Windy,1,2,37,13,3,12,0,1,50392,63,Away Win,3,-1,1,16,-26,26,2023,4,Tuesday
MTC-23677,2023-04-12,Cup Series,Bengaluru FC,Kolkata Strikers,Away,Windy,4,1,58,12,2,18,4,1,61984,42,Home Win,5,3,3,14,16,16,2023,4,Wednesday
MTC-21461,2023-04-12,Cup Series,Delhi Dynamos,Hyderabad Falcons,Neutral,Clear,5,5,35,14,1,18,2,0,38442,65,Draw,10,0,0,15,-30,30,2023,4,Wednesday
MTC-23196,2023-04-12,Premier Division,Pune Warriors,Hyderabad Falcons,Away,Windy,0,5,39,5,14,9,2,1,50928,61,Away Win,5,-5,5,19,-22,22,2023,4,Wednesday
MTC-21279,2023-04-12,Championship League,Kerala Blasters,Bengaluru FC,Away,Cloudy,0,1,35,5,1,6,6,1,44426,65,Away Win,1,-1,1,6,-30,30,2023,4,Wednesday
MTC-22285,2023-04-12,Championship League,Hyderabad Falcons,Chennai Titans,Away,Rainy,0,3,42,2,0,8,4,1,11341,58,Away Win,3,-3,3,2,-16,16,2023,4,Wednesday
MTC-23485,2023-04-12,Premier Division,Bengaluru FC,Kerala Blasters,Neutral,Cloudy,0,1,53,12,8,17,4,1,2280,47,Away Win,1,-1,1,20,6,6,2023,4,Wednesday
MTC-23300,2023-04-13,Championship League,Chennai Titans,Hyderabad Falcons,Neutral,Rainy,5,4,43,9,12,5,6,1,38763,57,Home Win,9,1,1,21,-14,14,2023,4,Thursday
MTC-22745,2023-04-13,Premier Division,Delhi Dynamos,Kerala Blasters,Away,Rainy,3,0,47,12,12,7,0,0,61346,53,Home Win,3,3,3,24,-6,6,2023,4,Thursday
MTC-22647,2023-04-13,Cup Series,Pune Warriors,Chennai Titans,Home,Clear,4,0,61,10,0,5,3,0,37783,39,Home Win,4,4,4,10,22,22,2023,4,Thursday
MTC-20656,2023-04-13,Championship League,Delhi Dynamos,Pune Warriors,Away,Rainy,4,5,68,11,13,10,5,1,50733,32,Away Win,9,-1,1,24,36,36,2023,4,Thursday
MTC-23015,2023-04-14,Premier Division,Jaipur Lions,Kerala Blasters,Home,Rainy,5,3,65,2,6,12,1,0,53637,35,Home Win,8,2,2,8,30,30,2023,4,Friday
MTC-21353,2023-04-14,Cup Series,Mumbai United,Bengaluru FC,Neutral,Cloudy,5,2,51,9,1,18,0,1,51082,49,Home Win,7,3,3,10,2,2,2023,4,Friday
MTC-23521,2023-04-14,Cup Series,Chennai Titans,Hyderabad Falcons,Away,Clear,2,4,41,1,4,23,5,0,57695,59,Away Win,6,-2,2,5,-18,18,2023,4,Friday
MTC-21136,2023-04-15,Championship League,Delhi Dynamos,Goa Sharks,Neutral,Windy,1,3,31,7,14,17,0,1,7895,69,Away Win,4,-2,2,21,-38,38,2023,4,Saturday
MTC-20527,2023-04-15,Championship League,Delhi Dynamos,Kerala Blasters,Neutral,Cloudy,4,0,56,1,6,11,0,0,38672,44,Home Win,4,4,4,7,12,12,2023,4,Saturday
MTC-22040,2023-04-15,Premier Division,Jaipur Lions,Delhi Dynamos,Home,Cloudy,2,5,37,12,8,21,3,1,25930,63,Away Win,7,-3,3,20,-26,26,2023,4,Saturday
MTC-22605,2023-04-16,Championship League,Bengaluru FC,Goa Sharks,Away,Windy,3,5,68,3,1,15,2,0,62008,32,Away Win,8,-2,2,4,36,36,2023,4,Sunday
MTC-21173,2023-04-16,Championship League,Jaipur Lions,Kerala Blasters,Home,Cloudy,1,5,66,8,0,16,1,0,40871,34,Away Win,6,-4,4,8,32,32,2023,4,Sunday
MTC-23371,2023-04-16,Championship League,Pune Warriors,Delhi Dynamos,Away,Cloudy,2,0,32,0,0,13,1,0,24979,68,Home Win,2,2,2,0,-36,36,2023,4,Sunday
MTC-21493,2023-04-16,Cup Series,Goa Sharks,Kolkata Strikers,Neutral,Cloudy,0,2,70,8,11,17,5,0,20049,30,Away Win,2,-2,2,19,40,40,2023,4,Sunday
MTC-22307,2023-04-16,Cup Series,Jaipur Lions,Goa Sharks,Home,Windy,5,1,58,10,10,21,4,1,25837,42,Home Win,6,4,4,20,16,16,2023,4,Sunday
MTC-20013,2023-04-16,Cup Series,Mumbai United,Pune Warriors,Home,Rainy,5,5,39,12,9,23,5,0,64634,61,Draw,10,0,0,21,-22,22,2023,4,Sunday
MTC-22340,2023-04-16,Championship League,Kerala Blasters,Jaipur Lions,Home,Cloudy,3,2,45,12,1,11,6,1,20829,55,Home Win,5,1,1,13,-10,10,2023,4,Sunday
MTC-21666,2023-04-17,Championship League,Chennai Titans,Kerala Blasters,Neutral,Cloudy,2,1,62,4,4,13,6,1,30960,38,Home Win,3,1,1,8,24,24,2023,4,Monday
MTC-21028,2023-04-17,Cup Series,Pune Warriors,Bengaluru FC,Home,Rainy,0,5,61,13,0,6,0,0,7306,39,Away Win,5,-5,5,13,22,22,2023,4,Monday
MTC-23368,2023-04-17,Cup Series,Hyderabad Falcons,Mumbai United,Neutral,Clear,1,2,30,0,10,20,4,0,59424,70,Away Win,3,-1,1,10,-40,40,2023,4,Monday
MTC-21333,2023-04-17,Premier Division,Goa Sharks,Kerala Blasters,Neutral,Windy,5,5,32,6,9,9,0,0,56492,68,Draw,10,0,0,15,-36,36,2023,4,Monday
MTC-21566,2023-04-17,Championship League,Chennai Titans,Mumbai United,Neutral,Rainy,0,5,35,7,8,6,6,1,45310,65,Away Win,5,-5,5,15,-30,30,2023,4,Monday
MTC-23613,2023-04-17,Cup Series,Bengaluru FC,Mumbai United,Home,Rainy,1,2,62,14,5,5,3,1,24352,38,Away Win,3,-1,1,19,24,24,2023,4,Monday
MTC-22519,2023-04-17,Cup Series,Jaipur Lions,Chennai Titans,Away,Clear,0,1,60,14,5,18,6,0,49980,40,Away Win,1,-1,1,19,20,20,2023,4,Monday
MTC-21643,2023-04-17,Championship League,Mumbai United,Jaipur Lions,Neutral,Rainy,3,4,54,1,8,8,0,0,49874,46,Away Win,7,-1,1,9,8,8,2023,4,Monday
MTC-20629,2023-04-18,Cup Series,Chennai Titans,Delhi Dynamos,Home,Clear,1,4,50,4,5,5,2,1,18447,50,Away Win,5,-3,3,9,0,0,2023,4,Tuesday
MTC-22859,2023-04-19,Championship League,Chennai Titans,Kolkata Strikers,Home,Clear,2,5,47,10,14,8,3,1,59382,53,Away Win,7,-3,3,24,-6,6,2023,4,Wednesday
MTC-22654,2023-04-19,Championship League,Mumbai United,Chennai Titans,Neutral,Cloudy,0,5,36,2,6,10,0,0,30555,64,Away Win,5,-5,5,8,-28,28,2023,4,Wednesday
MTC-22667,2023-04-19,Cup Series,Kolkata Strikers,Delhi Dynamos,Home,Rainy,5,2,61,10,10,23,6,0,58288,39,Home Win,7,3,3,20,22,22,2023,4,Wednesday
MTC-20637,2023-04-19,Championship League,Delhi Dynamos,Pune Warriors,Neutral,Rainy,1,2,59,14,14,13,2,0,4360,41,Away Win,3,-1,1,28,18,18,2023,4,Wednesday
MTC-22093,2023-04-19,Cup Series,Delhi Dynamos,Kolkata Strikers,Home,Rainy,1,5,35,14,12,10,2,0,4295,65,Away Win,6,-4,4,26,-30,30,2023,4,Wednesday
MTC-23718,2023-04-19,Cup Series,Bengaluru FC,Hyderabad Falcons,Neutral,Rainy,4,5,69,0,8,7,0,1,50338,31,Away Win,9,-1,1,8,38,38,2023,4,Wednesday
MTC-20571,2023-04-19,Premier Division,Delhi Dynamos,Bengaluru FC,Home,Cloudy,0,1,51,1,11,14,6,1,4903,49,Away Win,1,-1,1,12,2,2,2023,4,Wednesday
MTC-21254,2023-04-20,Premier Division,Pune Warriors,Hyderabad Falcons,Home,Windy,5,2,48,1,0,22,3,0,17832,52,Home Win,7,3,3,1,-4,4,2023,4,Thursday
MTC-21737,2023-04-20,Premier Division,Mumbai United,Pune Warriors,Away,Cloudy,5,5,70,12,14,7,2,1,60868,30,Draw,10,0,0,26,40,40,2023,4,Thursday
MTC-22123,2023-04-20,Championship League,Bengaluru FC,Kolkata Strikers,Home,Rainy,3,2,62,5,11,5,2,0,40920,38,Home Win,5,1,1,16,24,24,2023,4,Thursday
MTC-21674,2023-04-21,Premier Division,Delhi Dynamos,Kerala Blasters,Home,Cloudy,5,4,68,3,8,23,1,0,19287,32,Home Win,9,1,1,11,36,36,2023,4,Friday
MTC-20551,2023-04-21,Championship League,Goa Sharks,Mumbai United,Home,Rainy,4,1,30,6,4,13,2,1,40233,70,Home Win,5,3,3,10,-40,40,2023,4,Friday
MTC-20688,2023-04-21,Cup Series,Goa Sharks,Delhi Dynamos,Home,Rainy,4,0,50,6,8,22,1,1,12839,50,Home Win,4,4,4,14,0,0,2023,4,Friday
MTC-20641,2023-04-21,Premier Division,Jaipur Lions,Goa Sharks,Neutral,Clear,0,0,38,11,2,15,5,0,55636,62,Draw,0,0,0,13,-24,24,2023,4,Friday
MTC-20831,2023-04-21,Cup Series,Hyderabad Falcons,Kolkata Strikers,Away,Windy,1,3,45,8,2,14,1,1,48371,55,Away Win,4,-2,2,10,-10,10,2023,4,Friday
MTC-22157,2023-04-22,Cup Series,Kolkata Strikers,Delhi Dynamos,Neutral,Windy,4,0,43,6,2,17,4,1,32365,57,Home Win,4,4,4,8,-14,14,2023,4,Saturday
MTC-23784,2023-04-22,Championship League,Jaipur Lions,Delhi Dynamos,Away,Windy,5,0,61,5,9,15,1,1,35068,39,Home Win,5,5,5,14,22,22,2023,4,Saturday
MTC-21862,2023-04-22,Championship League,Goa Sharks,Chennai Titans,Home,Rainy,1,5,39,10,3,13,1,0,5363,61,Away Win,6,-4,4,13,-22,22,2023,4,Saturday
MTC-21913,2023-04-22,Cup Series,Kolkata Strikers,Delhi Dynamos,Home,Rainy,2,3,57,13,8,5,3,1,40466,43,Away Win,5,-1,1,21,14,14,2023,4,Saturday
MTC-20941,2023-04-22,Premier Division,Mumbai United,Delhi Dynamos,Away,Windy,3,5,69,14,9,14,0,0,14173,31,Away Win,8,-2,2,23,38,38,2023,4,Saturday
MTC-22130,2023-04-22,Championship League,Kerala Blasters,Jaipur Lions,Away,Clear,3,0,48,3,7,18,5,1,35928,52,Home Win,3,3,3,10,-4,4,2023,4,Saturday
MTC-20459,2023-04-22,Championship League,Kerala Blasters,Hyderabad Falcons,Home,Rainy,1,5,57,6,8,24,5,1,21988,43,Away Win,6,-4,4,14,14,14,2023,4,Saturday
MTC-23131,2023-04-23,Championship League,Kerala Blasters,Mumbai United,Home,Clear,5,4,64,4,13,12,0,0,45328,36,Home Win,9,1,1,17,28,28,2023,4,Sunday
MTC-21846,2023-04-23,Championship League,Chennai Titans,Bengaluru FC,Away,Clear,4,1,63,13,12,16,5,0,44099,37,Home Win,5,3,3,25,26,26,2023,4,Sunday
MTC-23322,2023-04-23,Cup Series,Pune Warriors,Goa Sharks,Neutral,Windy,2,3,39,3,8,20,5,1,46408,61,Away Win,5,-1,1,11,-22,22,2023,4,Sunday
MTC-22080,2023-04-24,Premier Division,Hyderabad Falcons,Chennai Titans,Away,Rainy,5,2,56,10,2,22,6,0,21138,44,Home Win,7,3,3,12,12,12,2023,4,Monday
MTC-22585,2023-04-24,Championship League,Hyderabad Falcons,Kerala Blasters,Neutral,Rainy,4,2,64,1,6,7,1,1,64605,36,Home Win,6,2,2,7,28,28,2023,4,Monday
MTC-22428,2023-04-24,Cup Series,Hyderabad Falcons,Jaipur Lions,Home,Rainy,5,4,40,9,14,16,2,1,52264,60,Home Win,9,1,1,23,-20,20,2023,4,Monday
MTC-21198,2023-04-24,Championship League,Pune Warriors,Delhi Dynamos,Home,Rainy,0,5,46,7,13,18,2,1,29810,54,Away Win,5,-5,5,20,-8,8,2023,4,Monday
MTC-23532,2023-04-25,Championship League,Chennai Titans,Jaipur Lions,Home,Clear,0,4,46,4,6,7,4,1,24538,54,Away Win,4,-4,4,10,-8,8,2023,4,Tuesday
MTC-22974,2023-04-25,Championship League,Pune Warriors,Jaipur Lions,Neutral,Cloudy,3,1,49,14,11,17,3,0,52930,51,Home Win,4,2,2,25,-2,2,2023,4,Tuesday
MTC-22976,2023-04-25,Championship League,Hyderabad Falcons,Jaipur Lions,Neutral,Rainy,1,0,44,1,5,14,2,1,21337,56,Home Win,1,1,1,6,-12,12,2023,4,Tuesday
MTC-22097,2023-04-25,Premier Division,Kerala Blasters,Mumbai United,Neutral,Windy,3,0,41,10,11,20,1,1,2405,59,Home Win,3,3,3,21,-18,18,2023,4,Tuesday
MTC-20575,2023-04-25,Cup Series,Pune Warriors,Goa Sharks,Home,Clear,4,5,38,10,4,24,1,1,22823,62,Away Win,9,-1,1,14,-24,24,2023,4,Tuesday
MTC-20783,2023-04-26,Championship League,Kerala Blasters,Pune Warriors,Neutral,Rainy,5,2,61,0,5,18,4,0,58501,39,Home Win,7,3,3,5,22,22,2023,4,Wednesday
MTC-20134,2023-04-26,Cup Series,Kerala Blasters,Hyderabad Falcons,Neutral,Cloudy,1,0,63,0,11,14,3,1,26813,37,Home Win,1,1,1,11,26,26,2023,4,Wednesday
MTC-20638,2023-04-26,Premier Division,Mumbai United,Delhi Dynamos,Away,Windy,5,2,52,3,3,14,5,0,8307,48,Home Win,7,3,3,6,4,4,2023,4,Wednesday
MTC-20733,2023-04-26,Cup Series,Chennai Titans,Kolkata Strikers,Home,Clear,4,0,60,7,3,21,5,1,45465,40,Home Win,4,4,4,10,20,20,2023,4,Wednesday
MTC-23352,2023-04-26,Cup Series,Delhi Dynamos,Kolkata Strikers,Neutral,Cloudy,5,0,37,12,8,8,0,0,20022,63,Home Win,5,5,5,20,-26,26,2023,4,Wednesday
MTC-22730,2023-04-27,Cup Series,Goa Sharks,Pune Warriors,Home,Rainy,3,5,68,3,0,22,3,1,41514,32,Away Win,8,-2,2,3,36,36,2023,4,Thursday
MTC-21648,2023-04-27,Championship League,Kolkata Strikers,Mumbai United,Away,Windy,4,5,31,5,10,21,2,1,56764,69,Away Win,9,-1,1,15,-38,38,2023,4,Thursday
MTC-22407,2023-04-27,Championship League,Jaipur Lions,Kerala Blasters,Neutral,Clear,4,2,60,8,3,24,5,1,28296,40,Home Win,6,2,2,11,20,20,2023,4,Thursday
MTC-21681,2023-04-27,Premier Division,Mumbai United,Kolkata Strikers,Neutral,Windy,4,3,41,9,5,12,3,0,47491,59,Home Win,7,1,1,14,-18,18,2023,4,Thursday
MTC-23732,2023-04-28,Championship League,Pune Warriors,Goa Sharks,Away,Cloudy,3,2,30,1,10,11,2,0,41114,70,Home Win,5,1,1,11,-40,40,2023,4,Friday
MTC-21319,2023-04-28,Championship League,Mumbai United,Chennai Titans,Neutral,Rainy,2,3,55,11,1,7,4,1,29299,45,Away Win,5,-1,1,12,10,10,2023,4,Friday
MTC-21325,2023-04-28,Cup Series,Delhi Dynamos,Kerala Blasters,Neutral,Clear,1,3,35,4,10,21,2,0,6012,65,Away Win,4,-2,2,14,-30,30,2023,4,Friday
MTC-23347,2023-04-28,Championship League,Jaipur Lions,Kerala Blasters,Home,Rainy,0,4,30,7,14,12,3,1,48497,70,Away Win,4,-4,4,21,-40,40,2023,4,Friday
MTC-22911,2023-04-29,Cup Series,Kolkata Strikers,Kerala Blasters,Neutral,Rainy,1,5,40,12,8,10,6,1,36222,60,Away Win,6,-4,4,20,-20,20,2023,4,Saturday
MTC-21895,2023-04-29,Premier Division,Kerala Blasters,Jaipur Lions,Neutral,Clear,5,2,38,3,1,7,6,1,59856,62,Home Win,7,3,3,4,-24,24,2023,4,Saturday
MTC-22271,2023-04-29,Championship League,Mumbai United,Delhi Dynamos,Away,Cloudy,4,4,58,1,14,20,5,1,16198,42,Draw,8,0,0,15,16,16,2023,4,Saturday
MTC-23026,2023-04-29,Championship League,Chennai Titans,Goa Sharks,Home,Windy,1,0,36,11,5,12,6,1,25712,64,Home Win,1,1,1,16,-28,28,2023,4,Saturday
MTC-23110,2023-04-29,Premier Division,Kerala Blasters,Bengaluru FC,Neutral,Clear,2,3,45,6,4,9,4,1,34152,55,Away Win,5,-1,1,10,-10,10,2023,4,Saturday
MTC-23529,2023-04-29,Championship League,Mumbai United,Kolkata Strikers,Home,Cloudy,3,2,41,4,11,12,0,1,31210,59,Home Win,5,1,1,15,-18,18,2023,4,Saturday
MTC-23366,2023-04-29,Premier Division,Delhi Dynamos,Bengaluru FC,Home,Cloudy,1,2,52,10,7,18,6,0,47002,48,Away Win,3,-1,1,17,4,4,2023,4,Saturday
MTC-22351,2023-04-30,Cup Series,Chennai Titans,Hyderabad Falcons,Away,Windy,5,3,40,6,4,12,6,0,51754,60,Home Win,8,2,2,10,-20,20,2023,4,Sunday
MTC-20971,2023-04-30,Cup Series,Kolkata Strikers,Jaipur Lions,Neutral,Rainy,1,2,60,7,1,10,6,1,4075,40,Away Win,3,-1,1,8,20,20,2023,4,Sunday
MTC-23639,2023-04-30,Championship League,Bengaluru FC,Delhi Dynamos,Away,Clear,1,5,54,7,2,16,0,1,40907,46,Away Win,6,-4,4,9,8,8,2023,4,Sunday
MTC-21277,2023-05-02,Premier Division,Kolkata Strikers,Goa Sharks,Away,Windy,3,5,51,6,0,22,4,1,11123,49,Away Win,8,-2,2,6,2,2,2023,5,Tuesday
MTC-21899,2023-05-02,Cup Series,Goa Sharks,Kerala Blasters,Away,Rainy,5,5,68,2,4,16,0,1,3617,32,Draw,10,0,0,6,36,36,2023,5,Tuesday
MTC-23578,2023-05-02,Cup Series,Chennai Titans,Kolkata Strikers,Neutral,Windy,3,1,55,10,0,16,1,0,38192,45,Home Win,4,2,2,10,10,10,2023,5,Tuesday
MTC-20053,2023-05-02,Championship League,Kolkata Strikers,Bengaluru FC,Home,Rainy,0,3,45,6,4,24,0,1,28779,55,Away Win,3,-3,3,10,-10,10,2023,5,Tuesday
MTC-20297,2023-05-03,Cup Series,Pune Warriors,Kerala Blasters,Away,Rainy,0,2,57,12,5,22,2,0,7889,43,Away Win,2,-2,2,17,14,14,2023,5,Wednesday
MTC-20552,2023-05-03,Championship League,Kolkata Strikers,Delhi Dynamos,Away,Windy,0,3,38,3,10,17,4,1,47975,62,Away Win,3,-3,3,13,-24,24,2023,5,Wednesday
MTC-20209,2023-05-04,Championship League,Kerala Blasters,Pune Warriors,Away,Windy,5,3,52,12,2,16,6,0,24917,48,Home Win,8,2,2,14,4,4,2023,5,Thursday
MTC-22390,2023-05-04,Cup Series,Jaipur Lions,Mumbai United,Neutral,Cloudy,1,1,66,0,9,18,5,1,40694,34,Draw,2,0,0,9,32,32,2023,5,Thursday
MTC-21477,2023-05-05,Premier Division,Kolkata Strikers,Bengaluru FC,Away,Clear,5,5,56,10,11,21,1,1,27711,44,Draw,10,0,0,21,12,12,2023,5,Friday
MTC-21453,2023-05-05,Cup Series,Kerala Blasters,Goa Sharks,Neutral,Clear,0,5,44,3,0,23,0,1,52475,56,Away Win,5,-5,5,3,-12,12,2023,5,Friday
MTC-22148,2023-05-05,Premier Division,Jaipur Lions,Delhi Dynamos,Neutral,Windy,0,1,63,5,5,9,6,1,20442,37,Away Win,1,-1,1,10,26,26,2023,5,Friday
MTC-20530,2023-05-05,Cup Series,Hyderabad Falcons,Mumbai United,Home,Windy,5,2,33,11,7,6,6,1,7598,67,Home Win,7,3,3,18,-34,34,2023,5,Friday
MTC-22183,2023-05-05,Cup Series,Hyderabad Falcons,Goa Sharks,Neutral,Cloudy,4,3,67,0,10,20,1,1,58307,33,Home Win,7,1,1,10,34,34,2023,5,Friday
MTC-23373,2023-05-05,Premier Division,Goa Sharks,Delhi Dynamos,Neutral,Windy,3,1,68,0,6,16,1,0,42266,32,Home Win,4,2,2,6,36,36,2023,5,Friday
MTC-21419,2023-05-06,Championship League,Hyderabad Falcons,Chennai Titans,Neutral,Windy,5,2,50,5,4,5,2,0,60086,50,Home Win,7,3,3,9,0,0,2023,5,Saturday
MTC-23511,2023-05-06,Championship League,Mumbai United,Chennai Titans,Home,Cloudy,4,1,43,7,6,11,5,0,48386,57,Home Win,5,3,3,13,-14,14,2023,5,Saturday
MTC-23507,2023-05-06,Premier Division,Kerala Blasters,Bengaluru FC,Away,Rainy,5,5,39,10,1,23,0,1,23445,61,Draw,10,0,0,11,-22,22,2023,5,Saturday
MTC-21609,2023-05-06,Cup Series,Goa Sharks,Hyderabad Falcons,Neutral,Cloudy,1,5,69,1,1,19,2,0,23353,31,Away Win,6,-4,4,2,38,38,2023,5,Saturday
MTC-20372,2023-05-06,Cup Series,Delhi Dynamos,Bengaluru FC,Neutral,Clear,3,3,35,10,14,12,2,1,12973,65,Draw,6,0,0,24,-30,30,2023,5,Saturday
MTC-22190,2023-05-07,Premier Division,Hyderabad Falcons,Delhi Dynamos,Neutral,Cloudy,4,0,44,1,2,10,2,0,33239,56,Home Win,4,4,4,3,-12,12,2023,5,Sunday
MTC-23245,2023-05-07,Championship League,Kerala Blasters,Goa Sharks,Away,Clear,4,3,43,11,9,18,2,0,27275,57,Home Win,7,1,1,20,-14,14,2023,5,Sunday
MTC-21293,2023-05-07,Cup Series,Hyderabad Falcons,Kerala Blasters,Neutral,Cloudy,1,1,54,11,6,18,2,0,63745,46,Draw,2,0,0,17,8,8,2023,5,Sunday
MTC-23375,2023-05-08,Premier Division,Chennai Titans,Pune Warriors,Neutral,Cloudy,1,3,66,5,14,24,0,1,29205,34,Away Win,4,-2,2,19,32,32,2023,5,Monday
MTC-23704,2023-05-08,Championship League,Goa Sharks,Chennai Titans,Neutral,Cloudy,1,5,40,14,5,19,4,1,59313,60,Away Win,6,-4,4,19,-20,20,2023,5,Monday
MTC-20264,2023-05-08,Championship League,Jaipur Lions,Chennai Titans,Away,Windy,5,1,53,0,2,5,2,0,45482,47,Home Win,6,4,4,2,6,6,2023,5,Monday
MTC-20299,2023-05-09,Cup Series,Jaipur Lions,Mumbai United,Neutral,Windy,1,2,44,9,7,6,4,1,24634,56,Away Win,3,-1,1,16,-12,12,2023,5,Tuesday
MTC-21376,2023-05-09,Cup Series,Jaipur Lions,Kerala Blasters,Home,Clear,3,2,37,5,7,12,1,0,55667,63,Home Win,5,1,1,12,-26,26,2023,5,Tuesday
MTC-22584,2023-05-09,Cup Series,Goa Sharks,Bengaluru FC,Neutral,Rainy,2,3,57,11,4,24,5,1,14766,43,Away Win,5,-1,1,15,14,14,2023,5,Tuesday
MTC-21079,2023-05-09,Championship League,Kolkata Strikers,Jaipur Lions,Neutral,Cloudy,4,4,54,2,12,17,3,1,63714,46,Draw,8,0,0,14,8,8,2023,5,Tuesday
MTC-21123,2023-05-09,Premier Division,Mumbai United,Bengaluru FC,Neutral,Windy,1,5,38,11,9,7,2,0,36594,62,Away Win,6,-4,4,20,-24,24,2023,5,Tuesday
MTC-22986,2023-05-09,Championship League,Delhi Dynamos,Jaipur Lions,Neutral,Windy,4,5,32,13,2,5,3,1,16441,68,Away Win,9,-1,1,15,-36,36,2023,5,Tuesday
MTC-23728,2023-05-09,Championship League,Kerala Blasters,Mumbai United,Neutral,Rainy,1,1,68,9,10,19,0,0,53791,32,Draw,2,0,0,19,36,36,2023,5,Tuesday
MTC-21552,2023-05-10,Cup Series,Jaipur Lions,Kolkata Strikers,Away,Cloudy,4,1,45,14,3,11,2,0,30411,55,Home Win,5,3,3,17,-10,10,2023,5,Wednesday
MTC-22905,2023-05-10,Championship League,Delhi Dynamos,Mumbai United,Neutral,Cloudy,3,5,34,4,1,24,5,0,42934,66,Away Win,8,-2,2,5,-32,32,2023,5,Wednesday
MTC-22811,2023-05-10,Championship League,Kerala Blasters,Jaipur Lions,Neutral,Rainy,5,1,51,5,1,19,5,1,62104,49,Home Win,6,4,4,6,2,2,2023,5,Wednesday
MTC-20709,2023-05-11,Premier Division,Delhi Dynamos,Chennai Titans,Away,Windy,5,1,44,4,11,10,2,0,42186,56,Home Win,6,4,4,15,-12,12,2023,5,Thursday
MTC-23593,2023-05-11,Cup Series,Mumbai United,Jaipur Lions,Neutral,Windy,2,4,67,12,5,21,2,0,60456,33,Away Win,6,-2,2,17,34,34,2023,5,Thursday
MTC-21768,2023-05-11,Championship League,Kolkata Strikers,Bengaluru FC,Neutral,Rainy,5,1,47,10,10,19,4,1,56353,53,Home Win,6,4,4,20,-6,6,2023,5,Thursday
MTC-23531,2023-05-11,Cup Series,Kerala Blasters,Kolkata Strikers,Neutral,Rainy,0,3,43,13,5,12,6,1,42777,57,Away Win,3,-3,3,18,-14,14,2023,5,Thursday
MTC-22944,2023-05-11,Cup Series,Hyderabad Falcons,Pune Warriors,Neutral,Rainy,5,1,64,6,5,5,3,1,3445,36,Home Win,6,4,4,11,28,28,2023,5,Thursday
MTC-23192,2023-05-12,Cup Series,Mumbai United,Hyderabad Falcons,Neutral,Cloudy,5,1,57,14,4,23,2,0,23549,43,Home Win,6,4,4,18,14,14,2023,5,Friday
MTC-22203,2023-05-12,Championship League,Hyderabad Falcons,Kerala Blasters,Neutral,Cloudy,1,1,66,5,12,13,3,1,25070,34,Draw,2,0,0,17,32,32,2023,5,Friday
MTC-21364,2023-05-12,Cup Series,Bengaluru FC,Goa Sharks,Home,Windy,2,2,67,8,7,20,5,1,2516,33,Draw,4,0,0,15,34,34,2023,5,Friday
MTC-20533,2023-05-12,Cup Series,Jaipur Lions,Pune Warriors,Neutral,Cloudy,1,3,42,0,14,6,1,1,58264,58,Away Win,4,-2,2,14,-16,16,2023,5,Friday
MTC-21855,2023-05-12,Premier Division,Pune Warriors,Hyderabad Falcons,Home,Rainy,3,5,34,12,11,21,0,0,14334,66,Away Win,8,-2,2,23,-32,32,2023,5,Friday
MTC-21163,2023-05-13,Premier Division,Kerala Blasters,Bengaluru FC,Neutral,Rainy,1,4,56,10,14,21,2,1,64974,44,Away Win,5,-3,3,24,12,12,2023,5,Saturday
MTC-22470,2023-05-13,Premier Division,Bengaluru FC,Pune Warriors,Neutral,Windy,1,3,38,1,13,5,2,0,24989,62,Away Win,4,-2,2,14,-24,24,2023,5,Saturday
MTC-22864,2023-05-13,Championship League,Goa Sharks,Bengaluru FC,Away,Windy,4,3,32,8,14,5,2,0,13206,68,Home Win,7,1,1,22,-36,36,2023,5,Saturday
MTC-22936,2023-05-13,Championship League,Goa Sharks,Delhi Dynamos,Neutral,Cloudy,3,0,58,9,4,7,3,0,63232,42,Home Win,3,3,3,13,16,16,2023,5,Saturday
MTC-21865,2023-05-14,Cup Series,Jaipur Lions,Pune Warriors,Neutral,Windy,0,1,68,14,9,20,1,0,22084,32,Away Win,1,-1,1,23,36,36,2023,5,Sunday
MTC-22980,2023-05-14,Premier Division,Bengaluru FC,Delhi Dynamos,Away,Windy,4,2,48,4,7,11,5,0,6290,52,Home Win,6,2,2,11,-4,4,2023,5,Sunday
MTC-20399,2023-05-14,Cup Series,Pune Warriors,Mumbai United,Away,Clear,4,2,68,14,10,12,0,0,59836,32,Home Win,6,2,2,24,36,36,2023,5,Sunday
MTC-21490,2023-05-14,Premier Division,Bengaluru FC,Chennai Titans,Away,Cloudy,3,0,54,11,2,16,5,1,45595,46,Home Win,3,3,3,13,8,8,2023,5,Sunday
MTC-21141,2023-05-14,Premier Division,Kerala Blasters,Bengaluru FC,Home,Cloudy,5,5,43,3,1,17,3,1,17274,57,Draw,10,0,0,4,-14,14,2023,5,Sunday
MTC-22999,2023-05-15,Premier Division,Hyderabad Falcons,Kolkata Strikers,Home,Windy,2,2,47,4,3,17,0,0,32820,53,Draw,4,0,0,7,-6,6,2023,5,Monday
MTC-22694,2023-05-15,Premier Division,Delhi Dynamos,Chennai Titans,Neutral,Clear,3,4,70,2,14,5,5,0,55701,30,Away Win,7,-1,1,16,40,40,2023,5,Monday
MTC-20730,2023-05-15,Cup Series,Kolkata Strikers,Bengaluru FC,Away,Cloudy,4,3,48,2,9,13,1,0,9138,52,Home Win,7,1,1,11,-4,4,2023,5,Monday
MTC-22828,2023-05-15,Cup Series,Hyderabad Falcons,Chennai Titans,Away,Clear,0,1,51,11,4,10,3,1,34451,49,Away Win,1,-1,1,15,2,2,2023,5,Monday
MTC-23433,2023-05-15,Cup Series,Kolkata Strikers,Kerala Blasters,Home,Clear,1,2,60,9,7,9,5,0,43653,40,Away Win,3,-1,1,16,20,20,2023,5,Monday
MTC-21327,2023-05-15,Championship League,Mumbai United,Bengaluru FC,Home,Windy,1,5,44,12,0,19,1,1,43712,56,Away Win,6,-4,4,12,-12,12,2023,5,Monday
MTC-22528,2023-05-16,Premier Division,Goa Sharks,Jaipur Lions,Neutral,Rainy,4,4,51,14,2,17,6,1,47829,49,Draw,8,0,0,16,2,2,2023,5,Tuesday
MTC-20415,2023-05-16,Championship League,Jaipur Lions,Kerala Blasters,Neutral,Windy,4,3,60,0,11,8,0,1,26951,40,Home Win,7,1,1,11,20,20,2023,5,Tuesday
MTC-20700,2023-05-17,Premier Division,Goa Sharks,Chennai Titans,Away,Clear,4,0,69,0,2,21,1,0,30858,31,Home Win,4,4,4,2,38,38,2023,5,Wednesday
MTC-20031,2023-05-17,Cup Series,Pune Warriors,Kerala Blasters,Home,Clear,1,1,62,8,1,14,4,1,43787,38,Draw,2,0,0,9,24,24,2023,5,Wednesday
MTC-20974,2023-05-17,Championship League,Bengaluru FC,Delhi Dynamos,Home,Rainy,2,5,61,10,7,13,6,1,11974,39,Away Win,7,-3,3,17,22,22,2023,5,Wednesday
MTC-20469,2023-05-17,Premier Division,Delhi Dynamos,Pune Warriors,Away,Clear,2,5,33,9,4,21,2,0,23813,67,Away Win,7,-3,3,13,-34,34,2023,5,Wednesday
MTC-22411,2023-05-18,Premier Division,Jaipur Lions,Hyderabad Falcons,Neutral,Cloudy,3,5,40,12,2,19,2,1,11519,60,Away Win,8,-2,2,14,-20,20,2023,5,Thursday
MTC-22884,2023-05-18,Championship League,Chennai Titans,Delhi Dynamos,Away,Windy,5,3,64,12,8,17,5,0,27824,36,Home Win,8,2,2,20,28,28,2023,5,Thursday
MTC-21975,2023-05-18,Championship League,Chennai Titans,Goa Sharks,Home,Clear,1,0,50,4,7,20,2,1,7172,50,Home Win,1,1,1,11,0,0,2023,5,Thursday
MTC-23356,2023-05-18,Championship League,Goa Sharks,Chennai Titans,Away,Rainy,4,3,31,12,8,17,1,0,14155,69,Home Win,7,1,1,20,-38,38,2023,5,Thursday
MTC-21381,2023-05-18,Cup Series,Chennai Titans,Pune Warriors,Away,Clear,0,1,54,5,4,16,1,0,62776,46,Away Win,1,-1,1,9,8,8,2023,5,Thursday
MTC-20179,2023-05-19,Cup Series,Bengaluru FC,Jaipur Lions,Away,Rainy,2,0,66,11,8,5,0,1,45761,34,Home Win,2,2,2,19,32,32,2023,5,Friday
MTC-23409,2023-05-19,Cup Series,Bengaluru FC,Kerala Blasters,Neutral,Cloudy,5,0,45,6,4,16,3,1,7341,55,Home Win,5,5,5,10,-10,10,2023,5,Friday
MTC-21870,2023-05-19,Championship League,Delhi Dynamos,Kolkata Strikers,Neutral,Cloudy,0,4,34,5,1,14,2,1,47680,66,Away Win,4,-4,4,6,-32,32,2023,5,Friday
MTC-22729,2023-05-19,Cup Series,Chennai Titans,Delhi Dynamos,Away,Rainy,1,3,38,14,5,17,3,0,45777,62,Away Win,4,-2,2,19,-24,24,2023,5,Friday
MTC-22706,2023-05-19,Cup Series,Chennai Titans,Goa Sharks,Away,Cloudy,3,1,65,11,8,21,3,1,55620,35,Home Win,4,2,2,19,30,30,2023,5,Friday
MTC-21344,2023-05-19,Premier Division,Chennai Titans,Kolkata Strikers,Neutral,Windy,0,0,67,2,8,11,2,0,55571,33,Draw,0,0,0,10,34,34,2023,5,Friday
MTC-20745,2023-05-19,Championship League,Jaipur Lions,Pune Warriors,Home,Clear,3,5,60,3,2,15,1,0,7198,40,Away Win,8,-2,2,5,20,20,2023,5,Friday
MTC-20409,2023-05-19,Cup Series,Pune Warriors,Goa Sharks,Away,Cloudy,2,1,51,7,7,7,2,0,60732,49,Home Win,3,1,1,14,2,2,2023,5,Friday
MTC-22653,2023-05-20,Championship League,Kerala Blasters,Hyderabad Falcons,Home,Cloudy,1,5,32,5,1,21,2,1,48850,68,Away Win,6,-4,4,6,-36,36,2023,5,Saturday
MTC-21604,2023-05-20,Premier Division,Jaipur Lions,Kolkata Strikers,Neutral,Windy,0,1,32,12,6,20,1,1,48244,68,Away Win,1,-1,1,18,-36,36,2023,5,Saturday
MTC-21801,2023-05-20,Championship League,Bengaluru FC,Jaipur Lions,Home,Cloudy,3,0,36,4,11,21,1,1,55574,64,Home Win,3,3,3,15,-28,28,2023,5,Saturday
MTC-21332,2023-05-21,Cup Series,Chennai Titans,Delhi Dynamos,Home,Windy,4,1,33,14,5,23,3,0,43474,67,Home Win,5,3,3,19,-34,34,2023,5,Sunday
MTC-22009,2023-05-21,Cup Series,Bengaluru FC,Kolkata Strikers,Home,Clear,2,0,56,1,1,6,1,1,10701,44,Home Win,2,2,2,2,12,12,2023,5,Sunday
MTC-22717,2023-05-21,Cup Series,Kolkata Strikers,Chennai Titans,Neutral,Rainy,2,0,52,10,2,12,6,1,59740,48,Home Win,2,2,2,12,4,4,2023,5,Sunday
MTC-20413,2023-05-21,Championship League,Kerala Blasters,Kolkata Strikers,Away,Clear,0,5,57,0,6,6,0,1,24894,43,Away Win,5,-5,5,6,14,14,2023,5,Sunday
MTC-23155,2023-05-21,Championship League,Kolkata Strikers,Delhi Dynamos,Away,Clear,3,0,50,13,13,17,5,1,17147,50,Home Win,3,3,3,26,0,0,2023,5,Sunday
MTC-22517,2023-05-21,Cup Series,Goa Sharks,Bengaluru FC,Neutral,Clear,2,5,62,14,8,22,2,0,13625,38,Away Win,7,-3,3,22,24,24,2023,5,Sunday
MTC-23127,2023-05-22,Premier Division,Kerala Blasters,Jaipur Lions,Away,Clear,1,1,31,9,0,8,2,1,8236,69,Draw,2,0,0,9,-38,38,2023,5,Monday
MTC-22518,2023-05-22,Premier Division,Bengaluru FC,Pune Warriors,Away,Clear,1,5,33,10,8,23,6,1,32943,67,Away Win,6,-4,4,18,-34,34,2023,5,Monday
MTC-21579,2023-05-22,Premier Division,Chennai Titans,Pune Warriors,Neutral,Clear,4,0,53,14,4,10,4,1,52115,47,Home Win,4,4,4,18,6,6,2023,5,Monday
MTC-20516,2023-05-22,Premier Division,Goa Sharks,Kolkata Strikers,Home,Clear,1,2,54,6,6,6,4,1,58032,46,Away Win,3,-1,1,12,8,8,2023,5,Monday
MTC-23271,2023-05-23,Championship League,Delhi Dynamos,Jaipur Lions,Neutral,Clear,4,0,68,1,0,23,1,1,13555,32,Home Win,4,4,4,1,36,36,2023,5,Tuesday
MTC-22287,2023-05-23,Cup Series,Bengaluru FC,Kerala Blasters,Neutral,Clear,5,3,59,13,3,15,5,1,54769,41,Home Win,8,2,2,16,18,18,2023,5,Tuesday
MTC-21680,2023-05-23,Premier Division,Hyderabad Falcons,Mumbai United,Away,Rainy,0,5,70,5,12,5,5,0,38148,30,Away Win,5,-5,5,17,40,40,2023,5,Tuesday
MTC-22096,2023-05-24,Championship League,Pune Warriors,Kolkata Strikers,Away,Rainy,1,2,44,1,11,5,5,1,49694,56,Away Win,3,-1,1,12,-12,12,2023,5,Wednesday
MTC-22617,2023-05-24,Championship League,Kerala Blasters,Jaipur Lions,Home,Clear,2,4,57,13,14,11,5,1,37344,43,Away Win,6,-2,2,27,14,14,2023,5,Wednesday
MTC-21817,2023-05-24,Championship League,Mumbai United,Pune Warriors,Neutral,Windy,3,1,39,1,1,13,6,0,5300,61,Home Win,4,2,2,2,-22,22,2023,5,Wednesday
MTC-22979,2023-05-24,Premier Division,Hyderabad Falcons,Mumbai United,Neutral,Windy,4,2,43,4,4,10,4,1,61488,57,Home Win,6,2,2,8,-14,14,2023,5,Wednesday
MTC-20267,2023-05-24,Championship League,Bengaluru FC,Jaipur Lions,Home,Windy,3,5,61,7,12,12,1,1,14642,39,Away Win,8,-2,2,19,22,22,2023,5,Wednesday
MTC-22066,2023-05-25,Premier Division,Kerala Blasters,Pune Warriors,Neutral,Cloudy,2,5,36,8,6,14,3,1,54515,64,Away Win,7,-3,3,14,-28,28,2023,5,Thursday
MTC-21017,2023-05-25,Premier Division,Bengaluru FC,Kerala Blasters,Home,Cloudy,1,5,63,10,3,15,0,1,38346,37,Away Win,6,-4,4,13,26,26,2023,5,Thursday
MTC-22775,2023-05-25,Championship League,Mumbai United,Bengaluru FC,Home,Clear,0,2,51,12,10,15,6,0,30671,49,Away Win,2,-2,2,22,2,2,2023,5,Thursday
MTC-21989,2023-05-25,Cup Series,Jaipur Lions,Kolkata Strikers,Away,Clear,4,5,46,1,1,7,3,0,2376,54,Away Win,9,-1,1,2,-8,8,2023,5,Thursday
MTC-20704,2023-05-25,Premier Division,Kolkata Strikers,Bengaluru FC,Away,Rainy,1,2,36,0,8,9,2,0,43651,64,Away Win,3,-1,1,8,-28,28,2023,5,Thursday
MTC-21479,2023-05-25,Premier Division,Delhi Dynamos,Jaipur Lions,Home,Clear,4,3,56,5,12,13,2,1,28505,44,Home Win,7,1,1,17,12,12,2023,5,Thursday
MTC-20834,2023-05-25,Premier Division,Goa Sharks,Pune Warriors,Neutral,Clear,2,5,47,12,12,17,3,0,24848,53,Away Win,7,-3,3,24,-6,6,2023,5,Thursday
MTC-21568,2023-05-25,Championship League,Delhi Dynamos,Bengaluru FC,Home,Cloudy,4,2,57,14,4,11,4,0,36619,43,Home Win,6,2,2,18,14,14,2023,5,Thursday
MTC-21447,2023-05-25,Cup Series,Delhi Dynamos,Chennai Titans,Neutral,Cloudy,3,5,46,6,2,24,1,1,48064,54,Away Win,8,-2,2,8,-8,8,2023,5,Thursday
MTC-21247,2023-05-25,Cup Series,Bengaluru FC,Kolkata Strikers,Away,Cloudy,0,4,48,3,3,18,2,0,21116,52,Away Win,4,-4,4,6,-4,4,2023,5,Thursday
MTC-21374,2023-05-25,Premier Division,Kolkata Strikers,Delhi Dynamos,Neutral,Rainy,3,2,35,5,0,10,4,1,63875,65,Home Win,5,1,1,5,-30,30,2023,5,Thursday
MTC-23288,2023-05-26,Championship League,Jaipur Lions,Delhi Dynamos,Home,Clear,2,4,45,11,2,12,5,0,63440,55,Away Win,6,-2,2,13,-10,10,2023,5,Friday
MTC-22294,2023-05-26,Cup Series,Kerala Blasters,Goa Sharks,Home,Cloudy,1,0,65,13,12,19,5,0,2161,35,Home Win,1,1,1,25,30,30,2023,5,Friday
MTC-22338,2023-05-26,Championship League,Pune Warriors,Mumbai United,Away,Clear,0,1,40,12,8,20,1,1,35937,60,Away Win,1,-1,1,20,-20,20,2023,5,Friday
MTC-22743,2023-05-26,Premier Division,Goa Sharks,Kerala Blasters,Neutral,Windy,4,2,52,13,12,16,1,0,25559,48,Home Win,6,2,2,25,4,4,2023,5,Friday
MTC-22590,2023-05-26,Premier Division,Mumbai United,Bengaluru FC,Home,Rainy,2,3,40,8,5,6,4,1,20499,60,Away Win,5,-1,1,13,-20,20,2023,5,Friday
MTC-22477,2023-05-27,Championship League,Hyderabad Falcons,Mumbai United,Home,Clear,0,3,46,8,0,15,4,0,24236,54,Away Win,3,-3,3,8,-8,8,2023,5,Saturday
MTC-22802,2023-05-27,Premier Division,Hyderabad Falcons,Pune Warriors,Neutral,Cloudy,2,4,45,12,3,8,0,0,4471,55,Away Win,6,-2,2,15,-10,10,2023,5,Saturday
MTC-21901,2023-05-27,Cup Series,Pune Warriors,Mumbai United,Away,Windy,2,3,47,14,6,9,1,0,38725,53,Away Win,5,-1,1,20,-6,6,2023,5,Saturday
MTC-23231,2023-05-27,Premier Division,Delhi Dynamos,Bengaluru FC,Neutral,Rainy,2,1,55,11,14,7,0,1,6200,45,Home Win,3,1,1,25,10,10,2023,5,Saturday
MTC-22452,2023-05-28,Championship League,Kerala Blasters,Goa Sharks,Neutral,Clear,0,0,44,3,2,16,2,1,39050,56,Draw,0,0,0,5,-12,12,2023,5,Sunday
MTC-21668,2023-05-28,Premier Division,Goa Sharks,Kolkata Strikers,Neutral,Cloudy,2,4,33,8,10,24,1,0,25352,67,Away Win,6,-2,2,18,-34,34,2023,5,Sunday
MTC-20795,2023-05-28,Premier Division,Delhi Dynamos,Kolkata Strikers,Home,Clear,2,1,48,11,1,20,0,1,29306,52,Home Win,3,1,1,12,-4,4,2023,5,Sunday
MTC-23051,2023-05-28,Cup Series,Mumbai United,Jaipur Lions,Away,Clear,4,3,51,9,11,5,4,1,50627,49,Home Win,7,1,1,20,2,2,2023,5,Sunday
MTC-23435,2023-05-28,Cup Series,Kolkata Strikers,Kerala Blasters,Away,Cloudy,1,5,69,9,14,22,1,0,26372,31,Away Win,6,-4,4,23,38,38,2023,5,Sunday
MTC-22173,2023-05-29,Cup Series,Mumbai United,Chennai Titans,Away,Windy,5,2,59,4,12,16,6,0,19971,41,Home Win,7,3,3,16,18,18,2023,5,Monday
MTC-22153,2023-05-29,Championship League,Chennai Titans,Mumbai United,Away,Cloudy,1,2,32,0,3,20,5,1,55245,68,Away Win,3,-1,1,3,-36,36,2023,5,Monday
MTC-22215,2023-05-29,Championship League,Delhi Dynamos,Kolkata Strikers,Neutral,Rainy,3,0,31,4,11,12,3,0,59680,69,Home Win,3,3,3,15,-38,38,2023,5,Monday
MTC-21132,2023-05-29,Premier Division,Pune Warriors,Chennai Titans,Neutral,Windy,0,0,31,4,13,8,6,1,59327,69,Draw,0,0,0,17,-38,38,2023,5,Monday
MTC-20582,2023-05-30,Championship League,Kerala Blasters,Delhi Dynamos,Neutral,Clear,5,4,62,3,8,18,4,0,32359,38,Home Win,9,1,1,11,24,24,2023,5,Tuesday
MTC-23794,2023-05-30,Championship League,Hyderabad Falcons,Delhi Dynamos,Home,Cloudy,4,3,49,0,4,7,0,1,35146,51,Home Win,7,1,1,4,-2,2,2023,5,Tuesday
MTC-20059,2023-05-30,Championship League,Pune Warriors,Bengaluru FC,Home,Windy,1,2,46,5,10,5,6,0,36124,54,Away Win,3,-1,1,15,-8,8,2023,5,Tuesday
MTC-21412,2023-05-30,Cup Series,Kolkata Strikers,Kerala Blasters,Away,Rainy,1,0,49,14,7,17,1,0,42868,51,Home Win,1,1,1,21,-2,2,2023,5,Tuesday
MTC-20253,2023-05-31,Cup Series,Delhi Dynamos,Mumbai United,Neutral,Windy,2,4,39,3,9,13,0,0,43208,61,Away Win,6,-2,2,12,-22,22,2023,5,Wednesday
MTC-20308,2023-05-31,Championship League,Delhi Dynamos,Kerala Blasters,Away,Windy,1,0,64,12,6,17,1,1,23551,36,Home Win,1,1,1,18,28,28,2023,5,Wednesday
MTC-20375,2023-06-01,Championship League,Mumbai United,Kolkata Strikers,Away,Windy,3,0,67,1,12,5,3,1,26066,33,Home Win,3,3,3,13,34,34,2023,6,Thursday
MTC-21601,2023-06-01,Championship League,Jaipur Lions,Hyderabad Falcons,Neutral,Windy,2,5,58,13,2,14,2,1,40912,42,Away Win,7,-3,3,15,16,16,2023,6,Thursday
MTC-20067,2023-06-01,Premier Division,Delhi Dynamos,Pune Warriors,Away,Windy,1,1,30,6,13,17,3,1,49225,70,Draw,2,0,0,19,-40,40,2023,6,Thursday
MTC-22227,2023-06-01,Cup Series,Pune Warriors,Hyderabad Falcons,Neutral,Rainy,5,0,65,6,5,8,4,1,58641,35,Home Win,5,5,5,11,30,30,2023,6,Thursday
MTC-20472,2023-06-01,Cup Series,Kolkata Strikers,Kerala Blasters,Away,Clear,3,3,58,11,14,10,1,1,38157,42,Draw,6,0,0,25,16,16,2023,6,Thursday
MTC-23674,2023-06-01,Championship League,Chennai Titans,Mumbai United,Neutral,Windy,2,0,53,8,1,19,0,1,57773,47,Home Win,2,2,2,9,6,6,2023,6,Thursday
MTC-22510,2023-06-01,Premier Division,Goa Sharks,Delhi Dynamos,Away,Windy,3,4,36,9,13,14,5,0,61544,64,Away Win,7,-1,1,22,-28,28,2023,6,Thursday
MTC-23730,2023-06-01,Cup Series,Mumbai United,Kolkata Strikers,Neutral,Rainy,0,2,34,0,10,6,3,1,30567,66,Away Win,2,-2,2,10,-32,32,2023,6,Thursday
MTC-22713,2023-06-01,Premier Division,Delhi Dynamos,Hyderabad Falcons,Neutral,Windy,2,0,47,4,6,10,1,0,23789,53,Home Win,2,2,2,10,-6,6,2023,6,Thursday
MTC-23083,2023-06-02,Championship League,Mumbai United,Chennai Titans,Neutral,Windy,4,1,30,10,7,22,6,1,39681,70,Home Win,5,3,3,17,-40,40,2023,6,Friday
MTC-23550,2023-06-02,Premier Division,Kolkata Strikers,Pune Warriors,Neutral,Clear,1,0,39,9,10,21,0,1,42674,61,Home Win,1,1,1,19,-22,22,2023,6,Friday
MTC-20716,2023-06-02,Cup Series,Jaipur Lions,Kolkata Strikers,Away,Windy,5,3,32,11,4,19,5,0,17887,68,Home Win,8,2,2,15,-36,36,2023,6,Friday
MTC-22362,2023-06-03,Championship League,Goa Sharks,Mumbai United,Home,Cloudy,1,4,62,12,0,12,6,1,15111,38,Away Win,5,-3,3,12,24,24,2023,6,Saturday
MTC-21987,2023-06-03,Cup Series,Jaipur Lions,Kolkata Strikers,Neutral,Windy,5,4,70,5,0,8,6,1,64344,30,Home Win,9,1,1,5,40,40,2023,6,Saturday
MTC-20810,2023-06-03,Cup Series,Delhi Dynamos,Pune Warriors,Home,Cloudy,2,1,39,14,4,12,6,0,49212,61,Home Win,3,1,1,18,-22,22,2023,6,Saturday
MTC-20358,2023-06-03,Premier Division,Kerala Blasters,Goa Sharks,Neutral,Cloudy,1,5,64,0,14,8,3,0,23374,36,Away Win,6,-4,4,14,28,28,2023,6,Saturday
MTC-21218,2023-06-03,Championship League,Mumbai United,Bengaluru FC,Neutral,Rainy,4,4,66,0,9,16,6,1,53132,34,Draw,8,0,0,9,32,32,2023,6,Saturday
MTC-21291,2023-06-04,Cup Series,Goa Sharks,Delhi Dynamos,Home,Clear,5,1,70,10,13,9,1,1,41608,30,Home Win,6,4,4,23,40,40,2023,6,Sunday
MTC-21857,2023-06-05,Cup Series,Kerala Blasters,Mumbai United,Away,Cloudy,1,5,46,9,5,24,3,0,38533,54,Away Win,6,-4,4,14,-8,8,2023,6,Monday
MTC-20558,2023-06-05,Cup Series,Pune Warriors,Hyderabad Falcons,Away,Cloudy,0,1,41,2,4,23,0,1,19270,59,Away Win,1,-1,1,6,-18,18,2023,6,Monday
MTC-21223,2023-06-05,Cup Series,Hyderabad Falcons,Pune Warriors,Neutral,Rainy,3,0,39,7,9,6,6,1,62403,61,Home Win,3,3,3,16,-22,22,2023,6,Monday
MTC-21384,2023-06-05,Championship League,Goa Sharks,Mumbai United,Home,Cloudy,3,4,54,7,8,15,6,1,6567,46,Away Win,7,-1,1,15,8,8,2023,6,Monday
MTC-21848,2023-06-05,Cup Series,Goa Sharks,Mumbai United,Home,Windy,2,1,59,2,0,16,2,0,51746,41,Home Win,3,1,1,2,18,18,2023,6,Monday
MTC-23573,2023-06-05,Premier Division,Delhi Dynamos,Kolkata Strikers,Neutral,Clear,4,0,56,13,12,7,5,1,54352,44,Home Win,4,4,4,25,12,12,2023,6,Monday
MTC-23293,2023-06-05,Cup Series,Pune Warriors,Bengaluru FC,Home,Windy,2,0,57,1,2,12,6,1,55323,43,Home Win,2,2,2,3,14,14,2023,6,Monday
MTC-21705,2023-06-06,Premier Division,Bengaluru FC,Goa Sharks,Home,Cloudy,2,5,56,8,8,6,0,0,23530,44,Away Win,7,-3,3,16,12,12,2023,6,Tuesday
MTC-21523,2023-06-06,Championship League,Pune Warriors,Mumbai United,Neutral,Cloudy,4,2,46,5,13,14,2,1,54616,54,Home Win,6,2,2,18,-8,8,2023,6,Tuesday
MTC-20884,2023-06-07,Premier Division,Mumbai United,Hyderabad Falcons,Home,Windy,3,4,45,9,9,8,1,0,37292,55,Away Win,7,-1,1,18,-10,10,2023,6,Wednesday
MTC-22398,2023-06-07,Championship League,Mumbai United,Kerala Blasters,Away,Windy,4,0,43,0,4,12,2,0,15304,57,Home Win,4,4,4,4,-14,14,2023,6,Wednesday
MTC-20058,2023-06-08,Cup Series,Kolkata Strikers,Goa Sharks,Home,Windy,5,0,49,12,12,10,2,0,28451,51,Home Win,5,5,5,24,-2,2,2023,6,Thursday
MTC-21509,2023-06-08,Championship League,Delhi Dynamos,Pune Warriors,Home,Cloudy,0,5,69,7,2,6,0,0,19111,31,Away Win,5,-5,5,9,38,38,2023,6,Thursday
MTC-23771,2023-06-08,Championship League,Pune Warriors,Goa Sharks,Neutral,Windy,3,2,61,8,14,13,5,1,12170,39,Home Win,5,1,1,22,22,22,2023,6,Thursday
MTC-20311,2023-06-08,Championship League,Jaipur Lions,Hyderabad Falcons,Home,Rainy,4,1,45,14,13,7,0,1,57508,55,Home Win,5,3,3,27,-10,10,2023,6,Thursday
MTC-21798,2023-06-08,Premier Division,Mumbai United,Hyderabad Falcons,Neutral,Rainy,2,4,40,11,13,13,3,0,64692,60,Away Win,6,-2,2,24,-20,20,2023,6,Thursday
MTC-23701,2023-06-08,Championship League,Chennai Titans,Pune Warriors,Home,Cloudy,0,3,50,13,10,23,5,1,12335,50,Away Win,3,-3,3,23,0,0,2023,6,Thursday
MTC-20251,2023-06-09,Cup Series,Bengaluru FC,Kolkata Strikers,Away,Clear,3,4,61,7,2,24,0,0,17403,39,Away Win,7,-1,1,9,22,22,2023,6,Friday
MTC-22209,2023-06-09,Championship League,Bengaluru FC,Jaipur Lions,Away,Cloudy,0,5,63,4,9,12,3,1,28175,37,Away Win,5,-5,5,13,26,26,2023,6,Friday
MTC-23651,2023-06-09,Premier Division,Jaipur Lions,Hyderabad Falcons,Away,Windy,3,4,56,10,8,12,3,1,53066,44,Away Win,7,-1,1,18,12,12,2023,6,Friday
MTC-22755,2023-06-09,Cup Series,Kerala Blasters,Kolkata Strikers,Home,Windy,1,1,52,6,7,20,0,1,49355,48,Draw,2,0,0,13,4,4,2023,6,Friday
MTC-21421,2023-06-09,Premier Division,Kerala Blasters,Jaipur Lions,Away,Clear,3,3,70,1,13,8,6,0,51875,30,Draw,6,0,0,14,40,40,2023,6,Friday
MTC-22625,2023-06-09,Premier Division,Mumbai United,Goa Sharks,Away,Windy,3,5,47,2,12,12,6,0,4797,53,Away Win,8,-2,2,14,-6,6,2023,6,Friday
MTC-20015,2023-06-10,Championship League,Kerala Blasters,Hyderabad Falcons,Away,Rainy,0,0,36,4,7,22,4,1,49274,64,Draw,0,0,0,11,-28,28,2023,6,Saturday
MTC-22065,2023-06-10,Championship League,Hyderabad Falcons,Goa Sharks,Home,Windy,4,3,62,3,0,18,6,0,53818,38,Home Win,7,1,1,3,24,24,2023,6,Saturday
MTC-23522,2023-06-10,Championship League,Delhi Dynamos,Mumbai United,Away,Clear,4,4,58,3,9,12,5,0,14077,42,Draw,8,0,0,12,16,16,2023,6,Saturday
MTC-21155,2023-06-10,Premier Division,Hyderabad Falcons,Chennai Titans,Home,Windy,2,4,65,8,2,10,1,0,12366,35,Away Win,6,-2,2,10,30,30,2023,6,Saturday
MTC-21124,2023-06-11,Premier Division,Delhi Dynamos,Hyderabad Falcons,Neutral,Rainy,2,2,33,5,0,12,1,0,36947,67,Draw,4,0,0,5,-34,34,2023,6,Sunday
MTC-22368,2023-06-11,Championship League,Hyderabad Falcons,Pune Warriors,Neutral,Cloudy,5,2,59,8,1,8,5,0,31085,41,Home Win,7,3,3,9,18,18,2023,6,Sunday
MTC-22818,2023-06-11,Championship League,Kerala Blasters,Goa Sharks,Neutral,Cloudy,2,4,31,1,1,19,2,1,61005,69,Away Win,6,-2,2,2,-38,38,2023,6,Sunday
MTC-22250,2023-06-11,Championship League,Goa Sharks,Pune Warriors,Home,Rainy,3,2,49,3,3,18,5,1,4322,51,Home Win,5,1,1,6,-2,2,2023,6,Sunday
MTC-21671,2023-06-11,Cup Series,Delhi Dynamos,Pune Warriors,Away,Windy,1,3,53,3,14,16,1,0,19218,47,Away Win,4,-2,2,17,6,6,2023,6,Sunday
MTC-23580,2023-06-11,Cup Series,Delhi Dynamos,Kolkata Strikers,Away,Windy,5,3,38,13,10,7,4,0,58027,62,Home Win,8,2,2,23,-24,24,2023,6,Sunday
MTC-22901,2023-06-12,Cup Series,Kolkata Strikers,Goa Sharks,Away,Windy,1,3,32,10,5,7,1,0,43792,68,Away Win,4,-2,2,15,-36,36,2023,6,Monday
MTC-20263,2023-06-12,Championship League,Pune Warriors,Delhi Dynamos,Neutral,Windy,5,2,47,11,4,12,6,0,2363,53,Home Win,7,3,3,15,-6,6,2023,6,Monday
MTC-21464,2023-06-12,Cup Series,Kolkata Strikers,Bengaluru FC,Neutral,Clear,4,5,46,3,12,7,3,1,38966,54,Away Win,9,-1,1,15,-8,8,2023,6,Monday
MTC-22931,2023-06-12,Premier Division,Chennai Titans,Delhi Dynamos,Away,Rainy,0,0,57,14,4,13,5,0,20968,43,Draw,0,0,0,18,14,14,2023,6,Monday
MTC-23172,2023-06-12,Premier Division,Kolkata Strikers,Pune Warriors,Away,Rainy,0,3,70,0,8,24,2,0,13366,30,Away Win,3,-3,3,8,40,40,2023,6,Monday
MTC-22126,2023-06-12,Premier Division,Pune Warriors,Mumbai United,Neutral,Windy,2,1,66,10,13,17,5,1,9924,34,Home Win,3,1,1,23,32,32,2023,6,Monday
MTC-21845,2023-06-12,Cup Series,Pune Warriors,Chennai Titans,Away,Windy,2,0,67,4,2,16,4,1,2515,33,Home Win,2,2,2,6,34,34,2023,6,Monday
MTC-23358,2023-06-13,Championship League,Jaipur Lions,Goa Sharks,Away,Windy,0,3,60,10,1,14,2,1,20903,40,Away Win,3,-3,3,11,20,20,2023,6,Tuesday
MTC-20892,2023-06-13,Championship League,Kerala Blasters,Bengaluru FC,Home,Clear,5,0,65,2,9,14,2,0,18939,35,Home Win,5,5,5,11,30,30,2023,6,Tuesday
MTC-20945,2023-06-13,Championship League,Kerala Blasters,Chennai Titans,Home,Cloudy,0,5,48,0,10,13,2,1,57576,52,Away Win,5,-5,5,10,-4,4,2023,6,Tuesday
MTC-20009,2023-06-13,Cup Series,Chennai Titans,Jaipur Lions,Neutral,Windy,3,4,45,4,9,13,2,1,54136,55,Away Win,7,-1,1,13,-10,10,2023,6,Tuesday
MTC-21140,2023-06-14,Championship League,Kolkata Strikers,Pune Warriors,Away,Windy,1,2,63,7,1,18,6,1,3294,37,Away Win,3,-1,1,8,26,26,2023,6,Wednesday
MTC-23430,2023-06-14,Cup Series,Chennai Titans,Delhi Dynamos,Home,Rainy,5,1,68,12,12,6,1,0,63272,32,Home Win,6,4,4,24,36,36,2023,6,Wednesday
MTC-21012,2023-06-14,Championship League,Kerala Blasters,Jaipur Lions,Home,Clear,2,1,49,12,12,16,4,0,19774,51,Home Win,3,1,1,24,-2,2,2023,6,Wednesday
MTC-22334,2023-06-15,Championship League,Chennai Titans,Hyderabad Falcons,Away,Cloudy,4,5,63,11,3,16,0,0,17871,37,Away Win,9,-1,1,14,26,26,2023,6,Thursday
MTC-20889,2023-06-15,Championship League,Delhi Dynamos,Goa Sharks,Neutral,Cloudy,3,2,30,2,13,8,3,1,30149,70,Home Win,5,1,1,15,-40,40,2023,6,Thursday
MTC-20075,2023-06-15,Cup Series,Mumbai United,Chennai Titans,Away,Windy,0,2,66,11,0,16,5,1,31735,34,Away Win,2,-2,2,11,32,32,2023,6,Thursday
MTC-21759,2023-06-15,Premier Division,Jaipur Lions,Chennai Titans,Home,Cloudy,2,5,57,1,6,21,0,0,57322,43,Away Win,7,-3,3,7,14,14,2023,6,Thursday
MTC-23023,2023-06-15,Premier Division,Kerala Blasters,Pune Warriors,Neutral,Rainy,3,2,47,11,14,23,0,0,10422,53,Home Win,5,1,1,25,-6,6,2023,6,Thursday
MTC-20439,2023-06-16,Championship League,Goa Sharks,Bengaluru FC,Neutral,Cloudy,2,0,62,13,10,11,1,1,53076,38,Home Win,2,2,2,23,24,24,2023,6,Friday
MTC-20121,2023-06-16,Championship League,Hyderabad Falcons,Chennai Titans,Neutral,Cloudy,0,2,32,9,7,21,3,1,33851,68,Away Win,2,-2,2,16,-36,36,2023,6,Friday
MTC-21462,2023-06-16,Premier Division,Kolkata Strikers,Hyderabad Falcons,Away,Clear,1,4,46,10,8,17,0,1,40393,54,Away Win,5,-3,3,18,-8,8,2023,6,Friday
MTC-20017,2023-06-16,Premier Division,Goa Sharks,Jaipur Lions,Home,Rainy,3,3,34,12,7,9,3,0,16101,66,Draw,6,0,0,19,-32,32,2023,6,Friday
MTC-23436,2023-06-17,Cup Series,Hyderabad Falcons,Kerala Blasters,Away,Cloudy,5,1,43,11,3,23,3,0,40722,57,Home Win,6,4,4,14,-14,14,2023,6,Saturday
MTC-20772,2023-06-17,Championship League,Kerala Blasters,Pune Warriors,Home,Rainy,3,3,62,3,7,19,1,1,57364,38,Draw,6,0,0,10,24,24,2023,6,Saturday
MTC-20813,2023-06-17,Championship League,Pune Warriors,Mumbai United,Away,Rainy,1,2,46,14,8,22,5,0,15087,54,Away Win,3,-1,1,22,-8,8,2023,6,Saturday
MTC-21615,2023-06-17,Cup Series,Bengaluru FC,Goa Sharks,Home,Clear,0,4,61,10,2,8,1,1,5405,39,Away Win,4,-4,4,12,22,22,2023,6,Saturday
MTC-20835,2023-06-17,Premier Division,Chennai Titans,Goa Sharks,Home,Clear,2,2,58,1,6,19,4,1,7009,42,Draw,4,0,0,7,16,16,2023,6,Saturday
MTC-20397,2023-06-18,Cup Series,Jaipur Lions,Goa Sharks,Neutral,Cloudy,0,0,39,8,4,10,0,0,15593,61,Draw,0,0,0,12,-22,22,2023,6,Sunday
MTC-23053,2023-06-18,Cup Series,Chennai Titans,Kerala Blasters,Away,Windy,4,1,51,6,5,7,1,0,55791,49,Home Win,5,3,3,11,2,2,2023,6,Sunday
MTC-23745,2023-06-19,Cup Series,Jaipur Lions,Chennai Titans,Neutral,Windy,3,1,35,0,9,13,3,1,6059,65,Home Win,4,2,2,9,-30,30,2023,6,Monday
MTC-21476,2023-06-20,Cup Series,Kolkata Strikers,Pune Warriors,Home,Clear,1,4,34,2,3,10,2,1,31890,66,Away Win,5,-3,3,5,-32,32,2023,6,Tuesday
MTC-22570,2023-06-20,Cup Series,Kolkata Strikers,Jaipur Lions,Away,Windy,1,2,53,13,14,19,2,1,64927,47,Away Win,3,-1,1,27,6,6,2023,6,Tuesday
MTC-21595,2023-06-20,Premier Division,Pune Warriors,Delhi Dynamos,Home,Windy,4,4,35,13,8,10,1,0,3410,65,Draw,8,0,0,21,-30,30,2023,6,Tuesday
MTC-21910,2023-06-20,Championship League,Jaipur Lions,Goa Sharks,Home,Cloudy,1,2,30,10,14,14,0,1,40816,70,Away Win,3,-1,1,24,-40,40,2023,6,Tuesday
MTC-21101,2023-06-20,Premier Division,Kolkata Strikers,Delhi Dynamos,Away,Rainy,1,0,59,8,0,11,2,1,41358,41,Home Win,1,1,1,8,18,18,2023,6,Tuesday
MTC-23387,2023-06-21,Premier Division,Jaipur Lions,Mumbai United,Home,Rainy,1,1,48,11,9,6,0,1,15783,52,Draw,2,0,0,20,-4,4,2023,6,Wednesday
MTC-23105,2023-06-21,Championship League,Kolkata Strikers,Chennai Titans,Neutral,Windy,4,1,36,12,13,21,1,0,53996,64,Home Win,5,3,3,25,-28,28,2023,6,Wednesday
MTC-21542,2023-06-21,Cup Series,Pune Warriors,Chennai Titans,Neutral,Rainy,4,1,33,3,1,6,0,0,34949,67,Home Win,5,3,3,4,-34,34,2023,6,Wednesday
MTC-23716,2023-06-22,Championship League,Kolkata Strikers,Mumbai United,Away,Cloudy,4,2,70,14,4,10,4,0,62103,30,Home Win,6,2,2,18,40,40,2023,6,Thursday
MTC-20095,2023-06-22,Premier Division,Pune Warriors,Goa Sharks,Neutral,Cloudy,4,3,68,4,1,5,1,0,5012,32,Home Win,7,1,1,5,36,36,2023,6,Thursday
MTC-21780,2023-06-22,Championship League,Bengaluru FC,Goa Sharks,Neutral,Windy,5,2,33,11,10,21,0,1,23926,67,Home Win,7,3,3,21,-34,34,2023,6,Thursday
MTC-21535,2023-06-22,Cup Series,Kolkata Strikers,Kerala Blasters,Neutral,Windy,3,4,43,0,2,23,6,1,63862,57,Away Win,7,-1,1,2,-14,14,2023,6,Thursday
MTC-23553,2023-06-22,Cup Series,Jaipur Lions,Kolkata Strikers,Away,Windy,0,1,61,0,8,24,0,1,8927,39,Away Win,1,-1,1,8,22,22,2023,6,Thursday
MTC-23530,2023-06-22,Cup Series,Delhi Dynamos,Kolkata Strikers,Away,Clear,5,1,66,1,0,9,0,0,64270,34,Home Win,6,4,4,1,32,32,2023,6,Thursday
MTC-22562,2023-06-23,Cup Series,Jaipur Lions,Goa Sharks,Away,Rainy,2,0,45,3,3,23,3,0,26043,55,Home Win,2,2,2,6,-10,10,2023,6,Friday
MTC-23119,2023-06-23,Cup Series,Mumbai United,Kolkata Strikers,Neutral,Cloudy,2,1,65,7,14,20,0,0,30163,35,Home Win,3,1,1,21,30,30,2023,6,Friday
MTC-22013,2023-06-23,Championship League,Bengaluru FC,Mumbai United,Neutral,Rainy,2,4,47,14,7,16,0,1,34673,53,Away Win,6,-2,2,21,-6,6,2023,6,Friday
MTC-21304,2023-06-23,Premier Division,Jaipur Lions,Kerala Blasters,Neutral,Clear,2,5,59,6,10,24,6,0,12038,41,Away Win,7,-3,3,16,18,18,2023,6,Friday
MTC-20748,2023-06-24,Cup Series,Bengaluru FC,Kerala Blasters,Away,Rainy,4,0,51,0,4,20,1,0,60231,49,Home Win,4,4,4,4,2,2,2023,6,Saturday
MTC-23202,2023-06-24,Premier Division,Hyderabad Falcons,Bengaluru FC,Neutral,Rainy,0,1,44,6,7,13,3,1,21689,56,Away Win,1,-1,1,13,-12,12,2023,6,Saturday
MTC-22155,2023-06-24,Cup Series,Hyderabad Falcons,Kerala Blasters,Neutral,Clear,4,3,68,13,1,23,5,1,32480,32,Home Win,7,1,1,14,36,36,2023,6,Saturday
MTC-21020,2023-06-24,Championship League,Pune Warriors,Delhi Dynamos,Home,Rainy,0,4,61,10,14,23,5,1,2896,39,Away Win,4,-4,4,24,22,22,2023,6,Saturday
MTC-20719,2023-06-24,Cup Series,Hyderabad Falcons,Delhi Dynamos,Away,Clear,0,0,51,13,7,10,1,1,55776,49,Draw,0,0,0,20,2,2,2023,6,Saturday
MTC-20365,2023-06-24,Championship League,Kerala Blasters,Pune Warriors,Away,Rainy,2,0,58,7,3,11,2,1,36117,42,Home Win,2,2,2,10,16,16,2023,6,Saturday
MTC-23449,2023-06-24,Premier Division,Bengaluru FC,Kerala Blasters,Neutral,Clear,1,5,46,12,6,14,0,0,59920,54,Away Win,6,-4,4,18,-8,8,2023,6,Saturday
MTC-20338,2023-06-24,Cup Series,Delhi Dynamos,Kolkata Strikers,Home,Cloudy,0,4,69,6,10,13,0,1,46097,31,Away Win,4,-4,4,16,38,38,2023,6,Saturday
MTC-20961,2023-06-25,Cup Series,Bengaluru FC,Goa Sharks,Away,Cloudy,4,4,53,4,1,5,5,1,27539,47,Draw,8,0,0,5,6,6,2023,6,Sunday
MTC-22668,2023-06-25,Cup Series,Chennai Titans,Hyderabad Falcons,Away,Rainy,4,1,34,3,0,23,5,0,54154,66,Home Win,5,3,3,3,-32,32,2023,6,Sunday
MTC-21672,2023-06-25,Premier Division,Jaipur Lions,Bengaluru FC,Home,Rainy,2,0,54,2,0,8,4,1,16586,46,Home Win,2,2,2,2,8,8,2023,6,Sunday
MTC-23643,2023-06-25,Cup Series,Delhi Dynamos,Pune Warriors,Neutral,Windy,1,2,36,9,13,9,6,0,62195,64,Away Win,3,-1,1,22,-28,28,2023,6,Sunday
MTC-20922,2023-06-25,Cup Series,Mumbai United,Goa Sharks,Neutral,Cloudy,2,2,36,3,2,10,6,0,31630,64,Draw,4,0,0,5,-28,28,2023,6,Sunday
MTC-22638,2023-06-26,Premier Division,Delhi Dynamos,Mumbai United,Neutral,Cloudy,0,2,64,4,1,22,4,1,46080,36,Away Win,2,-2,2,5,28,28,2023,6,Monday
MTC-22027,2023-06-26,Premier Division,Bengaluru FC,Kolkata Strikers,Away,Windy,1,4,49,2,7,12,2,1,37318,51,Away Win,5,-3,3,9,-2,2,2023,6,Monday
MTC-22618,2023-06-26,Cup Series,Chennai Titans,Pune Warriors,Away,Rainy,1,0,41,0,4,19,4,1,9708,59,Home Win,1,1,1,4,-18,18,2023,6,Monday
MTC-21763,2023-06-26,Championship League,Hyderabad Falcons,Jaipur Lions,Neutral,Cloudy,3,0,49,1,6,18,3,0,18099,51,Home Win,3,3,3,7,-2,2,2023,6,Monday
MTC-20359,2023-06-26,Premier Division,Delhi Dynamos,Kolkata Strikers,Away,Clear,2,1,67,1,4,17,2,1,34228,33,Home Win,3,1,1,5,34,34,2023,6,Monday
MTC-23180,2023-06-26,Premier Division,Kolkata Strikers,Kerala Blasters,Neutral,Cloudy,3,1,40,5,5,11,3,0,15324,60,Home Win,4,2,2,10,-20,20,2023,6,Monday
MTC-22829,2023-06-27,Premier Division,Hyderabad Falcons,Kerala Blasters,Neutral,Windy,5,2,50,6,7,20,4,1,33214,50,Home Win,7,3,3,13,0,0,2023,6,Tuesday
MTC-20979,2023-06-27,Premier Division,Kerala Blasters,Jaipur Lions,Neutral,Windy,4,2,57,12,11,15,1,0,51876,43,Home Win,6,2,2,23,14,14,2023,6,Tuesday
MTC-23645,2023-06-27,Premier Division,Goa Sharks,Bengaluru FC,Home,Rainy,1,0,69,14,13,7,6,1,21040,31,Home Win,1,1,1,27,38,38,2023,6,Tuesday
MTC-22484,2023-06-27,Premier Division,Pune Warriors,Jaipur Lions,Away,Windy,0,1,49,4,13,17,6,1,26504,51,Away Win,1,-1,1,17,-2,2,2023,6,Tuesday
MTC-23038,2023-06-27,Championship League,Kerala Blasters,Hyderabad Falcons,Neutral,Rainy,4,2,44,7,4,15,3,1,8308,56,Home Win,6,2,2,11,-12,12,2023,6,Tuesday
MTC-20590,2023-06-27,Premier Division,Kolkata Strikers,Mumbai United,Home,Clear,4,3,40,10,14,9,6,0,62593,60,Home Win,7,1,1,24,-20,20,2023,6,Tuesday
MTC-23625,2023-06-28,Cup Series,Kolkata Strikers,Hyderabad Falcons,Away,Clear,4,2,60,10,0,17,2,0,32897,40,Home Win,6,2,2,10,20,20,2023,6,Wednesday
MTC-23722,2023-06-28,Championship League,Bengaluru FC,Kerala Blasters,Neutral,Clear,1,1,64,9,14,20,3,0,35895,36,Draw,2,0,0,23,28,28,2023,6,Wednesday
MTC-20595,2023-06-28,Cup Series,Kerala Blasters,Bengaluru FC,Neutral,Clear,3,1,30,2,6,7,1,0,61934,70,Home Win,4,2,2,8,-40,40,2023,6,Wednesday
MTC-22567,2023-06-28,Premier Division,Bengaluru FC,Delhi Dynamos,Neutral,Windy,4,4,55,11,7,5,6,1,14124,45,Draw,8,0,0,18,10,10,2023,6,Wednesday
MTC-20902,2023-06-28,Cup Series,Kerala Blasters,Kolkata Strikers,Home,Cloudy,3,0,65,7,2,13,6,0,23466,35,Home Win,3,3,3,9,30,30,2023,6,Wednesday
MTC-23138,2023-06-29,Cup Series,Jaipur Lions,Mumbai United,Neutral,Clear,2,3,66,8,4,19,4,0,39676,34,Away Win,5,-1,1,12,32,32,2023,6,Thursday
MTC-20913,2023-06-29,Premier Division,Pune Warriors,Delhi Dynamos,Away,Cloudy,2,4,53,7,4,9,3,1,11511,47,Away Win,6,-2,2,11,6,6,2023,6,Thursday
MTC-22950,2023-06-29,Cup Series,Kerala Blasters,Goa Sharks,Neutral,Cloudy,1,2,60,3,2,17,1,0,4652,40,Away Win,3,-1,1,5,20,20,2023,6,Thursday
MTC-22116,2023-06-29,Cup Series,Goa Sharks,Delhi Dynamos,Home,Windy,5,3,30,9,9,23,2,1,27218,70,Home Win,8,2,2,18,-40,40,2023,6,Thursday
MTC-23310,2023-06-30,Premier Division,Goa Sharks,Bengaluru FC,Away,Clear,4,4,57,0,3,18,1,0,58815,43,Draw,8,0,0,3,14,14,2023,6,Friday
MTC-22167,2023-06-30,Premier Division,Hyderabad Falcons,Jaipur Lions,Neutral,Clear,5,3,41,12,11,11,3,0,42682,59,Home Win,8,2,2,23,-18,18,2023,6,Friday
MTC-23723,2023-06-30,Championship League,Jaipur Lions,Pune Warriors,Home,Cloudy,5,5,45,11,12,16,4,0,51806,55,Draw,10,0,0,23,-10,10,2023,6,Friday
MTC-21515,2023-06-30,Championship League,Bengaluru FC,Kolkata Strikers,Away,Windy,0,3,67,12,12,19,2,1,63490,33,Away Win,3,-3,3,24,34,34,2023,6,Friday
MTC-20970,2023-07-01,Championship League,Chennai Titans,Kerala Blasters,Neutral,Windy,3,1,38,8,3,15,5,0,50597,62,Home Win,4,2,2,11,-24,24,2023,7,Saturday
MTC-22687,2023-07-01,Premier Division,Pune Warriors,Kerala Blasters,Away,Rainy,0,3,65,8,0,8,3,1,54671,35,Away Win,3,-3,3,8,30,30,2023,7,Saturday
MTC-20494,2023-07-01,Premier Division,Delhi Dynamos,Hyderabad Falcons,Away,Clear,5,2,59,6,1,18,4,0,18895,41,Home Win,7,3,3,7,18,18,2023,7,Saturday
MTC-21551,2023-07-01,Championship League,Delhi Dynamos,Bengaluru FC,Neutral,Clear,4,0,69,1,4,12,4,0,60768,31,Home Win,4,4,4,5,38,38,2023,7,Saturday
MTC-21104,2023-07-01,Championship League,Kolkata Strikers,Mumbai United,Home,Cloudy,4,4,69,3,6,10,5,0,24365,31,Draw,8,0,0,9,38,38,2023,7,Saturday
MTC-22397,2023-07-01,Cup Series,Mumbai United,Bengaluru FC,Home,Windy,4,3,56,10,2,6,5,1,19855,44,Home Win,7,1,1,12,12,12,2023,7,Saturday
MTC-20022,2023-07-02,Championship League,Chennai Titans,Delhi Dynamos,Away,Cloudy,2,4,36,10,1,14,6,0,43094,64,Away Win,6,-2,2,11,-28,28,2023,7,Sunday
MTC-21305,2023-07-02,Championship League,Goa Sharks,Kerala Blasters,Home,Clear,4,4,68,1,1,24,1,0,50746,32,Draw,8,0,0,2,36,36,2023,7,Sunday
MTC-22508,2023-07-02,Premier Division,Kerala Blasters,Kolkata Strikers,Neutral,Windy,2,1,37,14,1,21,5,1,27103,63,Home Win,3,1,1,15,-26,26,2023,7,Sunday
MTC-22652,2023-07-02,Championship League,Hyderabad Falcons,Mumbai United,Neutral,Rainy,5,0,48,7,13,24,2,0,29185,52,Home Win,5,5,5,20,-4,4,2023,7,Sunday
MTC-22968,2023-07-03,Premier Division,Kolkata Strikers,Bengaluru FC,Away,Rainy,1,2,37,0,0,9,4,0,7979,63,Away Win,3,-1,1,0,-26,26,2023,7,Monday
MTC-23669,2023-07-03,Championship League,Goa Sharks,Chennai Titans,Away,Clear,4,2,41,5,5,6,0,1,6600,59,Home Win,6,2,2,10,-18,18,2023,7,Monday
MTC-21755,2023-07-04,Premier Division,Mumbai United,Chennai Titans,Home,Cloudy,1,5,59,7,11,22,4,0,36272,41,Away Win,6,-4,4,18,18,18,2023,7,Tuesday
MTC-21501,2023-07-04,Premier Division,Kolkata Strikers,Bengaluru FC,Away,Cloudy,5,5,59,14,2,15,1,1,24128,41,Draw,10,0,0,16,18,18,2023,7,Tuesday
MTC-22982,2023-07-04,Championship League,Jaipur Lions,Goa Sharks,Neutral,Cloudy,5,0,57,0,4,8,4,1,24806,43,Home Win,5,5,5,4,14,14,2023,7,Tuesday
MTC-20699,2023-07-05,Championship League,Chennai Titans,Goa Sharks,Away,Clear,4,1,70,5,8,15,1,0,60861,30,Home Win,5,3,3,13,40,40,2023,7,Wednesday
MTC-21866,2023-07-05,Cup Series,Kolkata Strikers,Delhi Dynamos,Neutral,Windy,3,3,35,3,10,19,3,0,44083,65,Draw,6,0,0,13,-30,30,2023,7,Wednesday
MTC-20474,2023-07-05,Cup Series,Hyderabad Falcons,Delhi Dynamos,Neutral,Rainy,2,4,49,7,6,21,1,1,4214,51,Away Win,6,-2,2,13,-2,2,2023,7,Wednesday
MTC-23241,2023-07-05,Premier Division,Goa Sharks,Jaipur Lions,Away,Windy,3,4,63,9,13,6,5,1,41856,37,Away Win,7,-1,1,22,26,26,2023,7,Wednesday
MTC-20666,2023-07-05,Cup Series,Kerala Blasters,Delhi Dynamos,Home,Rainy,4,0,60,7,4,24,0,1,18059,40,Home Win,4,4,4,11,20,20,2023,7,Wednesday
MTC-21922,2023-07-05,Championship League,Delhi Dynamos,Kerala Blasters,Home,Windy,3,0,41,14,2,18,4,1,57810,59,Home Win,3,3,3,16,-18,18,2023,7,Wednesday
MTC-23330,2023-07-06,Cup Series,Kolkata Strikers,Goa Sharks,Away,Rainy,5,3,38,6,3,14,0,1,59753,62,Home Win,8,2,2,9,-24,24,2023,7,Thursday
MTC-21195,2023-07-06,Premier Division,Goa Sharks,Bengaluru FC,Away,Rainy,0,0,63,0,4,7,5,0,28232,37,Draw,0,0,0,4,26,26,2023,7,Thursday
MTC-20996,2023-07-06,Cup Series,Pune Warriors,Jaipur Lions,Home,Windy,1,5,34,3,14,11,6,1,5528,66,Away Win,6,-4,4,17,-32,32,2023,7,Thursday
MTC-21366,2023-07-06,Cup Series,Pune Warriors,Hyderabad Falcons,Away,Cloudy,3,1,68,14,0,23,1,0,5244,32,Home Win,4,2,2,14,36,36,2023,7,Thursday
MTC-21694,2023-07-07,Cup Series,Goa Sharks,Hyderabad Falcons,Away,Clear,5,4,60,14,8,6,4,1,51749,40,Home Win,9,1,1,22,20,20,2023,7,Friday
MTC-22948,2023-07-07,Premier Division,Hyderabad Falcons,Kerala Blasters,Neutral,Windy,1,0,62,8,12,21,0,1,6956,38,Home Win,1,1,1,20,24,24,2023,7,Friday
MTC-23622,2023-07-07,Premier Division,Kolkata Strikers,Pune Warriors,Neutral,Cloudy,0,0,51,1,9,22,1,0,37349,49,Draw,0,0,0,10,2,2,2023,7,Friday
MTC-21026,2023-07-07,Cup Series,Delhi Dynamos,Kerala Blasters,Away,Clear,3,1,53,6,5,15,1,0,62750,47,Home Win,4,2,2,11,6,6,2023,7,Friday
MTC-23690,2023-07-07,Championship League,Goa Sharks,Kolkata Strikers,Home,Clear,4,5,37,12,14,8,0,0,22335,63,Away Win,9,-1,1,26,-26,26,2023,7,Friday
MTC-20076,2023-07-07,Cup Series,Hyderabad Falcons,Bengaluru FC,Away,Cloudy,5,1,67,11,9,17,0,0,38234,33,Home Win,6,4,4,20,34,34,2023,7,Friday
MTC-20940,2023-07-08,Championship League,Kerala Blasters,Jaipur Lions,Away,Clear,3,5,49,8,3,23,5,0,32381,51,Away Win,8,-2,2,11,-2,2,2023,7,Saturday
MTC-20309,2023-07-08,Premier Division,Hyderabad Falcons,Goa Sharks,Away,Rainy,4,1,50,7,4,7,0,0,10223,50,Home Win,5,3,3,11,0,0,2023,7,Saturday
MTC-21636,2023-07-08,Championship League,Bengaluru FC,Hyderabad Falcons,Away,Clear,1,4,57,12,13,9,4,1,14357,43,Away Win,5,-3,3,25,14,14,2023,7,Saturday
MTC-21616,2023-07-08,Cup Series,Bengaluru FC,Chennai Titans,Neutral,Rainy,5,0,65,5,2,5,3,1,61125,35,Home Win,5,5,5,7,30,30,2023,7,Saturday
MTC-23634,2023-07-08,Premier Division,Bengaluru FC,Hyderabad Falcons,Neutral,Cloudy,3,2,39,5,0,5,1,1,57942,61,Home Win,5,1,1,5,-22,22,2023,7,Saturday
MTC-23318,2023-07-09,Premier Division,Chennai Titans,Hyderabad Falcons,Neutral,Rainy,2,0,35,2,9,24,5,1,9500,65,Home Win,2,2,2,11,-30,30,2023,7,Sunday
MTC-20833,2023-07-09,Cup Series,Kerala Blasters,Pune Warriors,Home,Windy,4,4,37,2,1,6,6,0,45283,63,Draw,8,0,0,3,-26,26,2023,7,Sunday
MTC-20429,2023-07-10,Premier Division,Goa Sharks,Kerala Blasters,Home,Clear,0,2,39,9,5,9,3,0,14913,61,Away Win,2,-2,2,14,-22,22,2023,7,Monday
MTC-22593,2023-07-10,Championship League,Hyderabad Falcons,Bengaluru FC,Neutral,Clear,0,0,47,11,14,14,1,1,3675,53,Draw,0,0,0,25,-6,6,2023,7,Monday
MTC-22962,2023-07-10,Cup Series,Kolkata Strikers,Goa Sharks,Neutral,Rainy,5,0,45,9,4,15,6,1,36082,55,Home Win,5,5,5,13,-10,10,2023,7,Monday
MTC-23706,2023-07-10,Cup Series,Goa Sharks,Bengaluru FC,Away,Windy,4,0,70,0,0,17,1,1,43498,30,Home Win,4,4,4,0,40,40,2023,7,Monday
MTC-22134,2023-07-11,Championship League,Pune Warriors,Chennai Titans,Neutral,Cloudy,5,2,48,9,14,23,1,1,16339,52,Home Win,7,3,3,23,-4,4,2023,7,Tuesday
MTC-20857,2023-07-11,Championship League,Goa Sharks,Hyderabad Falcons,Home,Cloudy,5,2,34,9,13,20,2,0,47035,66,Home Win,7,3,3,22,-32,32,2023,7,Tuesday
MTC-20508,2023-07-11,Premier Division,Bengaluru FC,Pune Warriors,Home,Windy,4,4,70,5,9,13,2,1,22065,30,Draw,8,0,0,14,40,40,2023,7,Tuesday
MTC-22838,2023-07-11,Premier Division,Chennai Titans,Hyderabad Falcons,Neutral,Windy,4,3,48,14,10,12,0,1,11147,52,Home Win,7,1,1,24,-4,4,2023,7,Tuesday
MTC-23323,2023-07-11,Premier Division,Chennai Titans,Jaipur Lions,Away,Clear,5,3,40,11,3,9,3,1,6161,60,Home Win,8,2,2,14,-20,20,2023,7,Tuesday
MTC-22309,2023-07-11,Cup Series,Chennai Titans,Kolkata Strikers,Neutral,Windy,1,0,51,12,6,12,2,1,33897,49,Home Win,1,1,1,18,2,2,2023,7,Tuesday
MTC-20087,2023-07-11,Premier Division,Kerala Blasters,Kolkata Strikers,Home,Rainy,4,3,31,14,7,5,2,1,17906,69,Home Win,7,1,1,21,-38,38,2023,7,Tuesday
MTC-20798,2023-07-11,Premier Division,Kerala Blasters,Mumbai United,Away,Clear,0,3,42,0,9,6,2,0,18929,58,Away Win,3,-3,3,9,-16,16,2023,7,Tuesday
MTC-20980,2023-07-11,Cup Series,Kerala Blasters,Delhi Dynamos,Home,Windy,5,4,46,4,5,15,1,1,42994,54,Home Win,9,1,1,9,-8,8,2023,7,Tuesday
MTC-23744,2023-07-12,Cup Series,Kolkata Strikers,Delhi Dynamos,Away,Rainy,3,0,53,6,3,23,4,0,27608,47,Home Win,3,3,3,9,6,6,2023,7,Wednesday
MTC-21813,2023-07-12,Championship League,Mumbai United,Jaipur Lions,Away,Rainy,3,3,40,0,12,23,6,1,9746,60,Draw,6,0,0,12,-20,20,2023,7,Wednesday
MTC-21583,2023-07-13,Premier Division,Mumbai United,Bengaluru FC,Neutral,Rainy,0,1,34,11,3,15,4,1,10855,66,Away Win,1,-1,1,14,-32,32,2023,7,Thursday
MTC-22186,2023-07-13,Cup Series,Hyderabad Falcons,Pune Warriors,Away,Cloudy,4,4,61,3,4,5,4,1,57624,39,Draw,8,0,0,7,22,22,2023,7,Thursday
MTC-23062,2023-07-13,Premier Division,Bengaluru FC,Jaipur Lions,Neutral,Rainy,4,4,30,7,7,15,2,0,61220,70,Draw,8,0,0,14,-40,40,2023,7,Thursday
MTC-20959,2023-07-13,Premier Division,Delhi Dynamos,Jaipur Lions,Neutral,Windy,2,2,38,1,10,12,6,0,13238,62,Draw,4,0,0,11,-24,24,2023,7,Thursday
MTC-23364,2023-07-13,Cup Series,Goa Sharks,Kolkata Strikers,Neutral,Rainy,3,1,49,7,6,7,2,0,43821,51,Home Win,4,2,2,13,-2,2,2023,7,Thursday
MTC-20500,2023-07-14,Premier Division,Chennai Titans,Bengaluru FC,Home,Rainy,5,1,46,10,2,11,1,1,7058,54,Home Win,6,4,4,12,-8,8,2023,7,Friday
MTC-21282,2023-07-14,Championship League,Goa Sharks,Mumbai United,Home,Cloudy,1,5,47,5,10,14,4,0,7138,53,Away Win,6,-4,4,15,-6,6,2023,7,Friday
MTC-21925,2023-07-15,Championship League,Mumbai United,Chennai Titans,Away,Rainy,3,1,31,4,12,14,5,1,48069,69,Home Win,4,2,2,16,-38,38,2023,7,Saturday
MTC-21320,2023-07-15,Championship League,Kerala Blasters,Chennai Titans,Away,Windy,0,1,50,2,13,13,4,1,60778,50,Away Win,1,-1,1,15,0,0,2023,7,Saturday
MTC-21268,2023-07-15,Premier Division,Goa Sharks,Chennai Titans,Neutral,Clear,2,2,59,11,8,16,3,0,32020,41,Draw,4,0,0,19,18,18,2023,7,Saturday
MTC-20828,2023-07-15,Championship League,Bengaluru FC,Chennai Titans,Home,Rainy,5,5,63,11,14,17,6,1,47110,37,Draw,10,0,0,25,26,26,2023,7,Saturday
MTC-20580,2023-07-16,Cup Series,Pune Warriors,Hyderabad Falcons,Home,Clear,3,5,54,13,12,7,4,0,31131,46,Away Win,8,-2,2,25,8,8,2023,7,Sunday
MTC-20676,2023-07-16,Championship League,Bengaluru FC,Kolkata Strikers,Away,Rainy,3,0,33,5,11,15,3,1,2526,67,Home Win,3,3,3,16,-34,34,2023,7,Sunday
MTC-21055,2023-07-17,Championship League,Jaipur Lions,Bengaluru FC,Away,Windy,5,3,32,13,7,16,3,0,47252,68,Home Win,8,2,2,20,-36,36,2023,7,Monday
MTC-21272,2023-07-17,Premier Division,Jaipur Lions,Mumbai United,Neutral,Windy,3,4,59,12,3,10,4,1,18015,41,Away Win,7,-1,1,15,18,18,2023,7,Monday
MTC-23254,2023-07-17,Championship League,Chennai Titans,Jaipur Lions,Neutral,Windy,3,4,38,14,1,6,4,1,56526,62,Away Win,7,-1,1,15,-24,24,2023,7,Monday
MTC-21489,2023-07-17,Championship League,Kerala Blasters,Bengaluru FC,Away,Windy,5,4,53,14,6,5,4,1,60033,47,Home Win,9,1,1,20,6,6,2023,7,Monday
MTC-20162,2023-07-18,Championship League,Goa Sharks,Hyderabad Falcons,Neutral,Windy,2,5,52,1,6,12,3,0,50556,48,Away Win,7,-3,3,7,4,4,2023,7,Tuesday
MTC-23240,2023-07-18,Championship League,Chennai Titans,Pune Warriors,Neutral,Cloudy,5,1,30,14,6,15,4,0,63758,70,Home Win,6,4,4,20,-40,40,2023,7,Tuesday
MTC-21309,2023-07-18,Premier Division,Kolkata Strikers,Jaipur Lions,Neutral,Cloudy,3,1,40,11,10,17,4,1,3522,60,Home Win,4,2,2,21,-20,20,2023,7,Tuesday
MTC-22363,2023-07-18,Premier Division,Bengaluru FC,Kolkata Strikers,Away,Rainy,0,3,33,12,1,23,3,0,11178,67,Away Win,3,-3,3,13,-34,34,2023,7,Tuesday
MTC-21164,2023-07-19,Premier Division,Delhi Dynamos,Kolkata Strikers,Home,Cloudy,2,3,54,10,10,13,5,0,39083,46,Away Win,5,-1,1,20,8,8,2023,7,Wednesday
MTC-22516,2023-07-19,Championship League,Goa Sharks,Jaipur Lions,Neutral,Clear,0,4,44,9,5,23,3,1,15668,56,Away Win,4,-4,4,14,-12,12,2023,7,Wednesday
MTC-21549,2023-07-19,Championship League,Bengaluru FC,Pune Warriors,Home,Cloudy,4,3,33,7,8,8,2,0,46044,67,Home Win,7,1,1,15,-34,34,2023,7,Wednesday
MTC-22296,2023-07-20,Championship League,Pune Warriors,Hyderabad Falcons,Neutral,Clear,2,2,43,0,7,7,4,0,24440,57,Draw,4,0,0,7,-14,14,2023,7,Thursday
MTC-22437,2023-07-20,Premier Division,Chennai Titans,Mumbai United,Home,Cloudy,3,0,58,0,14,12,5,1,62389,42,Home Win,3,3,3,14,16,16,2023,7,Thursday
MTC-22771,2023-07-21,Premier Division,Chennai Titans,Bengaluru FC,Away,Windy,5,3,58,9,5,15,2,0,28044,42,Home Win,8,2,2,14,16,16,2023,7,Friday
MTC-23063,2023-07-21,Premier Division,Hyderabad Falcons,Jaipur Lions,Neutral,Rainy,1,4,54,12,11,24,0,1,7487,46,Away Win,5,-3,3,23,8,8,2023,7,Friday
MTC-20420,2023-07-21,Championship League,Pune Warriors,Kerala Blasters,Neutral,Rainy,0,4,33,6,7,15,4,1,58483,67,Away Win,4,-4,4,13,-34,34,2023,7,Friday
MTC-20594,2023-07-21,Premier Division,Goa Sharks,Jaipur Lions,Away,Windy,0,5,46,12,6,17,2,0,38671,54,Away Win,5,-5,5,18,-8,8,2023,7,Friday
MTC-22068,2023-07-22,Cup Series,Kerala Blasters,Goa Sharks,Away,Clear,4,4,36,0,12,11,4,0,21898,64,Draw,8,0,0,12,-28,28,2023,7,Saturday
MTC-21051,2023-07-22,Cup Series,Hyderabad Falcons,Delhi Dynamos,Home,Windy,2,0,68,3,12,20,2,0,16869,32,Home Win,2,2,2,15,36,36,2023,7,Saturday
MTC-21853,2023-07-22,Cup Series,Goa Sharks,Kolkata Strikers,Away,Cloudy,5,1,53,7,7,18,0,1,46480,47,Home Win,6,4,4,14,6,6,2023,7,Saturday
MTC-23787,2023-07-22,Cup Series,Kerala Blasters,Pune Warriors,Neutral,Rainy,0,1,70,3,13,20,1,0,54976,30,Away Win,1,-1,1,16,40,40,2023,7,Saturday
MTC-23747,2023-07-22,Cup Series,Bengaluru FC,Chennai Titans,Neutral,Clear,3,4,48,6,4,7,5,1,38516,52,Away Win,7,-1,1,10,-4,4,2023,7,Saturday
MTC-23183,2023-07-22,Cup Series,Goa Sharks,Delhi Dynamos,Neutral,Windy,4,2,50,4,9,12,6,0,10310,50,Home Win,6,2,2,13,0,0,2023,7,Saturday
MTC-21914,2023-07-22,Cup Series,Kolkata Strikers,Pune Warriors,Away,Windy,5,5,68,8,3,19,6,1,42906,32,Draw,10,0,0,11,36,36,2023,7,Saturday
MTC-22810,2023-07-23,Cup Series,Kerala Blasters,Bengaluru FC,Home,Rainy,2,1,43,1,14,18,6,1,61825,57,Home Win,3,1,1,15,-14,14,2023,7,Sunday
MTC-20255,2023-07-23,Championship League,Chennai Titans,Delhi Dynamos,Away,Rainy,0,3,46,8,4,22,3,1,15390,54,Away Win,3,-3,3,12,-8,8,2023,7,Sunday
MTC-21916,2023-07-23,Championship League,Chennai Titans,Kolkata Strikers,Neutral,Windy,1,3,61,2,14,7,6,1,22520,39,Away Win,4,-2,2,16,22,22,2023,7,Sunday
MTC-23637,2023-07-23,Premier Division,Jaipur Lions,Bengaluru FC,Home,Cloudy,3,1,40,12,2,14,3,0,25699,60,Home Win,4,2,2,14,-20,20,2023,7,Sunday
MTC-23343,2023-07-23,Cup Series,Chennai Titans,Hyderabad Falcons,Home,Cloudy,1,5,46,11,6,22,0,1,45056,54,Away Win,6,-4,4,17,-8,8,2023,7,Sunday
MTC-21555,2023-07-24,Premier Division,Hyderabad Falcons,Jaipur Lions,Neutral,Clear,0,2,36,13,4,22,4,0,18448,64,Away Win,2,-2,2,17,-28,28,2023,7,Monday
MTC-22602,2023-07-24,Premier Division,Goa Sharks,Delhi Dynamos,Neutral,Clear,3,3,65,5,1,16,2,1,51569,35,Draw,6,0,0,6,30,30,2023,7,Monday
MTC-23021,2023-07-24,Premier Division,Bengaluru FC,Mumbai United,Neutral,Rainy,0,2,42,1,9,8,1,1,40841,58,Away Win,2,-2,2,10,-16,16,2023,7,Monday
MTC-23094,2023-07-24,Cup Series,Hyderabad Falcons,Jaipur Lions,Home,Rainy,3,2,55,11,11,21,4,0,62950,45,Home Win,5,1,1,22,10,10,2023,7,Monday
MTC-20456,2023-07-24,Championship League,Jaipur Lions,Kolkata Strikers,Away,Rainy,4,3,51,14,0,16,1,0,48207,49,Home Win,7,1,1,14,2,2,2023,7,Monday
MTC-20667,2023-07-24,Championship League,Delhi Dynamos,Mumbai United,Neutral,Windy,4,2,62,11,2,16,3,0,13786,38,Home Win,6,2,2,13,24,24,2023,7,Monday
MTC-21035,2023-07-25,Championship League,Hyderabad Falcons,Bengaluru FC,Neutral,Rainy,1,1,44,6,12,19,3,1,6165,56,Draw,2,0,0,18,-12,12,2023,7,Tuesday
MTC-21998,2023-07-25,Premier Division,Kolkata Strikers,Mumbai United,Home,Rainy,0,5,66,13,3,10,1,0,46304,34,Away Win,5,-5,5,16,32,32,2023,7,Tuesday
MTC-20872,2023-07-25,Premier Division,Jaipur Lions,Kolkata Strikers,Home,Rainy,1,2,62,8,11,13,3,0,58709,38,Away Win,3,-1,1,19,24,24,2023,7,Tuesday
MTC-21717,2023-07-25,Championship League,Jaipur Lions,Goa Sharks,Away,Rainy,2,1,64,10,13,9,6,1,32525,36,Home Win,3,1,1,23,28,28,2023,7,Tuesday
MTC-21878,2023-07-25,Premier Division,Hyderabad Falcons,Bengaluru FC,Home,Cloudy,3,1,52,5,5,23,5,1,19630,48,Home Win,4,2,2,10,4,4,2023,7,Tuesday
MTC-21765,2023-07-25,Championship League,Mumbai United,Hyderabad Falcons,Home,Cloudy,2,5,38,2,1,17,6,1,34035,62,Away Win,7,-3,3,3,-24,24,2023,7,Tuesday
MTC-20973,2023-07-26,Championship League,Chennai Titans,Kolkata Strikers,Home,Windy,0,5,44,13,6,5,4,0,18183,56,Away Win,5,-5,5,19,-12,12,2023,7,Wednesday
MTC-22245,2023-07-27,Premier Division,Kerala Blasters,Goa Sharks,Away,Rainy,1,0,50,4,12,11,4,1,14024,50,Home Win,1,1,1,16,0,0,2023,7,Thursday
MTC-21725,2023-07-27,Premier Division,Goa Sharks,Pune Warriors,Home,Clear,2,0,32,13,6,23,6,0,42392,68,Home Win,2,2,2,19,-36,36,2023,7,Thursday
MTC-20868,2023-07-27,Cup Series,Mumbai United,Jaipur Lions,Neutral,Windy,2,0,42,13,6,8,2,0,51751,58,Home Win,2,2,2,19,-16,16,2023,7,Thursday
MTC-22463,2023-07-27,Premier Division,Chennai Titans,Jaipur Lions,Neutral,Rainy,4,0,31,13,5,8,1,1,20683,69,Home Win,4,4,4,18,-38,38,2023,7,Thursday
MTC-23547,2023-07-27,Cup Series,Hyderabad Falcons,Chennai Titans,Away,Cloudy,3,0,60,9,10,14,4,0,30705,40,Home Win,3,3,3,19,20,20,2023,7,Thursday
MTC-20891,2023-07-28,Cup Series,Kolkata Strikers,Kerala Blasters,Away,Windy,1,0,64,8,9,10,5,0,62537,36,Home Win,1,1,1,17,28,28,2023,7,Friday
MTC-21116,2023-07-28,Championship League,Mumbai United,Chennai Titans,Home,Cloudy,0,0,58,10,5,18,1,1,12328,42,Draw,0,0,0,15,16,16,2023,7,Friday
MTC-20604,2023-07-28,Premier Division,Kerala Blasters,Hyderabad Falcons,Neutral,Clear,3,2,57,7,10,12,2,0,43818,43,Home Win,5,1,1,17,14,14,2023,7,Friday
MTC-22643,2023-07-28,Premier Division,Chennai Titans,Mumbai United,Neutral,Windy,0,5,65,11,3,12,0,1,45331,35,Away Win,5,-5,5,14,30,30,2023,7,Friday
MTC-21850,2023-07-28,Championship League,Kerala Blasters,Pune Warriors,Home,Cloudy,3,5,58,1,0,9,5,1,42475,42,Away Win,8,-2,2,1,16,16,2023,7,Friday
MTC-21147,2023-07-28,Premier Division,Kerala Blasters,Chennai Titans,Away,Windy,2,1,42,11,7,22,4,0,33805,58,Home Win,3,1,1,18,-16,16,2023,7,Friday
MTC-21422,2023-07-28,Premier Division,Pune Warriors,Jaipur Lions,Neutral,Rainy,4,4,68,3,0,22,0,1,44072,32,Draw,8,0,0,3,36,36,2023,7,Friday
MTC-22331,2023-07-29,Championship League,Kerala Blasters,Chennai Titans,Away,Windy,3,0,35,10,10,15,0,0,50974,65,Home Win,3,3,3,20,-30,30,2023,7,Saturday
MTC-21233,2023-07-29,Premier Division,Bengaluru FC,Kolkata Strikers,Away,Rainy,4,2,55,2,0,14,6,1,47867,45,Home Win,6,2,2,2,10,10,2023,7,Saturday
MTC-22637,2023-07-29,Championship League,Goa Sharks,Delhi Dynamos,Away,Cloudy,2,4,34,10,8,13,3,0,18647,66,Away Win,6,-2,2,18,-32,32,2023,7,Saturday
MTC-22988,2023-07-29,Championship League,Delhi Dynamos,Bengaluru FC,Home,Clear,5,3,43,12,11,16,2,1,62264,57,Home Win,8,2,2,23,-14,14,2023,7,Saturday
MTC-23541,2023-07-29,Premier Division,Chennai Titans,Pune Warriors,Home,Windy,3,5,37,9,7,24,2,1,4511,63,Away Win,8,-2,2,16,-26,26,2023,7,Saturday
MTC-22120,2023-07-29,Championship League,Pune Warriors,Goa Sharks,Home,Windy,4,4,54,13,13,15,2,1,49083,46,Draw,8,0,0,26,8,8,2023,7,Saturday
MTC-23565,2023-07-30,Cup Series,Pune Warriors,Jaipur Lions,Away,Rainy,3,3,57,13,12,23,3,1,45320,43,Draw,6,0,0,25,14,14,2023,7,Sunday
MTC-22048,2023-07-30,Premier Division,Goa Sharks,Bengaluru FC,Neutral,Cloudy,0,5,56,13,1,6,5,1,31546,44,Away Win,5,-5,5,14,12,12,2023,7,Sunday
MTC-21465,2023-07-30,Cup Series,Jaipur Lions,Kolkata Strikers,Home,Clear,4,0,33,11,6,15,4,1,13296,67,Home Win,4,4,4,17,-34,34,2023,7,Sunday
MTC-22382,2023-07-30,Championship League,Jaipur Lions,Chennai Titans,Home,Clear,3,1,37,2,6,9,1,0,57193,63,Home Win,4,2,2,8,-26,26,2023,7,Sunday
MTC-21997,2023-07-31,Championship League,Jaipur Lions,Mumbai United,Neutral,Rainy,0,5,46,10,1,23,0,1,15230,54,Away Win,5,-5,5,11,-8,8,2023,7,Monday
MTC-22530,2023-07-31,Championship League,Kolkata Strikers,Hyderabad Falcons,Neutral,Rainy,1,5,57,11,6,22,3,0,62235,43,Away Win,6,-4,4,17,14,14,2023,7,Monday
MTC-22404,2023-07-31,Premier Division,Mumbai United,Goa Sharks,Neutral,Windy,4,3,66,12,7,22,4,0,28714,34,Home Win,7,1,1,19,32,32,2023,7,Monday
MTC-23165,2023-07-31,Cup Series,Hyderabad Falcons,Delhi Dynamos,Neutral,Rainy,5,1,34,8,11,5,2,1,3411,66,Home Win,6,4,4,19,-32,32,2023,7,Monday
MTC-23695,2023-07-31,Championship League,Goa Sharks,Bengaluru FC,Away,Cloudy,0,5,56,9,11,17,1,1,34398,44,Away Win,5,-5,5,20,12,12,2023,7,Monday
MTC-20799,2023-07-31,Premier Division,Pune Warriors,Bengaluru FC,Away,Rainy,5,2,53,3,8,24,3,1,27472,47,Home Win,7,3,3,11,6,6,2023,7,Monday
MTC-23228,2023-08-01,Championship League,Goa Sharks,Bengaluru FC,Away,Rainy,4,0,35,14,1,15,4,1,24190,65,Home Win,4,4,4,15,-30,30,2023,8,Tuesday
MTC-20658,2023-08-01,Championship League,Delhi Dynamos,Hyderabad Falcons,Home,Cloudy,1,3,33,8,2,12,4,0,27393,67,Away Win,4,-2,2,10,-34,34,2023,8,Tuesday
MTC-21644,2023-08-02,Cup Series,Kerala Blasters,Goa Sharks,Home,Cloudy,4,5,33,0,12,19,3,1,30675,67,Away Win,9,-1,1,12,-34,34,2023,8,Wednesday
MTC-23673,2023-08-02,Premier Division,Jaipur Lions,Hyderabad Falcons,Away,Cloudy,1,3,55,4,9,23,4,1,22382,45,Away Win,4,-2,2,13,10,10,2023,8,Wednesday
MTC-23004,2023-08-03,Cup Series,Kerala Blasters,Mumbai United,Home,Rainy,0,4,54,9,1,8,1,0,3850,46,Away Win,4,-4,4,10,8,8,2023,8,Thursday
MTC-23340,2023-08-03,Cup Series,Bengaluru FC,Delhi Dynamos,Home,Rainy,2,4,63,12,14,6,3,0,59497,37,Away Win,6,-2,2,26,26,26,2023,8,Thursday
MTC-23301,2023-08-04,Cup Series,Goa Sharks,Mumbai United,Away,Windy,4,4,40,14,2,8,2,0,23754,60,Draw,8,0,0,16,-20,20,2023,8,Friday
MTC-20102,2023-08-04,Premier Division,Hyderabad Falcons,Mumbai United,Home,Cloudy,2,5,63,14,0,20,4,1,51064,37,Away Win,7,-3,3,14,26,26,2023,8,Friday
MTC-23003,2023-08-04,Premier Division,Goa Sharks,Delhi Dynamos,Away,Cloudy,1,5,63,11,14,7,2,0,37753,37,Away Win,6,-4,4,25,26,26,2023,8,Friday
MTC-20607,2023-08-04,Championship League,Goa Sharks,Mumbai United,Neutral,Cloudy,2,2,54,9,5,13,4,1,2336,46,Draw,4,0,0,14,8,8,2023,8,Friday
MTC-22018,2023-08-05,Cup Series,Delhi Dynamos,Mumbai United,Home,Clear,4,5,31,2,14,23,0,1,13591,69,Away Win,9,-1,1,16,-38,38,2023,8,Saturday
MTC-22664,2023-08-05,Championship League,Chennai Titans,Kerala Blasters,Away,Windy,5,3,66,1,5,14,1,1,39483,34,Home Win,8,2,2,6,32,32,2023,8,Saturday
MTC-23782,2023-08-05,Cup Series,Goa Sharks,Kerala Blasters,Home,Windy,4,4,37,3,8,14,4,1,17797,63,Draw,8,0,0,11,-26,26,2023,8,Saturday
MTC-21098,2023-08-05,Championship League,Mumbai United,Bengaluru FC,Home,Clear,2,3,45,13,7,12,5,0,27041,55,Away Win,5,-1,1,20,-10,10,2023,8,Saturday
MTC-21407,2023-08-05,Cup Series,Kerala Blasters,Jaipur Lions,Home,Rainy,2,0,46,7,4,17,2,0,31603,54,Home Win,2,2,2,11,-8,8,2023,8,Saturday
MTC-21494,2023-08-05,Cup Series,Bengaluru FC,Goa Sharks,Away,Windy,0,5,50,1,14,14,3,1,12789,50,Away Win,5,-5,5,15,0,0,2023,8,Saturday
MTC-22075,2023-08-05,Premier Division,Chennai Titans,Jaipur Lions,Neutral,Clear,2,1,62,9,5,6,1,1,2089,38,Home Win,3,1,1,14,24,24,2023,8,Saturday
MTC-21951,2023-08-05,Cup Series,Kerala Blasters,Pune Warriors,Home,Clear,2,1,50,11,1,12,2,0,43015,50,Home Win,3,1,1,12,0,0,2023,8,Saturday
MTC-22912,2023-08-05,Championship League,Delhi Dynamos,Jaipur Lions,Home,Cloudy,2,0,40,8,6,12,6,1,40505,60,Home Win,2,2,2,14,-20,20,2023,8,Saturday
MTC-23133,2023-08-06,Cup Series,Kolkata Strikers,Mumbai United,Neutral,Windy,2,3,64,9,6,21,3,0,37063,36,Away Win,5,-1,1,15,28,28,2023,8,Sunday
MTC-22399,2023-08-06,Cup Series,Bengaluru FC,Jaipur Lions,Away,Cloudy,4,0,66,4,4,20,1,1,15763,34,Home Win,4,4,4,8,32,32,2023,8,Sunday
MTC-22008,2023-08-06,Premier Division,Hyderabad Falcons,Chennai Titans,Home,Clear,1,5,54,7,1,14,5,0,33560,46,Away Win,6,-4,4,8,8,8,2023,8,Sunday
MTC-21614,2023-08-06,Cup Series,Kolkata Strikers,Goa Sharks,Away,Cloudy,2,5,40,13,5,20,4,1,35708,60,Away Win,7,-3,3,18,-20,20,2023,8,Sunday
MTC-22795,2023-08-06,Championship League,Goa Sharks,Kerala Blasters,Away,Rainy,2,1,46,9,12,18,5,1,63776,54,Home Win,3,1,1,21,-8,8,2023,8,Sunday
MTC-21522,2023-08-06,Cup Series,Kolkata Strikers,Pune Warriors,Away,Clear,0,2,43,3,10,17,0,1,32749,57,Away Win,2,-2,2,13,-14,14,2023,8,Sunday
MTC-22317,2023-08-07,Championship League,Goa Sharks,Jaipur Lions,Home,Clear,2,1,67,3,1,10,0,1,40209,33,Home Win,3,1,1,4,34,34,2023,8,Monday
MTC-20668,2023-08-08,Championship League,Kolkata Strikers,Hyderabad Falcons,Away,Clear,5,2,34,8,4,7,4,1,41380,66,Home Win,7,3,3,12,-32,32,2023,8,Tuesday
MTC-23214,2023-08-08,Premier Division,Goa Sharks,Bengaluru FC,Home,Clear,4,4,58,6,11,19,2,0,9510,42,Draw,8,0,0,17,16,16,2023,8,Tuesday
MTC-20767,2023-08-08,Cup Series,Mumbai United,Delhi Dynamos,Home,Rainy,2,4,62,3,6,15,6,1,50196,38,Away Win,6,-2,2,9,24,24,2023,8,Tuesday
MTC-21802,2023-08-08,Cup Series,Bengaluru FC,Kolkata Strikers,Home,Windy,5,4,60,2,13,11,5,1,33634,40,Home Win,9,1,1,15,20,20,2023,8,Tuesday
MTC-22692,2023-08-08,Cup Series,Kerala Blasters,Delhi Dynamos,Home,Rainy,1,3,35,13,1,18,5,1,51522,65,Away Win,4,-2,2,14,-30,30,2023,8,Tuesday
MTC-22274,2023-08-09,Championship League,Kolkata Strikers,Kerala Blasters,Away,Cloudy,5,3,70,10,0,8,3,1,49351,30,Home Win,8,2,2,10,40,40,2023,8,Wednesday
MTC-21287,2023-08-09,Cup Series,Goa Sharks,Bengaluru FC,Neutral,Rainy,1,2,36,8,7,18,4,0,10606,64,Away Win,3,-1,1,15,-28,28,2023,8,Wednesday
MTC-20706,2023-08-09,Championship League,Jaipur Lions,Hyderabad Falcons,Neutral,Windy,0,2,39,14,7,7,3,0,35612,61,Away Win,2,-2,2,21,-22,22,2023,8,Wednesday
MTC-21099,2023-08-09,Cup Series,Delhi Dynamos,Kerala Blasters,Neutral,Windy,2,4,43,0,11,12,6,1,14571,57,Away Win,6,-2,2,11,-14,14,2023,8,Wednesday
MTC-21330,2023-08-09,Championship League,Kolkata Strikers,Goa Sharks,Away,Rainy,5,1,38,14,3,7,6,1,39678,62,Home Win,6,4,4,17,-24,24,2023,8,Wednesday
MTC-22623,2023-08-10,Cup Series,Hyderabad Falcons,Chennai Titans,Away,Clear,1,4,37,4,7,11,5,1,34661,63,Away Win,5,-3,3,11,-26,26,2023,8,Thursday
MTC-20982,2023-08-10,Premier Division,Chennai Titans,Jaipur Lions,Home,Cloudy,4,0,37,11,11,7,6,1,49442,63,Home Win,4,4,4,22,-26,26,2023,8,Thursday
MTC-22600,2023-08-10,Premier Division,Hyderabad Falcons,Goa Sharks,Away,Clear,3,0,35,10,10,20,3,1,14498,65,Home Win,3,3,3,20,-30,30,2023,8,Thursday
MTC-21208,2023-08-10,Cup Series,Kolkata Strikers,Kerala Blasters,Away,Clear,4,2,36,9,6,24,6,0,31487,64,Home Win,6,2,2,15,-28,28,2023,8,Thursday
MTC-23734,2023-08-11,Cup Series,Mumbai United,Pune Warriors,Away,Windy,2,3,60,12,5,7,1,1,42144,40,Away Win,5,-1,1,17,20,20,2023,8,Friday
MTC-22525,2023-08-11,Cup Series,Mumbai United,Chennai Titans,Neutral,Rainy,3,0,69,9,12,13,2,0,48512,31,Home Win,3,3,3,21,38,38,2023,8,Friday
MTC-21904,2023-08-11,Championship League,Kolkata Strikers,Mumbai United,Home,Windy,0,0,32,14,11,10,6,0,14366,68,Draw,0,0,0,25,-36,36,2023,8,Friday
MTC-20376,2023-08-11,Cup Series,Bengaluru FC,Mumbai United,Home,Cloudy,0,1,57,7,11,16,2,1,8053,43,Away Win,1,-1,1,18,14,14,2023,8,Friday
MTC-20236,2023-08-11,Championship League,Kerala Blasters,Bengaluru FC,Neutral,Rainy,4,0,37,9,0,7,1,1,23994,63,Home Win,4,4,4,9,-26,26,2023,8,Friday
MTC-20589,2023-08-11,Premier Division,Goa Sharks,Jaipur Lions,Away,Cloudy,1,0,44,12,4,23,4,0,64159,56,Home Win,1,1,1,16,-12,12,2023,8,Friday
MTC-21206,2023-08-11,Cup Series,Pune Warriors,Delhi Dynamos,Neutral,Cloudy,2,0,62,5,7,23,5,0,60707,38,Home Win,2,2,2,12,24,24,2023,8,Friday
MTC-22759,2023-08-12,Premier Division,Goa Sharks,Chennai Titans,Away,Clear,3,0,41,0,5,17,3,1,51174,59,Home Win,3,3,3,5,-18,18,2023,8,Saturday
MTC-20055,2023-08-12,Cup Series,Jaipur Lions,Kolkata Strikers,Neutral,Clear,0,1,44,8,14,7,0,1,45192,56,Away Win,1,-1,1,22,-12,12,2023,8,Saturday
MTC-22017,2023-08-12,Cup Series,Delhi Dynamos,Goa Sharks,Home,Cloudy,5,3,67,13,0,20,4,1,5144,33,Home Win,8,2,2,13,34,34,2023,8,Saturday
MTC-23693,2023-08-12,Premier Division,Kerala Blasters,Hyderabad Falcons,Home,Rainy,0,0,39,5,13,13,5,1,38132,61,Draw,0,0,0,18,-22,22,2023,8,Saturday
MTC-20866,2023-08-12,Premier Division,Kolkata Strikers,Pune Warriors,Neutral,Rainy,3,2,33,6,11,10,4,0,43020,67,Home Win,5,1,1,17,-34,34,2023,8,Saturday
MTC-21789,2023-08-13,Championship League,Mumbai United,Delhi Dynamos,Away,Clear,5,5,40,14,1,11,0,1,60496,60,Draw,10,0,0,15,-20,20,2023,8,Sunday
MTC-22703,2023-08-13,Premier Division,Chennai Titans,Hyderabad Falcons,Home,Rainy,1,2,68,10,13,21,5,1,47820,32,Away Win,3,-1,1,23,36,36,2023,8,Sunday
MTC-22020,2023-08-13,Championship League,Jaipur Lions,Mumbai United,Neutral,Windy,5,0,61,14,0,24,5,1,52928,39,Home Win,5,5,5,14,22,22,2023,8,Sunday
MTC-23754,2023-08-13,Premier Division,Chennai Titans,Mumbai United,Neutral,Windy,4,3,37,10,4,23,4,1,33049,63,Home Win,7,1,1,14,-26,26,2023,8,Sunday
MTC-20554,2023-08-14,Championship League,Hyderabad Falcons,Delhi Dynamos,Home,Cloudy,4,4,58,12,12,14,5,1,51077,42,Draw,8,0,0,24,16,16,2023,8,Monday
MTC-21829,2023-08-14,Premier Division,Delhi Dynamos,Mumbai United,Neutral,Clear,3,3,69,10,6,24,0,0,59807,31,Draw,6,0,0,16,38,38,2023,8,Monday
MTC-21153,2023-08-15,Premier Division,Hyderabad Falcons,Pune Warriors,Home,Windy,4,1,40,12,11,17,5,0,38918,60,Home Win,5,3,3,23,-20,20,2023,8,Tuesday
MTC-20259,2023-08-15,Premier Division,Chennai Titans,Bengaluru FC,Neutral,Clear,2,1,41,10,3,22,4,1,8442,59,Home Win,3,1,1,13,-18,18,2023,8,Tuesday
MTC-21773,2023-08-15,Cup Series,Mumbai United,Chennai Titans,Home,Windy,0,5,40,0,7,9,5,1,2749,60,Away Win,5,-5,5,7,-20,20,2023,8,Tuesday
MTC-20398,2023-08-15,Premier Division,Kerala Blasters,Jaipur Lions,Away,Rainy,4,5,35,0,12,22,4,1,55882,65,Away Win,9,-1,1,12,-30,30,2023,8,Tuesday
MTC-20045,2023-08-15,Premier Division,Hyderabad Falcons,Bengaluru FC,Away,Rainy,4,4,42,0,4,23,5,0,36338,58,Draw,8,0,0,4,-16,16,2023,8,Tuesday
MTC-21413,2023-08-16,Cup Series,Pune Warriors,Goa Sharks,Home,Clear,0,4,69,8,8,12,6,0,19650,31,Away Win,4,-4,4,16,38,38,2023,8,Wednesday
MTC-22752,2023-08-16,Premier Division,Bengaluru FC,Jaipur Lions,Neutral,Windy,3,3,36,2,4,9,6,0,14887,64,Draw,6,0,0,6,-28,28,2023,8,Wednesday
MTC-20032,2023-08-16,Cup Series,Pune Warriors,Bengaluru FC,Neutral,Cloudy,2,3,37,1,12,8,2,0,30355,63,Away Win,5,-1,1,13,-26,26,2023,8,Wednesday
MTC-21093,2023-08-17,Cup Series,Bengaluru FC,Pune Warriors,Away,Clear,0,5,36,12,4,7,0,0,33427,64,Away Win,5,-5,5,16,-28,28,2023,8,Thursday
MTC-23280,2023-08-17,Championship League,Jaipur Lions,Goa Sharks,Home,Rainy,5,5,61,8,0,10,5,1,40419,39,Draw,10,0,0,8,22,22,2023,8,Thursday
MTC-22141,2023-08-17,Premier Division,Pune Warriors,Kerala Blasters,Neutral,Cloudy,0,0,51,13,14,9,6,0,58953,49,Draw,0,0,0,27,2,2,2023,8,Thursday
MTC-23211,2023-08-17,Championship League,Chennai Titans,Goa Sharks,Home,Cloudy,1,4,37,7,11,22,4,0,56243,63,Away Win,5,-3,3,18,-26,26,2023,8,Thursday
MTC-23140,2023-08-18,Cup Series,Hyderabad Falcons,Bengaluru FC,Neutral,Rainy,0,5,51,9,8,13,6,0,43059,49,Away Win,5,-5,5,17,2,2,2023,8,Friday
MTC-20932,2023-08-18,Premier Division,Chennai Titans,Hyderabad Falcons,Away,Clear,4,2,34,2,0,24,6,0,61487,66,Home Win,6,2,2,2,-32,32,2023,8,Friday
MTC-22045,2023-08-18,Cup Series,Chennai Titans,Jaipur Lions,Home,Cloudy,3,0,44,0,5,18,6,1,55155,56,Home Win,3,3,3,5,-12,12,2023,8,Friday
MTC-23052,2023-08-18,Cup Series,Pune Warriors,Kolkata Strikers,Away,Cloudy,4,1,48,11,14,21,0,1,12806,52,Home Win,5,3,3,25,-4,4,2023,8,Friday
MTC-23046,2023-08-19,Cup Series,Kerala Blasters,Delhi Dynamos,Away,Cloudy,1,4,30,13,3,20,1,1,49479,70,Away Win,5,-3,3,16,-40,40,2023,8,Saturday
MTC-22154,2023-08-19,Cup Series,Goa Sharks,Pune Warriors,Home,Rainy,4,2,67,0,1,15,1,0,18747,33,Home Win,6,2,2,1,34,34,2023,8,Saturday
MTC-21783,2023-08-19,Cup Series,Jaipur Lions,Bengaluru FC,Home,Cloudy,1,5,47,7,13,11,3,1,42319,53,Away Win,6,-4,4,20,-6,6,2023,8,Saturday
MTC-21452,2023-08-19,Cup Series,Hyderabad Falcons,Goa Sharks,Neutral,Rainy,0,5,58,9,12,6,2,0,28774,42,Away Win,5,-5,5,21,16,16,2023,8,Saturday
MTC-21006,2023-08-19,Premier Division,Delhi Dynamos,Jaipur Lions,Home,Cloudy,4,2,30,6,9,5,2,0,23601,70,Home Win,6,2,2,15,-40,40,2023,8,Saturday
MTC-23560,2023-08-20,Championship League,Mumbai United,Goa Sharks,Home,Windy,1,3,45,6,2,16,0,0,32905,55,Away Win,4,-2,2,8,-10,10,2023,8,Sunday
MTC-22389,2023-08-20,Championship League,Bengaluru FC,Hyderabad Falcons,Away,Clear,0,5,66,12,14,15,2,0,4748,34,Away Win,5,-5,5,26,32,32,2023,8,Sunday
MTC-21712,2023-08-20,Premier Division,Kolkata Strikers,Delhi Dynamos,Home,Clear,4,4,70,13,2,6,1,0,18916,30,Draw,8,0,0,15,40,40,2023,8,Sunday
MTC-22302,2023-08-20,Cup Series,Pune Warriors,Mumbai United,Away,Cloudy,5,4,69,9,9,7,4,1,28955,31,Home Win,9,1,1,18,38,38,2023,8,Sunday
MTC-23697,2023-08-20,Cup Series,Kolkata Strikers,Goa Sharks,Home,Windy,2,5,34,2,10,8,1,1,23603,66,Away Win,7,-3,3,12,-32,32,2023,8,Sunday
MTC-23286,2023-08-20,Premier Division,Mumbai United,Jaipur Lions,Neutral,Windy,5,5,44,6,6,11,3,0,20300,56,Draw,10,0,0,12,-12,12,2023,8,Sunday
MTC-22104,2023-08-20,Cup Series,Mumbai United,Kolkata Strikers,Home,Clear,3,2,34,4,2,17,2,0,27564,66,Home Win,5,1,1,6,-32,32,2023,8,Sunday
MTC-23103,2023-08-21,Championship League,Pune Warriors,Mumbai United,Home,Rainy,1,3,68,5,9,19,2,0,32278,32,Away Win,4,-2,2,14,36,36,2023,8,Monday
MTC-23158,2023-08-21,Cup Series,Hyderabad Falcons,Mumbai United,Away,Windy,0,0,64,5,2,24,2,1,37734,36,Draw,0,0,0,7,28,28,2023,8,Monday
MTC-21274,2023-08-21,Cup Series,Pune Warriors,Delhi Dynamos,Home,Rainy,3,1,58,8,5,18,6,0,25100,42,Home Win,4,2,2,13,16,16,2023,8,Monday
MTC-20948,2023-08-21,Championship League,Kolkata Strikers,Pune Warriors,Away,Rainy,1,1,66,10,9,9,0,0,21380,34,Draw,2,0,0,19,32,32,2023,8,Monday
MTC-20139,2023-08-22,Cup Series,Bengaluru FC,Goa Sharks,Home,Clear,4,4,65,7,13,12,3,0,41213,35,Draw,8,0,0,20,30,30,2023,8,Tuesday
MTC-21500,2023-08-22,Premier Division,Kolkata Strikers,Delhi Dynamos,Neutral,Clear,1,5,47,14,0,5,1,1,31398,53,Away Win,6,-4,4,14,-6,6,2023,8,Tuesday
MTC-22297,2023-08-22,Premier Division,Mumbai United,Pune Warriors,Home,Rainy,2,0,35,10,12,24,1,1,6615,65,Home Win,2,2,2,22,-30,30,2023,8,Tuesday
MTC-23392,2023-08-22,Cup Series,Bengaluru FC,Kerala Blasters,Home,Rainy,1,4,68,1,2,18,1,1,50217,32,Away Win,5,-3,3,3,36,36,2023,8,Tuesday
MTC-20911,2023-08-22,Premier Division,Kolkata Strikers,Bengaluru FC,Neutral,Cloudy,5,1,50,4,9,6,0,0,16673,50,Home Win,6,4,4,13,0,0,2023,8,Tuesday
MTC-22885,2023-08-22,Premier Division,Jaipur Lions,Delhi Dynamos,Neutral,Rainy,1,5,43,13,5,9,0,1,23740,57,Away Win,6,-4,4,18,-14,14,2023,8,Tuesday
MTC-21406,2023-08-22,Cup Series,Mumbai United,Goa Sharks,Neutral,Cloudy,0,2,52,13,11,12,5,1,17410,48,Away Win,2,-2,2,24,4,4,2023,8,Tuesday
MTC-20787,2023-08-23,Premier Division,Goa Sharks,Jaipur Lions,Neutral,Rainy,0,1,44,12,13,6,4,1,56596,56,Away Win,1,-1,1,25,-12,12,2023,8,Wednesday
MTC-21711,2023-08-23,Cup Series,Bengaluru FC,Chennai Titans,Home,Clear,0,1,46,7,5,5,3,0,10270,54,Away Win,1,-1,1,12,-8,8,2023,8,Wednesday
MTC-23151,2023-08-23,Cup Series,Delhi Dynamos,Goa Sharks,Neutral,Rainy,2,2,58,8,10,9,3,0,23413,42,Draw,4,0,0,18,16,16,2023,8,Wednesday
MTC-22862,2023-08-23,Premier Division,Goa Sharks,Chennai Titans,Away,Clear,2,1,31,6,9,18,1,0,31623,69,Home Win,3,1,1,15,-38,38,2023,8,Wednesday
MTC-20885,2023-08-24,Championship League,Delhi Dynamos,Goa Sharks,Away,Cloudy,3,1,42,5,2,21,5,1,2298,58,Home Win,4,2,2,7,-16,16,2023,8,Thursday
MTC-20082,2023-08-24,Premier Division,Jaipur Lions,Pune Warriors,Home,Rainy,5,3,49,6,7,9,1,1,39058,51,Home Win,8,2,2,13,-2,2,2023,8,Thursday
MTC-20829,2023-08-25,Championship League,Kolkata Strikers,Jaipur Lions,Home,Windy,4,2,48,2,12,15,3,0,33089,52,Home Win,6,2,2,14,-4,4,2023,8,Friday
MTC-22228,2023-08-25,Premier Division,Goa Sharks,Hyderabad Falcons,Away,Windy,3,5,44,9,7,22,1,0,39387,56,Away Win,8,-2,2,16,-12,12,2023,8,Friday
MTC-21720,2023-08-25,Championship League,Kerala Blasters,Delhi Dynamos,Home,Clear,3,1,48,2,1,20,0,0,60580,52,Home Win,4,2,2,3,-4,4,2023,8,Friday
MTC-21630,2023-08-25,Premier Division,Bengaluru FC,Hyderabad Falcons,Neutral,Rainy,3,3,41,0,14,6,5,1,4887,59,Draw,6,0,0,14,-18,18,2023,8,Friday
MTC-20665,2023-08-25,Championship League,Goa Sharks,Bengaluru FC,Neutral,Rainy,2,4,34,8,4,17,6,0,19242,66,Away Win,6,-2,2,12,-32,32,2023,8,Friday
MTC-22053,2023-08-25,Premier Division,Goa Sharks,Pune Warriors,Home,Windy,2,2,59,11,14,23,3,1,14967,41,Draw,4,0,0,25,18,18,2023,8,Friday
MTC-21931,2023-08-25,Championship League,Pune Warriors,Hyderabad Falcons,Home,Cloudy,2,1,65,12,0,19,0,1,60692,35,Home Win,3,1,1,12,30,30,2023,8,Friday
MTC-21242,2023-08-25,Cup Series,Bengaluru FC,Goa Sharks,Neutral,Windy,1,2,39,14,4,21,6,1,60680,61,Away Win,3,-1,1,18,-22,22,2023,8,Friday
MTC-23061,2023-08-26,Cup Series,Kolkata Strikers,Bengaluru FC,Away,Clear,5,1,31,6,14,7,1,1,40041,69,Home Win,6,4,4,20,-38,38,2023,8,Saturday
MTC-21906,2023-08-26,Championship League,Kolkata Strikers,Jaipur Lions,Away,Rainy,4,1,46,2,9,12,3,0,10038,54,Home Win,5,3,3,11,-8,8,2023,8,Saturday
MTC-21657,2023-08-26,Cup Series,Bengaluru FC,Pune Warriors,Neutral,Rainy,0,3,36,10,7,12,3,1,8379,64,Away Win,3,-3,3,17,-28,28,2023,8,Saturday
MTC-21979,2023-08-26,Cup Series,Bengaluru FC,Jaipur Lions,Away,Cloudy,4,2,59,8,2,6,5,0,30160,41,Home Win,6,2,2,10,18,18,2023,8,Saturday
MTC-20483,2023-08-27,Cup Series,Bengaluru FC,Chennai Titans,Away,Rainy,1,4,64,6,13,12,4,0,37888,36,Away Win,5,-3,3,19,28,28,2023,8,Sunday
MTC-22171,2023-08-27,Premier Division,Kolkata Strikers,Bengaluru FC,Home,Rainy,1,4,64,1,11,16,3,1,49721,36,Away Win,5,-3,3,12,28,28,2023,8,Sunday
MTC-22742,2023-08-27,Premier Division,Chennai Titans,Goa Sharks,Neutral,Rainy,3,5,55,1,7,12,6,1,24637,45,Away Win,8,-2,2,8,10,10,2023,8,Sunday
MTC-22670,2023-08-27,Premier Division,Hyderabad Falcons,Delhi Dynamos,Away,Clear,2,4,40,3,1,9,0,1,2609,60,Away Win,6,-2,2,4,-20,20,2023,8,Sunday
MTC-23170,2023-08-27,Cup Series,Mumbai United,Hyderabad Falcons,Neutral,Rainy,3,0,70,6,0,23,1,0,41861,30,Home Win,3,3,3,6,40,40,2023,8,Sunday
MTC-23306,2023-08-28,Championship League,Mumbai United,Bengaluru FC,Away,Windy,4,1,64,7,0,13,3,1,34769,36,Home Win,5,3,3,7,28,28,2023,8,Monday
MTC-21402,2023-08-28,Cup Series,Hyderabad Falcons,Kerala Blasters,Neutral,Clear,2,3,66,7,0,14,4,0,5421,34,Away Win,5,-1,1,7,32,32,2023,8,Monday
MTC-20026,2023-08-29,Championship League,Jaipur Lions,Delhi Dynamos,Home,Clear,3,5,45,12,5,16,1,1,29473,55,Away Win,8,-2,2,17,-10,10,2023,8,Tuesday
MTC-23717,2023-08-29,Championship League,Jaipur Lions,Delhi Dynamos,Away,Clear,2,3,47,4,10,13,0,0,22924,53,Away Win,5,-1,1,14,-6,6,2023,8,Tuesday
MTC-22634,2023-08-29,Cup Series,Kolkata Strikers,Chennai Titans,Home,Rainy,1,1,70,11,2,12,1,0,30566,30,Draw,2,0,0,13,40,40,2023,8,Tuesday
MTC-21337,2023-08-30,Championship League,Bengaluru FC,Hyderabad Falcons,Home,Cloudy,4,0,36,9,3,5,0,0,47434,64,Home Win,4,4,4,12,-28,28,2023,8,Wednesday
MTC-21231,2023-08-30,Championship League,Goa Sharks,Bengaluru FC,Neutral,Clear,1,3,58,13,2,20,0,0,41181,42,Away Win,4,-2,2,15,16,16,2023,8,Wednesday
MTC-21812,2023-08-30,Cup Series,Bengaluru FC,Delhi Dynamos,Home,Rainy,3,1,61,6,8,23,2,1,62818,39,Home Win,4,2,2,14,22,22,2023,8,Wednesday
MTC-22844,2023-08-30,Championship League,Kolkata Strikers,Chennai Titans,Home,Clear,4,1,59,7,14,10,3,0,63883,41,Home Win,5,3,3,21,18,18,2023,8,Wednesday
MTC-21250,2023-08-30,Premier Division,Kolkata Strikers,Bengaluru FC,Neutral,Windy,4,2,69,8,2,21,5,1,21015,31,Home Win,6,2,2,10,38,38,2023,8,Wednesday
MTC-21176,2023-08-30,Cup Series,Chennai Titans,Bengaluru FC,Home,Clear,1,0,53,12,7,19,4,1,51089,47,Home Win,1,1,1,19,6,6,2023,8,Wednesday
MTC-22700,2023-08-31,Premier Division,Goa Sharks,Jaipur Lions,Neutral,Clear,5,0,32,11,6,24,2,0,15546,68,Home Win,5,5,5,17,-36,36,2023,8,Thursday
MTC-23048,2023-08-31,Premier Division,Hyderabad Falcons,Pune Warriors,Neutral,Cloudy,3,1,52,5,11,22,3,0,6671,48,Home Win,4,2,2,16,4,4,2023,8,Thursday
MTC-20244,2023-08-31,Cup Series,Kolkata Strikers,Bengaluru FC,Neutral,Clear,1,5,33,0,1,21,2,0,44973,67,Away Win,6,-4,4,1,-34,34,2023,8,Thursday
MTC-23020,2023-08-31,Championship League,Delhi Dynamos,Pune Warriors,Home,Windy,0,1,38,5,10,18,5,0,32136,62,Away Win,1,-1,1,15,-24,24,2023,8,Thursday
MTC-21529,2023-08-31,Cup Series,Chennai Titans,Bengaluru FC,Away,Windy,5,4,59,12,3,5,4,1,63189,41,Home Win,9,1,1,15,18,18,2023,8,Thursday
MTC-20559,2023-08-31,Championship League,Kerala Blasters,Jaipur Lions,Neutral,Windy,4,2,38,9,9,9,0,1,64209,62,Home Win,6,2,2,18,-24,24,2023,8,Thursday
MTC-21600,2023-09-01,Championship League,Hyderabad Falcons,Goa Sharks,Neutral,Windy,5,0,50,9,3,24,1,1,54403,50,Home Win,5,5,5,12,0,0,2023,9,Friday
MTC-23277,2023-09-01,Championship League,Mumbai United,Delhi Dynamos,Home,Rainy,2,4,68,8,2,6,6,0,39897,32,Away Win,6,-2,2,10,36,36,2023,9,Friday
MTC-22099,2023-09-01,Cup Series,Pune Warriors,Jaipur Lions,Home,Windy,3,4,44,0,11,10,3,0,62393,56,Away Win,7,-1,1,11,-12,12,2023,9,Friday
MTC-21935,2023-09-01,Cup Series,Pune Warriors,Delhi Dynamos,Away,Windy,4,3,39,13,4,18,5,1,34591,61,Home Win,7,1,1,17,-22,22,2023,9,Friday
MTC-20553,2023-09-01,Championship League,Mumbai United,Delhi Dynamos,Away,Clear,0,0,62,12,1,6,1,0,62087,38,Draw,0,0,0,13,24,24,2023,9,Friday
MTC-23785,2023-09-02,Premier Division,Pune Warriors,Delhi Dynamos,Away,Cloudy,2,5,64,6,1,13,0,1,43243,36,Away Win,7,-3,3,7,28,28,2023,9,Saturday
MTC-22631,2023-09-03,Premier Division,Hyderabad Falcons,Mumbai United,Neutral,Rainy,2,5,42,7,3,17,2,1,42355,58,Away Win,7,-3,3,10,-16,16,2023,9,Sunday
MTC-23694,2023-09-03,Premier Division,Kolkata Strikers,Kerala Blasters,Neutral,Windy,4,3,48,11,7,12,2,1,2819,52,Home Win,7,1,1,18,-4,4,2023,9,Sunday
MTC-20402,2023-09-04,Championship League,Kolkata Strikers,Goa Sharks,Away,Rainy,2,3,38,0,12,24,6,1,24239,62,Away Win,5,-1,1,12,-24,24,2023,9,Monday
MTC-21940,2023-09-04,Premier Division,Jaipur Lions,Hyderabad Falcons,Home,Clear,3,2,68,1,12,7,5,0,50950,32,Home Win,5,1,1,13,36,36,2023,9,Monday
MTC-20989,2023-09-04,Premier Division,Hyderabad Falcons,Kolkata Strikers,Away,Clear,1,0,58,1,7,5,4,1,35901,42,Home Win,1,1,1,8,16,16,2023,9,Monday
MTC-23737,2023-09-05,Championship League,Pune Warriors,Jaipur Lions,Home,Clear,3,4,41,0,11,24,5,1,26556,59,Away Win,7,-1,1,11,-18,18,2023,9,Tuesday
MTC-22770,2023-09-05,Cup Series,Jaipur Lions,Goa Sharks,Away,Rainy,1,4,31,1,2,5,0,1,53552,69,Away Win,5,-3,3,3,-38,38,2023,9,Tuesday
MTC-22792,2023-09-05,Premier Division,Bengaluru FC,Chennai Titans,Neutral,Cloudy,2,4,51,9,0,17,0,1,33137,49,Away Win,6,-2,2,9,2,2,2023,9,Tuesday
MTC-22832,2023-09-05,Premier Division,Hyderabad Falcons,Bengaluru FC,Home,Rainy,3,3,68,3,13,22,6,1,40980,32,Draw,6,0,0,16,36,36,2023,9,Tuesday
MTC-22255,2023-09-05,Cup Series,Mumbai United,Pune Warriors,Home,Windy,5,0,63,13,14,18,3,0,19565,37,Home Win,5,5,5,27,26,26,2023,9,Tuesday
MTC-20020,2023-09-06,Cup Series,Kerala Blasters,Delhi Dynamos,Away,Rainy,0,3,51,6,1,21,0,1,64255,49,Away Win,3,-3,3,7,2,2,2023,9,Wednesday
MTC-22624,2023-09-06,Cup Series,Pune Warriors,Bengaluru FC,Away,Windy,5,2,39,2,2,21,1,1,59999,61,Home Win,7,3,3,4,-22,22,2023,9,Wednesday
MTC-20048,2023-09-06,Cup Series,Kolkata Strikers,Hyderabad Falcons,Neutral,Cloudy,0,0,57,0,5,22,6,1,62728,43,Draw,0,0,0,5,14,14,2023,9,Wednesday
MTC-23558,2023-09-06,Championship League,Bengaluru FC,Mumbai United,Away,Clear,2,1,65,10,9,20,3,0,6731,35,Home Win,3,1,1,19,30,30,2023,9,Wednesday
MTC-22181,2023-09-07,Championship League,Chennai Titans,Hyderabad Falcons,Neutral,Cloudy,5,0,66,5,7,21,2,0,26212,34,Home Win,5,5,5,12,32,32,2023,9,Thursday
MTC-23523,2023-09-07,Championship League,Bengaluru FC,Mumbai United,Away,Rainy,4,1,61,0,9,15,2,0,51324,39,Home Win,5,3,3,9,22,22,2023,9,Thursday
MTC-20529,2023-09-07,Premier Division,Delhi Dynamos,Bengaluru FC,Neutral,Windy,5,0,41,4,2,9,6,0,36627,59,Home Win,5,5,5,6,-18,18,2023,9,Thursday
MTC-21365,2023-09-07,Cup Series,Chennai Titans,Jaipur Lions,Neutral,Windy,3,3,60,14,11,11,0,1,49714,40,Draw,6,0,0,25,20,20,2023,9,Thursday
MTC-23619,2023-09-08,Cup Series,Kerala Blasters,Chennai Titans,Away,Windy,0,2,67,11,1,15,1,0,39035,33,Away Win,2,-2,2,12,34,34,2023,9,Friday
MTC-20510,2023-09-08,Championship League,Kerala Blasters,Kolkata Strikers,Neutral,Clear,0,5,54,9,12,20,1,0,22335,46,Away Win,5,-5,5,21,8,8,2023,9,Friday
MTC-22572,2023-09-08,Cup Series,Delhi Dynamos,Goa Sharks,Neutral,Clear,4,4,42,11,10,18,3,1,14959,58,Draw,8,0,0,21,-16,16,2023,9,Friday
MTC-21483,2023-09-08,Cup Series,Jaipur Lions,Bengaluru FC,Neutral,Windy,0,3,55,3,14,20,2,0,55028,45,Away Win,3,-3,3,17,10,10,2023,9,Friday
MTC-21598,2023-09-08,Championship League,Kerala Blasters,Jaipur Lions,Home,Windy,5,4,38,12,7,14,4,1,54281,62,Home Win,9,1,1,19,-24,24,2023,9,Friday
MTC-23572,2023-09-08,Cup Series,Mumbai United,Goa Sharks,Home,Clear,0,5,34,4,7,15,2,1,59633,66,Away Win,5,-5,5,11,-32,32,2023,9,Friday
MTC-22704,2023-09-08,Cup Series,Mumbai United,Kolkata Strikers,Away,Rainy,5,4,37,12,5,15,1,1,55145,63,Home Win,9,1,1,17,-26,26,2023,9,Friday
MTC-21009,2023-09-08,Championship League,Goa Sharks,Kolkata Strikers,Away,Clear,5,1,64,8,2,11,0,0,60149,36,Home Win,6,4,4,10,28,28,2023,9,Friday
MTC-20625,2023-09-09,Cup Series,Pune Warriors,Jaipur Lions,Away,Clear,3,1,55,1,6,24,1,0,29622,45,Home Win,4,2,2,7,10,10,2023,9,Saturday
MTC-20712,2023-09-09,Championship League,Pune Warriors,Chennai Titans,Home,Cloudy,0,2,35,11,12,9,3,1,59357,65,Away Win,2,-2,2,23,-30,30,2023,9,Saturday
MTC-22720,2023-09-09,Championship League,Bengaluru FC,Kolkata Strikers,Home,Windy,1,2,37,11,0,22,0,0,52240,63,Away Win,3,-1,1,11,-26,26,2023,9,Saturday
MTC-22021,2023-09-09,Premier Division,Jaipur Lions,Hyderabad Falcons,Home,Rainy,3,3,70,11,7,12,0,0,8310,30,Draw,6,0,0,18,40,40,2023,9,Saturday
MTC-21248,2023-09-09,Championship League,Goa Sharks,Bengaluru FC,Away,Rainy,0,0,62,3,14,12,6,1,44257,38,Draw,0,0,0,17,24,24,2023,9,Saturday
MTC-20724,2023-09-09,Championship League,Goa Sharks,Hyderabad Falcons,Away,Windy,4,3,48,1,13,12,0,1,50520,52,Home Win,7,1,1,14,-4,4,2023,9,Saturday
MTC-21990,2023-09-10,Cup Series,Delhi Dynamos,Bengaluru FC,Home,Clear,4,0,30,14,4,11,5,1,57363,70,Home Win,4,4,4,18,-40,40,2023,9,Sunday
MTC-21395,2023-09-10,Premier Division,Pune Warriors,Delhi Dynamos,Away,Rainy,5,4,32,13,8,20,1,1,31189,68,Home Win,9,1,1,21,-36,36,2023,9,Sunday
MTC-20155,2023-09-10,Premier Division,Jaipur Lions,Bengaluru FC,Away,Windy,4,2,69,8,5,18,4,0,5705,31,Home Win,6,2,2,13,38,38,2023,9,Sunday
MTC-21650,2023-09-10,Premier Division,Chennai Titans,Bengaluru FC,Home,Clear,2,4,40,2,3,15,1,0,61598,60,Away Win,6,-2,2,5,-20,20,2023,9,Sunday
MTC-22198,2023-09-10,Premier Division,Kolkata Strikers,Pune Warriors,Home,Windy,3,4,31,11,7,24,5,1,10295,69,Away Win,7,-1,1,18,-38,38,2023,9,Sunday
MTC-20493,2023-09-10,Premier Division,Delhi Dynamos,Goa Sharks,Neutral,Windy,3,1,47,4,6,13,0,0,48327,53,Home Win,4,2,2,10,-6,6,2023,9,Sunday
MTC-23789,2023-09-10,Championship League,Bengaluru FC,Kolkata Strikers,Away,Clear,2,4,68,3,7,6,2,1,61615,32,Away Win,6,-2,2,10,36,36,2023,9,Sunday
MTC-22447,2023-09-11,Premier Division,Jaipur Lions,Pune Warriors,Neutral,Clear,1,2,57,4,14,14,5,0,18834,43,Away Win,3,-1,1,18,14,14,2023,9,Monday
MTC-21626,2023-09-12,Championship League,Hyderabad Falcons,Bengaluru FC,Away,Cloudy,4,4,56,6,8,24,3,0,22942,44,Draw,8,0,0,14,12,12,2023,9,Tuesday
MTC-21066,2023-09-12,Cup Series,Jaipur Lions,Delhi Dynamos,Neutral,Rainy,3,5,56,14,10,14,2,1,57294,44,Away Win,8,-2,2,24,12,12,2023,9,Tuesday
MTC-20646,2023-09-12,Premier Division,Jaipur Lions,Chennai Titans,Neutral,Clear,4,1,59,10,3,24,2,1,43294,41,Home Win,5,3,3,13,18,18,2023,9,Tuesday
MTC-20350,2023-09-12,Cup Series,Hyderabad Falcons,Kolkata Strikers,Neutral,Clear,3,5,57,12,4,5,5,0,43953,43,Away Win,8,-2,2,16,14,14,2023,9,Tuesday
MTC-22140,2023-09-12,Championship League,Jaipur Lions,Delhi Dynamos,Neutral,Windy,0,5,54,5,8,12,3,0,40494,46,Away Win,5,-5,5,13,8,8,2023,9,Tuesday
MTC-20004,2023-09-13,Championship League,Pune Warriors,Chennai Titans,Away,Cloudy,1,4,53,8,1,9,3,0,24631,47,Away Win,5,-3,3,9,6,6,2023,9,Wednesday
MTC-20224,2023-09-13,Premier Division,Jaipur Lions,Kolkata Strikers,Neutral,Cloudy,3,2,46,11,4,19,0,1,42681,54,Home Win,5,1,1,15,-8,8,2023,9,Wednesday
MTC-23334,2023-09-14,Premier Division,Goa Sharks,Bengaluru FC,Home,Rainy,3,5,42,4,9,15,3,0,54169,58,Away Win,8,-2,2,13,-16,16,2023,9,Thursday
MTC-21749,2023-09-15,Cup Series,Kolkata Strikers,Pune Warriors,Away,Rainy,3,5,62,4,12,13,0,1,31765,38,Away Win,8,-2,2,16,24,24,2023,9,Friday
MTC-20701,2023-09-15,Cup Series,Bengaluru FC,Chennai Titans,Away,Windy,1,5,57,4,3,8,3,0,48748,43,Away Win,6,-4,4,7,14,14,2023,9,Friday
MTC-23726,2023-09-15,Premier Division,Delhi Dynamos,Bengaluru FC,Home,Rainy,4,2,62,7,0,14,6,1,54357,38,Home Win,6,2,2,7,24,24,2023,9,Friday
MTC-22801,2023-09-16,Premier Division,Kolkata Strikers,Kerala Blasters,Home,Clear,0,4,63,3,4,22,5,1,50316,37,Away Win,4,-4,4,7,26,26,2023,9,Saturday
MTC-21275,2023-09-16,Premier Division,Hyderabad Falcons,Chennai Titans,Home,Cloudy,2,1,41,8,11,20,2,1,9481,59,Home Win,3,1,1,19,-18,18,2023,9,Saturday
MTC-20001,2023-09-17,Premier Division,Hyderabad Falcons,Bengaluru FC,Home,Windy,2,2,51,12,3,7,2,1,53523,49,Draw,4,0,0,15,2,2,2023,9,Sunday
MTC-23457,2023-09-18,Premier Division,Chennai Titans,Hyderabad Falcons,Away,Clear,4,2,34,3,5,23,4,0,3888,66,Home Win,6,2,2,8,-32,32,2023,9,Monday
MTC-23237,2023-09-18,Premier Division,Kolkata Strikers,Bengaluru FC,Away,Rainy,4,4,46,4,0,6,1,1,10245,54,Draw,8,0,0,4,-8,8,2023,9,Monday
MTC-23783,2023-09-18,Premier Division,Kolkata Strikers,Mumbai United,Away,Windy,5,2,39,6,14,24,1,0,19592,61,Home Win,7,3,3,20,-22,22,2023,9,Monday
MTC-23354,2023-09-18,Cup Series,Hyderabad Falcons,Kolkata Strikers,Home,Windy,0,5,37,5,0,13,4,1,40563,63,Away Win,5,-5,5,5,-26,26,2023,9,Monday
MTC-21001,2023-09-18,Premier Division,Kolkata Strikers,Delhi Dynamos,Home,Cloudy,3,1,45,5,5,15,6,0,35692,55,Home Win,4,2,2,10,-10,10,2023,9,Monday
MTC-20199,2023-09-18,Championship League,Delhi Dynamos,Mumbai United,Home,Clear,5,5,36,10,12,10,2,0,52600,64,Draw,10,0,0,22,-28,28,2023,9,Monday
MTC-20144,2023-09-18,Championship League,Kolkata Strikers,Chennai Titans,Home,Cloudy,1,5,55,8,1,21,1,1,29418,45,Away Win,6,-4,4,9,10,10,2023,9,Monday
MTC-23125,2023-09-18,Cup Series,Hyderabad Falcons,Kolkata Strikers,Away,Windy,4,5,49,11,11,11,0,0,47811,51,Away Win,9,-1,1,22,-2,2,2023,9,Monday
MTC-20598,2023-09-19,Championship League,Hyderabad Falcons,Goa Sharks,Away,Rainy,0,5,50,8,8,17,3,0,9178,50,Away Win,5,-5,5,16,0,0,2023,9,Tuesday
MTC-20428,2023-09-19,Premier Division,Delhi Dynamos,Chennai Titans,Home,Clear,4,2,56,0,12,7,3,0,55200,44,Home Win,6,2,2,12,12,12,2023,9,Tuesday
MTC-22842,2023-09-19,Premier Division,Jaipur Lions,Goa Sharks,Home,Clear,0,0,53,7,8,10,3,1,47551,47,Draw,0,0,0,15,6,6,2023,9,Tuesday
MTC-23312,2023-09-19,Premier Division,Chennai Titans,Bengaluru FC,Neutral,Rainy,3,3,45,8,5,21,0,1,45864,55,Draw,6,0,0,13,-10,10,2023,9,Tuesday
MTC-21067,2023-09-20,Championship League,Goa Sharks,Chennai Titans,Home,Cloudy,5,0,46,4,7,7,3,0,48239,54,Home Win,5,5,5,11,-8,8,2023,9,Wednesday
MTC-22386,2023-09-20,Championship League,Delhi Dynamos,Goa Sharks,Away,Windy,5,1,46,6,8,21,4,1,35465,54,Home Win,6,4,4,14,-8,8,2023,9,Wednesday
MTC-20487,2023-09-20,Cup Series,Hyderabad Falcons,Bengaluru FC,Away,Cloudy,0,4,63,12,13,24,5,0,34127,37,Away Win,4,-4,4,25,26,26,2023,9,Wednesday
MTC-22677,2023-09-20,Championship League,Chennai Titans,Hyderabad Falcons,Home,Clear,4,5,32,12,0,22,3,0,50099,68,Away Win,9,-1,1,12,-36,36,2023,9,Wednesday
MTC-20049,2023-09-20,Cup Series,Mumbai United,Kerala Blasters,Home,Rainy,5,0,63,7,14,8,4,1,45620,37,Home Win,5,5,5,21,26,26,2023,9,Wednesday
MTC-23351,2023-09-21,Premier Division,Delhi Dynamos,Jaipur Lions,Neutral,Cloudy,4,4,32,4,9,20,6,1,36628,68,Draw,8,0,0,13,-36,36,2023,9,Thursday
MTC-21090,2023-09-21,Championship League,Mumbai United,Delhi Dynamos,Home,Rainy,5,2,63,1,14,23,2,1,57954,37,Home Win,7,3,3,15,26,26,2023,9,Thursday
MTC-23632,2023-09-23,Cup Series,Delhi Dynamos,Jaipur Lions,Away,Rainy,3,1,51,0,4,18,3,0,34653,49,Home Win,4,2,2,4,2,2,2023,9,Saturday
MTC-20021,2023-09-23,Cup Series,Chennai Titans,Hyderabad Falcons,Away,Cloudy,1,2,55,1,2,19,5,1,16973,45,Away Win,3,-1,1,3,10,10,2023,9,Saturday
MTC-20909,2023-09-23,Championship League,Hyderabad Falcons,Chennai Titans,Home,Cloudy,1,1,47,0,3,5,1,0,31531,53,Draw,2,0,0,3,-6,6,2023,9,Saturday
MTC-22763,2023-09-24,Championship League,Bengaluru FC,Pune Warriors,Neutral,Cloudy,4,2,48,1,2,18,5,0,46733,52,Home Win,6,2,2,3,-4,4,2023,9,Sunday
MTC-20895,2023-09-24,Premier Division,Goa Sharks,Pune Warriors,Away,Windy,4,4,56,4,11,9,4,0,42743,44,Draw,8,0,0,15,12,12,2023,9,Sunday
MTC-22410,2023-09-24,Championship League,Kerala Blasters,Delhi Dynamos,Home,Rainy,5,2,55,1,12,14,2,1,45903,45,Home Win,7,3,3,13,10,10,2023,9,Sunday
MTC-21144,2023-09-24,Championship League,Hyderabad Falcons,Delhi Dynamos,Away,Windy,3,3,34,11,11,20,2,0,44413,66,Draw,6,0,0,22,-32,32,2023,9,Sunday
MTC-23610,2023-09-24,Premier Division,Mumbai United,Delhi Dynamos,Away,Cloudy,5,5,50,11,9,9,0,0,41339,50,Draw,10,0,0,20,0,0,2023,9,Sunday
MTC-22328,2023-09-25,Championship League,Mumbai United,Delhi Dynamos,Home,Cloudy,0,5,58,4,0,6,0,0,27344,42,Away Win,5,-5,5,4,16,16,2023,9,Monday
MTC-21516,2023-09-25,Premier Division,Jaipur Lions,Pune Warriors,Home,Clear,3,1,33,14,12,20,0,0,24975,67,Home Win,4,2,2,26,-34,34,2023,9,Monday
MTC-20815,2023-09-25,Premier Division,Kerala Blasters,Bengaluru FC,Home,Clear,0,2,48,11,5,19,6,1,28200,52,Away Win,2,-2,2,16,-4,4,2023,9,Monday
MTC-23482,2023-09-25,Premier Division,Jaipur Lions,Bengaluru FC,Neutral,Cloudy,1,5,46,4,1,22,4,0,5774,54,Away Win,6,-4,4,5,-8,8,2023,9,Monday
MTC-22442,2023-09-26,Premier Division,Hyderabad Falcons,Kolkata Strikers,Home,Windy,0,0,37,0,8,18,5,1,33928,63,Draw,0,0,0,8,-26,26,2023,9,Tuesday
MTC-22329,2023-09-26,Championship League,Delhi Dynamos,Pune Warriors,Neutral,Rainy,1,2,59,12,3,17,2,1,11992,41,Away Win,3,-1,1,15,18,18,2023,9,Tuesday
MTC-20217,2023-09-26,Championship League,Chennai Titans,Kolkata Strikers,Neutral,Windy,1,4,52,3,5,9,0,0,43306,48,Away Win,5,-3,3,8,4,4,2023,9,Tuesday
MTC-22146,2023-09-27,Premier Division,Delhi Dynamos,Kerala Blasters,Home,Windy,2,2,70,14,12,18,6,0,57659,30,Draw,4,0,0,26,40,40,2023,9,Wednesday
MTC-22419,2023-09-28,Premier Division,Jaipur Lions,Kolkata Strikers,Home,Clear,2,0,32,12,13,11,3,0,51405,68,Home Win,2,2,2,25,-36,36,2023,9,Thursday
MTC-22089,2023-09-28,Cup Series,Pune Warriors,Kolkata Strikers,Neutral,Cloudy,1,0,67,10,14,10,3,0,47036,33,Home Win,1,1,1,24,34,34,2023,9,Thursday
MTC-21692,2023-09-28,Championship League,Goa Sharks,Bengaluru FC,Neutral,Cloudy,4,1,32,4,13,9,1,0,5577,68,Home Win,5,3,3,17,-36,36,2023,9,Thursday
MTC-23393,2023-09-28,Premier Division,Kolkata Strikers,Pune Warriors,Home,Windy,1,1,55,6,9,8,3,1,31752,45,Draw,2,0,0,15,10,10,2023,9,Thursday
MTC-20717,2023-09-29,Cup Series,Delhi Dynamos,Mumbai United,Home,Cloudy,0,1,57,4,8,7,6,0,27014,43,Away Win,1,-1,1,12,14,14,2023,9,Friday
MTC-21243,2023-09-29,Premier Division,Bengaluru FC,Goa Sharks,Neutral,Cloudy,5,4,46,12,12,15,4,1,24869,54,Home Win,9,1,1,24,-8,8,2023,9,Friday
MTC-23671,2023-09-29,Championship League,Mumbai United,Kerala Blasters,Neutral,Windy,4,0,41,2,7,12,5,1,46534,59,Home Win,4,4,4,9,-18,18,2023,9,Friday
MTC-20037,2023-09-29,Cup Series,Hyderabad Falcons,Mumbai United,Neutral,Clear,3,2,44,12,8,7,5,1,2946,56,Home Win,5,1,1,20,-12,12,2023,9,Friday
MTC-20057,2023-09-30,Cup Series,Hyderabad Falcons,Kerala Blasters,Away,Clear,1,0,51,1,3,19,4,0,28388,49,Home Win,1,1,1,4,2,2,2023,9,Saturday
MTC-21597,2023-09-30,Premier Division,Goa Sharks,Pune Warriors,Home,Rainy,0,5,46,5,12,8,6,0,12293,54,Away Win,5,-5,5,17,-8,8,2023,9,Saturday
MTC-22764,2023-09-30,Championship League,Hyderabad Falcons,Kerala Blasters,Away,Rainy,0,4,59,0,9,19,2,0,52815,41,Away Win,4,-4,4,9,18,18,2023,9,Saturday
MTC-21260,2023-09-30,Cup Series,Pune Warriors,Bengaluru FC,Away,Clear,2,2,50,4,9,21,3,1,52982,50,Draw,4,0,0,13,0,0,2023,9,Saturday
MTC-20779,2023-10-01,Cup Series,Goa Sharks,Mumbai United,Neutral,Cloudy,0,5,57,7,3,18,1,0,44654,43,Away Win,5,-5,5,10,14,14,2023,10,Sunday
MTC-22430,2023-10-01,Championship League,Kolkata Strikers,Bengaluru FC,Neutral,Cloudy,1,3,35,7,0,20,6,1,14728,65,Away Win,4,-2,2,7,-30,30,2023,10,Sunday
MTC-20332,2023-10-01,Cup Series,Delhi Dynamos,Goa Sharks,Home,Clear,3,4,33,14,7,16,3,0,47805,67,Away Win,7,-1,1,21,-34,34,2023,10,Sunday
MTC-20805,2023-10-02,Championship League,Delhi Dynamos,Goa Sharks,Neutral,Clear,0,4,62,10,7,9,1,0,12342,38,Away Win,4,-4,4,17,24,24,2023,10,Monday
MTC-22497,2023-10-02,Cup Series,Mumbai United,Hyderabad Falcons,Neutral,Cloudy,0,4,49,0,8,22,0,1,59507,51,Away Win,4,-4,4,8,-2,2,2023,10,Monday
MTC-20294,2023-10-02,Premier Division,Bengaluru FC,Jaipur Lions,Home,Clear,0,0,66,2,13,10,3,1,33899,34,Draw,0,0,0,15,32,32,2023,10,Monday
MTC-21603,2023-10-02,Championship League,Delhi Dynamos,Goa Sharks,Away,Windy,3,4,70,8,9,6,1,1,18203,30,Away Win,7,-1,1,17,40,40,2023,10,Monday
MTC-21716,2023-10-03,Premier Division,Kolkata Strikers,Pune Warriors,Away,Rainy,2,2,56,9,4,17,5,1,33721,44,Draw,4,0,0,13,12,12,2023,10,Tuesday
MTC-20118,2023-10-03,Premier Division,Chennai Titans,Goa Sharks,Neutral,Cloudy,3,5,61,5,3,23,5,0,51881,39,Away Win,8,-2,2,8,22,22,2023,10,Tuesday
MTC-20024,2023-10-04,Cup Series,Goa Sharks,Chennai Titans,Home,Clear,0,0,62,8,6,9,6,1,16954,38,Draw,0,0,0,14,24,24,2023,10,Wednesday
MTC-22553,2023-10-04,Premier Division,Kolkata Strikers,Delhi Dynamos,Home,Rainy,0,2,51,8,14,24,6,1,45183,49,Away Win,2,-2,2,22,2,2,2023,10,Wednesday
MTC-21019,2023-10-04,Championship League,Chennai Titans,Jaipur Lions,Neutral,Windy,4,3,70,8,7,10,3,1,16946,30,Home Win,7,1,1,15,40,40,2023,10,Wednesday
MTC-21280,2023-10-04,Cup Series,Jaipur Lions,Hyderabad Falcons,Away,Rainy,3,1,66,6,7,18,1,1,3066,34,Home Win,4,2,2,13,32,32,2023,10,Wednesday
MTC-22527,2023-10-04,Cup Series,Goa Sharks,Kerala Blasters,Away,Windy,1,1,35,12,7,5,2,0,12080,65,Draw,2,0,0,19,-30,30,2023,10,Wednesday
MTC-22114,2023-10-05,Cup Series,Goa Sharks,Bengaluru FC,Away,Clear,0,0,49,7,0,17,6,1,64412,51,Draw,0,0,0,7,-2,2,2023,10,Thursday
MTC-22218,2023-10-05,Championship League,Pune Warriors,Jaipur Lions,Neutral,Windy,5,1,58,0,7,9,5,0,64200,42,Home Win,6,4,4,7,16,16,2023,10,Thursday
MTC-23411,2023-10-05,Championship League,Goa Sharks,Delhi Dynamos,Home,Cloudy,2,2,56,2,13,21,0,0,45967,44,Draw,4,0,0,15,12,12,2023,10,Thursday
MTC-20419,2023-10-06,Cup Series,Mumbai United,Pune Warriors,Away,Windy,1,1,58,1,3,9,3,1,39702,42,Draw,2,0,0,4,16,16,2023,10,Friday
MTC-20680,2023-10-06,Championship League,Delhi Dynamos,Bengaluru FC,Neutral,Windy,5,5,48,2,10,22,3,1,12445,52,Draw,10,0,0,12,-4,4,2023,10,Friday
MTC-20927,2023-10-06,Championship League,Chennai Titans,Jaipur Lions,Away,Rainy,4,3,64,14,1,19,5,1,29013,36,Home Win,7,1,1,15,28,28,2023,10,Friday
MTC-22354,2023-10-06,Premier Division,Bengaluru FC,Goa Sharks,Home,Cloudy,0,3,58,4,12,8,2,0,23421,42,Away Win,3,-3,3,16,16,16,2023,10,Friday
MTC-22337,2023-10-06,Cup Series,Hyderabad Falcons,Goa Sharks,Neutral,Clear,1,2,66,1,14,5,0,1,17910,34,Away Win,3,-1,1,15,32,32,2023,10,Friday
MTC-23042,2023-10-06,Cup Series,Mumbai United,Pune Warriors,Home,Clear,0,2,67,14,14,6,2,1,53942,33,Away Win,2,-2,2,28,34,34,2023,10,Friday
MTC-23755,2023-10-07,Cup Series,Kolkata Strikers,Jaipur Lions,Neutral,Windy,5,0,45,14,3,23,5,0,9256,55,Home Win,5,5,5,17,-10,10,2023,10,Saturday
MTC-21426,2023-10-07,Premier Division,Kerala Blasters,Kolkata Strikers,Away,Windy,1,2,63,10,4,6,4,1,47995,37,Away Win,3,-1,1,14,26,26,2023,10,Saturday
MTC-23769,2023-10-07,Cup Series,Kolkata Strikers,Bengaluru FC,Neutral,Cloudy,3,4,48,10,14,15,3,0,14244,52,Away Win,7,-1,1,24,-4,4,2023,10,Saturday
MTC-21894,2023-10-07,Premier Division,Hyderabad Falcons,Mumbai United,Neutral,Cloudy,0,5,58,0,1,18,1,1,60054,42,Away Win,5,-5,5,1,16,16,2023,10,Saturday
MTC-23527,2023-10-07,Cup Series,Kolkata Strikers,Delhi Dynamos,Away,Cloudy,0,4,44,2,0,10,6,1,53615,56,Away Win,4,-4,4,2,-12,12,2023,10,Saturday
MTC-20903,2023-10-07,Cup Series,Hyderabad Falcons,Jaipur Lions,Away,Cloudy,0,1,49,8,9,10,0,0,30611,51,Away Win,1,-1,1,17,-2,2,2023,10,Saturday
MTC-22919,2023-10-07,Championship League,Goa Sharks,Pune Warriors,Neutral,Rainy,3,5,60,9,3,22,4,1,41220,40,Away Win,8,-2,2,12,20,20,2023,10,Saturday
MTC-22371,2023-10-08,Premier Division,Kerala Blasters,Jaipur Lions,Neutral,Rainy,1,4,55,12,12,12,5,1,42096,45,Away Win,5,-3,3,24,10,10,2023,10,Sunday
MTC-21007,2023-10-08,Premier Division,Kolkata Strikers,Jaipur Lions,Home,Rainy,1,5,58,10,11,14,6,0,39731,42,Away Win,6,-4,4,21,16,16,2023,10,Sunday
MTC-21517,2023-10-08,Championship League,Delhi Dynamos,Pune Warriors,Home,Clear,0,0,35,5,14,17,2,1,61073,65,Draw,0,0,0,19,-30,30,2023,10,Sunday
MTC-21558,2023-10-08,Premier Division,Hyderabad Falcons,Kolkata Strikers,Neutral,Clear,3,1,50,14,9,14,5,1,9003,50,Home Win,4,2,2,23,0,0,2023,10,Sunday
MTC-21736,2023-10-08,Cup Series,Delhi Dynamos,Chennai Titans,Neutral,Clear,5,3,59,9,12,23,0,0,18403,41,Home Win,8,2,2,21,18,18,2023,10,Sunday
MTC-21880,2023-10-09,Cup Series,Delhi Dynamos,Bengaluru FC,Neutral,Rainy,3,0,68,8,4,5,0,1,36768,32,Home Win,3,3,3,12,36,36,2023,10,Monday
MTC-23031,2023-10-10,Premier Division,Chennai Titans,Delhi Dynamos,Away,Cloudy,2,5,37,6,11,7,2,0,25693,63,Away Win,7,-3,3,17,-26,26,2023,10,Tuesday
MTC-22456,2023-10-10,Championship League,Chennai Titans,Mumbai United,Neutral,Cloudy,2,1,59,4,10,8,2,0,55430,41,Home Win,3,1,1,14,18,18,2023,10,Tuesday
MTC-20596,2023-10-10,Premier Division,Mumbai United,Chennai Titans,Home,Windy,1,5,53,12,11,12,4,0,53237,47,Away Win,6,-4,4,23,6,6,2023,10,Tuesday
MTC-21166,2023-10-10,Cup Series,Bengaluru FC,Chennai Titans,Neutral,Rainy,3,3,31,6,8,21,4,0,2890,69,Draw,6,0,0,14,-38,38,2023,10,Tuesday
MTC-23682,2023-10-11,Championship League,Goa Sharks,Mumbai United,Away,Windy,3,5,54,11,5,6,3,0,2402,46,Away Win,8,-2,2,16,8,8,2023,10,Wednesday
MTC-21744,2023-10-11,Championship League,Pune Warriors,Jaipur Lions,Home,Rainy,1,5,69,6,2,24,5,1,3520,31,Away Win,6,-4,4,8,38,38,2023,10,Wednesday
MTC-20873,2023-10-11,Championship League,Kolkata Strikers,Bengaluru FC,Away,Cloudy,4,2,63,5,13,10,1,0,5023,37,Home Win,6,2,2,18,26,26,2023,10,Wednesday
MTC-21860,2023-10-11,Premier Division,Jaipur Lions,Bengaluru FC,Neutral,Cloudy,0,5,52,3,0,14,5,0,51182,48,Away Win,5,-5,5,3,4,4,2023,10,Wednesday
MTC-21962,2023-10-12,Premier Division,Pune Warriors,Mumbai United,Away,Rainy,1,5,55,9,0,23,0,0,33376,45,Away Win,6,-4,4,9,10,10,2023,10,Thursday
MTC-22942,2023-10-12,Championship League,Mumbai United,Bengaluru FC,Home,Cloudy,1,0,63,9,7,20,5,0,52102,37,Home Win,1,1,1,16,26,26,2023,10,Thursday
MTC-20007,2023-10-12,Cup Series,Bengaluru FC,Hyderabad Falcons,Home,Clear,1,3,31,10,10,24,5,0,22267,69,Away Win,4,-2,2,20,-38,38,2023,10,Thursday
MTC-20933,2023-10-12,Championship League,Kerala Blasters,Delhi Dynamos,Home,Windy,3,4,36,0,4,6,1,0,7784,64,Away Win,7,-1,1,4,-28,28,2023,10,Thursday
MTC-20374,2023-10-13,Cup Series,Kolkata Strikers,Chennai Titans,Away,Rainy,0,0,69,4,7,12,0,1,58138,31,Draw,0,0,0,11,38,38,2023,10,Friday
MTC-20172,2023-10-13,Premier Division,Pune Warriors,Kerala Blasters,Neutral,Clear,5,5,62,4,3,16,3,1,34447,38,Draw,10,0,0,7,24,24,2023,10,Friday
MTC-22500,2023-10-13,Cup Series,Delhi Dynamos,Pune Warriors,Neutral,Cloudy,2,2,39,10,14,21,4,1,42445,61,Draw,4,0,0,24,-22,22,2023,10,Friday
MTC-23135,2023-10-13,Premier Division,Kerala Blasters,Jaipur Lions,Away,Rainy,1,2,63,11,4,6,5,0,35095,37,Away Win,3,-1,1,15,26,26,2023,10,Friday
MTC-22119,2023-10-13,Cup Series,Goa Sharks,Kolkata Strikers,Home,Clear,3,1,37,12,4,11,4,1,35442,63,Home Win,4,2,2,16,-26,26,2023,10,Friday
MTC-21902,2023-10-13,Premier Division,Delhi Dynamos,Bengaluru FC,Away,Clear,2,5,32,9,14,23,2,0,23606,68,Away Win,7,-3,3,23,-36,36,2023,10,Friday
MTC-20008,2023-10-13,Cup Series,Mumbai United,Kolkata Strikers,Home,Windy,5,3,38,8,13,8,2,0,18629,62,Home Win,8,2,2,21,-24,24,2023,10,Friday
MTC-20728,2023-10-14,Championship League,Goa Sharks,Pune Warriors,Neutral,Cloudy,0,4,58,5,3,13,3,0,48717,42,Away Win,4,-4,4,8,16,16,2023,10,Saturday
MTC-21276,2023-10-14,Championship League,Chennai Titans,Pune Warriors,Home,Rainy,3,3,43,9,8,5,3,0,48962,57,Draw,6,0,0,17,-14,14,2023,10,Saturday
MTC-20143,2023-10-14,Premier Division,Chennai Titans,Jaipur Lions,Away,Rainy,0,5,53,4,14,16,6,0,4500,47,Away Win,5,-5,5,18,6,6,2023,10,Saturday
MTC-23018,2023-10-14,Championship League,Kerala Blasters,Pune Warriors,Away,Rainy,3,1,60,9,12,23,6,0,16384,40,Home Win,4,2,2,21,20,20,2023,10,Saturday
MTC-22488,2023-10-14,Cup Series,Delhi Dynamos,Pune Warriors,Away,Clear,0,2,64,0,6,23,3,1,55586,36,Away Win,2,-2,2,6,28,28,2023,10,Saturday
MTC-20344,2023-10-14,Championship League,Kolkata Strikers,Bengaluru FC,Away,Cloudy,2,1,35,1,4,7,6,0,59411,65,Home Win,3,1,1,5,-30,30,2023,10,Saturday
MTC-20525,2023-10-15,Cup Series,Delhi Dynamos,Jaipur Lions,Home,Windy,1,0,32,2,8,20,1,0,64086,68,Home Win,1,1,1,10,-36,36,2023,10,Sunday
MTC-23400,2023-10-15,Championship League,Jaipur Lions,Goa Sharks,Away,Cloudy,3,0,62,12,1,21,6,0,10404,38,Home Win,3,3,3,13,24,24,2023,10,Sunday
MTC-23765,2023-10-15,Championship League,Delhi Dynamos,Bengaluru FC,Away,Rainy,0,0,61,6,10,8,5,0,38810,39,Draw,0,0,0,16,22,22,2023,10,Sunday
MTC-20654,2023-10-15,Premier Division,Hyderabad Falcons,Jaipur Lions,Home,Windy,0,5,40,4,14,22,1,0,33391,60,Away Win,5,-5,5,18,-20,20,2023,10,Sunday
MTC-23332,2023-10-15,Cup Series,Bengaluru FC,Chennai Titans,Neutral,Rainy,1,3,53,13,11,13,0,1,24617,47,Away Win,4,-2,2,24,6,6,2023,10,Sunday
MTC-23146,2023-10-15,Cup Series,Goa Sharks,Delhi Dynamos,Neutral,Rainy,3,5,67,6,14,22,3,1,6260,33,Away Win,8,-2,2,20,34,34,2023,10,Sunday
MTC-20881,2023-10-15,Championship League,Pune Warriors,Mumbai United,Neutral,Windy,5,0,59,12,3,10,0,0,5799,41,Home Win,5,5,5,15,18,18,2023,10,Sunday
MTC-23382,2023-10-15,Cup Series,Kerala Blasters,Pune Warriors,Neutral,Windy,2,4,59,13,0,24,6,1,16523,41,Away Win,6,-2,2,13,18,18,2023,10,Sunday
MTC-20515,2023-10-16,Championship League,Goa Sharks,Pune Warriors,Away,Windy,1,5,63,12,3,5,4,1,18642,37,Away Win,6,-4,4,15,26,26,2023,10,Monday
MTC-20295,2023-10-17,Premier Division,Kolkata Strikers,Bengaluru FC,Neutral,Cloudy,3,3,30,10,13,17,4,0,16093,70,Draw,6,0,0,23,-40,40,2023,10,Tuesday
MTC-23797,2023-10-17,Cup Series,Jaipur Lions,Chennai Titans,Neutral,Cloudy,4,4,56,9,2,14,2,0,47937,44,Draw,8,0,0,11,12,12,2023,10,Tuesday
MTC-21974,2023-10-17,Premier Division,Jaipur Lions,Pune Warriors,Away,Cloudy,2,1,62,10,9,24,6,1,42123,38,Home Win,3,1,1,19,24,24,2023,10,Tuesday
MTC-20939,2023-10-17,Premier Division,Goa Sharks,Kerala Blasters,Neutral,Cloudy,5,3,51,12,6,8,0,1,34559,49,Home Win,8,2,2,18,2,2,2023,10,Tuesday
MTC-23369,2023-10-17,Cup Series,Bengaluru FC,Hyderabad Falcons,Neutral,Windy,4,1,52,14,9,18,4,0,45236,48,Home Win,5,3,3,23,4,4,2023,10,Tuesday
MTC-20651,2023-10-17,Cup Series,Delhi Dynamos,Pune Warriors,Neutral,Cloudy,5,5,61,11,14,8,5,0,59181,39,Draw,10,0,0,25,22,22,2023,10,Tuesday
MTC-20609,2023-10-17,Premier Division,Goa Sharks,Bengaluru FC,Neutral,Rainy,3,1,69,1,10,21,5,0,39210,31,Home Win,4,2,2,11,38,38,2023,10,Tuesday
MTC-23584,2023-10-17,Championship League,Kolkata Strikers,Chennai Titans,Away,Clear,2,2,66,8,3,6,0,1,29100,34,Draw,4,0,0,11,32,32,2023,10,Tuesday
MTC-21510,2023-10-18,Championship League,Delhi Dynamos,Goa Sharks,Away,Windy,4,5,40,8,8,24,3,1,12757,60,Away Win,9,-1,1,16,-20,20,2023,10,Wednesday
MTC-22489,2023-10-19,Championship League,Pune Warriors,Mumbai United,Away,Cloudy,3,1,49,11,9,9,0,0,44305,51,Home Win,4,2,2,20,-2,2,2023,10,Thursday
MTC-23647,2023-10-19,Cup Series,Kerala Blasters,Chennai Titans,Home,Clear,3,5,65,9,3,21,5,0,22017,35,Away Win,8,-2,2,12,30,30,2023,10,Thursday
MTC-21027,2023-10-19,Championship League,Goa Sharks,Kerala Blasters,Away,Cloudy,5,1,41,9,10,24,0,0,32586,59,Home Win,6,4,4,19,-18,18,2023,10,Thursday
MTC-22502,2023-10-20,Cup Series,Kerala Blasters,Chennai Titans,Home,Rainy,4,3,44,8,0,17,0,0,58064,56,Home Win,7,1,1,8,-12,12,2023,10,Friday
MTC-20051,2023-10-20,Cup Series,Pune Warriors,Mumbai United,Away,Rainy,2,5,65,12,8,5,6,0,15611,35,Away Win,7,-3,3,20,30,30,2023,10,Friday
MTC-22876,2023-10-20,Premier Division,Kolkata Strikers,Mumbai United,Away,Windy,4,3,65,14,11,24,2,1,23857,35,Home Win,7,1,1,25,30,30,2023,10,Friday
MTC-23735,2023-10-21,Cup Series,Kerala Blasters,Hyderabad Falcons,Home,Windy,4,3,47,7,1,9,4,1,59809,53,Home Win,7,1,1,8,-6,6,2023,10,Saturday
MTC-20400,2023-10-21,Premier Division,Hyderabad Falcons,Chennai Titans,Neutral,Windy,2,5,56,11,8,7,2,1,53794,44,Away Win,7,-3,3,19,12,12,2023,10,Saturday
MTC-21608,2023-10-21,Cup Series,Hyderabad Falcons,Delhi Dynamos,Neutral,Clear,1,5,31,4,13,6,5,1,53931,69,Away Win,6,-4,4,17,-38,38,2023,10,Saturday
MTC-23506,2023-10-22,Premier Division,Kerala Blasters,Hyderabad Falcons,Neutral,Rainy,0,1,68,3,7,24,6,1,46314,32,Away Win,1,-1,1,10,36,36,2023,10,Sunday
MTC-21126,2023-10-22,Cup Series,Delhi Dynamos,Kolkata Strikers,Neutral,Windy,1,4,61,0,8,17,6,0,54682,39,Away Win,5,-3,3,8,22,22,2023,10,Sunday
MTC-23089,2023-10-22,Premier Division,Kolkata Strikers,Goa Sharks,Home,Cloudy,2,1,42,8,7,8,3,0,47498,58,Home Win,3,1,1,15,-16,16,2023,10,Sunday
MTC-21444,2023-10-22,Premier Division,Hyderabad Falcons,Kolkata Strikers,Neutral,Clear,1,4,42,3,11,17,0,0,5545,58,Away Win,5,-3,3,14,-16,16,2023,10,Sunday
MTC-21432,2023-10-22,Premier Division,Goa Sharks,Hyderabad Falcons,Away,Rainy,5,5,36,13,8,7,4,1,26931,64,Draw,10,0,0,21,-28,28,2023,10,Sunday
MTC-23768,2023-10-23,Cup Series,Hyderabad Falcons,Kerala Blasters,Away,Windy,3,4,32,1,1,12,3,1,60070,68,Away Win,7,-1,1,2,-36,36,2023,10,Monday
MTC-23085,2023-10-23,Premier Division,Delhi Dynamos,Jaipur Lions,Neutral,Clear,4,4,63,4,2,5,1,0,61225,37,Draw,8,0,0,6,26,26,2023,10,Monday
MTC-21072,2023-10-24,Premier Division,Delhi Dynamos,Jaipur Lions,Away,Windy,3,0,40,6,9,5,2,1,14354,60,Home Win,3,3,3,15,-20,20,2023,10,Tuesday
MTC-20555,2023-10-24,Cup Series,Goa Sharks,Pune Warriors,Home,Cloudy,1,3,36,7,5,24,6,0,59665,64,Away Win,4,-2,2,12,-28,28,2023,10,Tuesday
MTC-23115,2023-10-25,Championship League,Kerala Blasters,Delhi Dynamos,Home,Windy,0,2,34,8,4,6,0,0,62851,66,Away Win,2,-2,2,12,-32,32,2023,10,Wednesday
MTC-23428,2023-10-26,Cup Series,Delhi Dynamos,Mumbai United,Away,Windy,2,1,51,0,2,23,4,1,63743,49,Home Win,3,1,1,2,2,2,2023,10,Thursday
MTC-21076,2023-10-26,Cup Series,Goa Sharks,Kerala Blasters,Neutral,Clear,2,2,43,11,3,20,5,1,61237,57,Draw,4,0,0,14,-14,14,2023,10,Thursday
MTC-23260,2023-10-26,Cup Series,Chennai Titans,Pune Warriors,Neutral,Rainy,3,4,44,6,4,7,2,0,53601,56,Away Win,7,-1,1,10,-12,12,2023,10,Thursday
MTC-20379,2023-10-26,Premier Division,Bengaluru FC,Kerala Blasters,Neutral,Cloudy,4,5,69,11,7,24,2,0,38585,31,Away Win,9,-1,1,18,38,38,2023,10,Thursday
MTC-22004,2023-10-27,Championship League,Mumbai United,Delhi Dynamos,Home,Clear,5,3,51,13,1,17,4,1,3469,49,Home Win,8,2,2,14,2,2,2023,10,Friday
MTC-20742,2023-10-27,Cup Series,Chennai Titans,Delhi Dynamos,Home,Rainy,5,0,57,3,8,5,0,1,27556,43,Home Win,5,5,5,11,14,14,2023,10,Friday
MTC-20627,2023-10-27,Premier Division,Goa Sharks,Kerala Blasters,Home,Windy,0,4,33,12,2,19,0,1,42404,67,Away Win,4,-4,4,14,-34,34,2023,10,Friday
MTC-22619,2023-10-28,Championship League,Hyderabad Falcons,Kerala Blasters,Neutral,Windy,4,2,69,7,5,13,1,0,64757,31,Home Win,6,2,2,12,38,38,2023,10,Saturday
MTC-20618,2023-10-28,Premier Division,Chennai Titans,Kerala Blasters,Away,Windy,5,1,45,10,11,23,5,0,58211,55,Home Win,6,4,4,21,-10,10,2023,10,Saturday
MTC-20496,2023-10-28,Cup Series,Hyderabad Falcons,Goa Sharks,Neutral,Clear,0,1,56,0,13,10,4,1,13846,44,Away Win,1,-1,1,13,12,12,2023,10,Saturday
MTC-23502,2023-10-28,Cup Series,Pune Warriors,Jaipur Lions,Neutral,Clear,2,1,49,14,10,18,6,1,21472,51,Home Win,3,1,1,24,-2,2,2023,10,Saturday
MTC-23162,2023-10-28,Premier Division,Bengaluru FC,Jaipur Lions,Home,Rainy,2,2,64,3,0,16,4,0,9754,36,Draw,4,0,0,3,28,28,2023,10,Saturday
MTC-20568,2023-10-28,Premier Division,Jaipur Lions,Kolkata Strikers,Neutral,Clear,4,5,36,13,10,11,1,0,46790,64,Away Win,9,-1,1,23,-28,28,2023,10,Saturday
MTC-20207,2023-10-28,Cup Series,Pune Warriors,Goa Sharks,Away,Windy,1,2,35,4,7,15,3,0,7300,65,Away Win,3,-1,1,11,-30,30,2023,10,Saturday
MTC-22559,2023-10-29,Premier Division,Bengaluru FC,Kolkata Strikers,Neutral,Rainy,2,5,70,9,1,21,5,1,19793,30,Away Win,7,-3,3,10,40,40,2023,10,Sunday
MTC-23075,2023-10-29,Premier Division,Goa Sharks,Pune Warriors,Home,Clear,5,4,68,1,11,19,0,1,51207,32,Home Win,9,1,1,12,36,36,2023,10,Sunday
MTC-23484,2023-10-29,Cup Series,Delhi Dynamos,Kolkata Strikers,Home,Clear,3,4,63,4,8,21,5,1,8563,37,Away Win,7,-1,1,12,26,26,2023,10,Sunday
MTC-21047,2023-10-29,Cup Series,Kolkata Strikers,Pune Warriors,Home,Cloudy,0,5,58,1,5,10,0,1,22318,42,Away Win,5,-5,5,6,16,16,2023,10,Sunday
MTC-23215,2023-10-30,Cup Series,Kolkata Strikers,Delhi Dynamos,Away,Windy,1,5,45,7,2,14,0,1,60283,55,Away Win,6,-4,4,9,-10,10,2023,10,Monday
MTC-20876,2023-10-31,Premier Division,Mumbai United,Kerala Blasters,Away,Cloudy,5,1,68,4,14,14,1,1,61858,32,Home Win,6,4,4,18,36,36,2023,10,Tuesday
MTC-20211,2023-10-31,Cup Series,Chennai Titans,Pune Warriors,Home,Clear,5,3,33,1,6,23,3,1,48705,67,Home Win,8,2,2,7,-34,34,2023,10,Tuesday
MTC-21430,2023-11-01,Cup Series,Kolkata Strikers,Mumbai United,Home,Clear,2,0,44,7,5,7,4,1,47197,56,Home Win,2,2,2,12,-12,12,2023,11,Wednesday
MTC-20234,2023-11-01,Premier Division,Hyderabad Falcons,Mumbai United,Away,Rainy,2,0,51,10,2,18,1,1,60715,49,Home Win,2,2,2,12,2,2,2023,11,Wednesday
MTC-21351,2023-11-01,Premier Division,Kerala Blasters,Pune Warriors,Away,Cloudy,4,2,56,9,7,14,6,1,18201,44,Home Win,6,2,2,16,12,12,2023,11,Wednesday
MTC-22240,2023-11-02,Championship League,Mumbai United,Goa Sharks,Neutral,Windy,4,0,42,12,0,11,3,0,7283,58,Home Win,4,4,4,12,-16,16,2023,11,Thursday
MTC-22247,2023-11-03,Premier Division,Pune Warriors,Delhi Dynamos,Home,Windy,5,4,44,4,2,18,4,1,16082,56,Home Win,9,1,1,6,-12,12,2023,11,Friday
MTC-21244,2023-11-03,Championship League,Goa Sharks,Delhi Dynamos,Home,Cloudy,0,1,52,2,11,14,5,0,11351,48,Away Win,1,-1,1,13,4,4,2023,11,Friday
MTC-22726,2023-11-03,Championship League,Chennai Titans,Kerala Blasters,Neutral,Rainy,4,3,32,10,6,6,6,1,59514,68,Home Win,7,1,1,16,-36,36,2023,11,Friday
MTC-20146,2023-11-03,Championship League,Mumbai United,Pune Warriors,Home,Cloudy,2,5,36,0,11,15,4,1,52113,64,Away Win,7,-3,3,11,-28,28,2023,11,Friday
MTC-22138,2023-11-03,Premier Division,Pune Warriors,Bengaluru FC,Neutral,Windy,3,1,50,8,6,15,4,0,54020,50,Home Win,4,2,2,14,0,0,2023,11,Friday
MTC-22356,2023-11-04,Cup Series,Hyderabad Falcons,Pune Warriors,Away,Rainy,3,3,35,3,10,12,3,1,49035,65,Draw,6,0,0,13,-30,30,2023,11,Saturday
MTC-20132,2023-11-04,Cup Series,Mumbai United,Kerala Blasters,Away,Clear,5,3,33,9,2,6,0,1,30622,67,Home Win,8,2,2,11,-34,34,2023,11,Saturday
MTC-21741,2023-11-04,Premier Division,Chennai Titans,Hyderabad Falcons,Away,Rainy,3,4,35,6,8,8,4,1,52506,65,Away Win,7,-1,1,14,-30,30,2023,11,Saturday
MTC-22496,2023-11-04,Premier Division,Hyderabad Falcons,Jaipur Lions,Away,Rainy,3,5,68,0,10,22,4,1,18450,32,Away Win,8,-2,2,10,36,36,2023,11,Saturday
MTC-22995,2023-11-05,Cup Series,Bengaluru FC,Mumbai United,Home,Cloudy,5,4,31,5,13,22,5,1,52543,69,Home Win,9,1,1,18,-38,38,2023,11,Sunday
MTC-21833,2023-11-05,Cup Series,Kerala Blasters,Kolkata Strikers,Away,Rainy,4,3,48,10,11,12,6,0,47137,52,Home Win,7,1,1,21,-4,4,2023,11,Sunday
MTC-21792,2023-11-05,Premier Division,Pune Warriors,Bengaluru FC,Away,Rainy,5,5,50,12,4,9,2,1,21798,50,Draw,10,0,0,16,0,0,2023,11,Sunday
MTC-23295,2023-11-06,Cup Series,Hyderabad Falcons,Kolkata Strikers,Away,Cloudy,2,1,55,13,12,8,3,1,33979,45,Home Win,3,1,1,25,10,10,2023,11,Monday
MTC-23596,2023-11-06,Championship League,Mumbai United,Chennai Titans,Away,Windy,4,1,64,13,4,16,3,1,8278,36,Home Win,5,3,3,17,28,28,2023,11,Monday
MTC-22691,2023-11-06,Cup Series,Kolkata Strikers,Delhi Dynamos,Home,Windy,2,3,39,11,2,11,3,0,49760,61,Away Win,5,-1,1,13,-22,22,2023,11,Monday
MTC-23406,2023-11-06,Premier Division,Kolkata Strikers,Kerala Blasters,Away,Clear,1,4,40,1,10,9,2,1,48859,60,Away Win,5,-3,3,11,-20,20,2023,11,Monday
MTC-23200,2023-11-07,Cup Series,Goa Sharks,Mumbai United,Home,Rainy,4,2,59,14,12,17,2,1,2096,41,Home Win,6,2,2,26,18,18,2023,11,Tuesday
MTC-23492,2023-11-07,Championship League,Chennai Titans,Delhi Dynamos,Away,Clear,2,0,55,6,13,13,2,1,15461,45,Home Win,2,2,2,19,10,10,2023,11,Tuesday
MTC-23093,2023-11-07,Championship League,Chennai Titans,Mumbai United,Home,Clear,4,0,49,10,0,16,5,1,61374,51,Home Win,4,4,4,10,-2,2,2023,11,Tuesday
MTC-22558,2023-11-08,Championship League,Jaipur Lions,Chennai Titans,Home,Cloudy,2,3,46,6,7,5,4,1,58419,54,Away Win,5,-1,1,13,-8,8,2023,11,Wednesday
MTC-23137,2023-11-08,Championship League,Kolkata Strikers,Hyderabad Falcons,Away,Rainy,1,0,32,12,9,22,4,0,25542,68,Home Win,1,1,1,21,-36,36,2023,11,Wednesday
MTC-22551,2023-11-08,Championship League,Kolkata Strikers,Bengaluru FC,Home,Rainy,4,4,66,3,7,14,3,1,4665,34,Draw,8,0,0,10,32,32,2023,11,Wednesday
MTC-21831,2023-11-08,Cup Series,Mumbai United,Pune Warriors,Away,Clear,4,4,46,6,13,16,3,1,60782,54,Draw,8,0,0,19,-8,8,2023,11,Wednesday
MTC-20242,2023-11-08,Championship League,Kerala Blasters,Delhi Dynamos,Home,Rainy,4,3,64,1,14,13,0,0,18394,36,Home Win,7,1,1,15,28,28,2023,11,Wednesday
MTC-21766,2023-11-08,Championship League,Kerala Blasters,Hyderabad Falcons,Home,Rainy,2,3,62,4,3,19,1,1,23582,38,Away Win,5,-1,1,7,24,24,2023,11,Wednesday
MTC-22420,2023-11-08,Premier Division,Chennai Titans,Kolkata Strikers,Away,Windy,4,0,46,2,6,13,3,1,6476,54,Home Win,4,4,4,8,-8,8,2023,11,Wednesday
MTC-20190,2023-11-08,Championship League,Kolkata Strikers,Bengaluru FC,Neutral,Clear,5,0,61,11,4,13,3,1,25611,39,Home Win,5,5,5,15,22,22,2023,11,Wednesday
MTC-23201,2023-11-09,Cup Series,Goa Sharks,Chennai Titans,Neutral,Windy,2,4,40,10,14,23,4,0,17818,60,Away Win,6,-2,2,24,-20,20,2023,11,Thursday
MTC-20785,2023-11-10,Championship League,Hyderabad Falcons,Bengaluru FC,Away,Windy,4,2,40,4,5,14,6,1,20623,60,Home Win,6,2,2,9,-20,20,2023,11,Friday
MTC-23206,2023-11-10,Premier Division,Hyderabad Falcons,Kolkata Strikers,Away,Rainy,0,5,34,5,6,20,2,1,43183,66,Away Win,5,-5,5,11,-32,32,2023,11,Friday
MTC-21811,2023-11-10,Championship League,Pune Warriors,Hyderabad Falcons,Home,Cloudy,0,4,51,2,14,11,4,0,35729,49,Away Win,4,-4,4,16,2,2,2023,11,Friday
MTC-20647,2023-11-10,Premier Division,Kerala Blasters,Jaipur Lions,Neutral,Windy,5,0,55,2,10,7,0,1,60267,45,Home Win,5,5,5,12,10,10,2023,11,Friday
MTC-22789,2023-11-10,Premier Division,Kolkata Strikers,Bengaluru FC,Neutral,Windy,2,0,35,13,14,12,4,0,25624,65,Home Win,2,2,2,27,-30,30,2023,11,Friday
MTC-20995,2023-11-10,Championship League,Chennai Titans,Goa Sharks,Home,Windy,5,0,59,10,13,15,0,0,6364,41,Home Win,5,5,5,23,18,18,2023,11,Friday
MTC-20484,2023-11-11,Cup Series,Kerala Blasters,Jaipur Lions,Home,Windy,4,4,44,12,8,8,0,0,59259,56,Draw,8,0,0,20,-12,12,2023,11,Saturday
MTC-23034,2023-11-11,Championship League,Chennai Titans,Bengaluru FC,Home,Windy,0,4,31,8,13,10,5,0,33519,69,Away Win,4,-4,4,21,-38,38,2023,11,Saturday
MTC-22869,2023-11-11,Championship League,Pune Warriors,Jaipur Lions,Home,Rainy,5,0,52,12,6,20,2,1,15077,48,Home Win,5,5,5,18,4,4,2023,11,Saturday
MTC-20538,2023-11-11,Premier Division,Goa Sharks,Kolkata Strikers,Away,Windy,1,5,36,5,5,5,6,1,3885,64,Away Win,6,-4,4,10,-28,28,2023,11,Saturday
MTC-21420,2023-11-11,Premier Division,Kerala Blasters,Mumbai United,Neutral,Cloudy,2,5,42,0,12,23,0,1,62015,58,Away Win,7,-3,3,12,-16,16,2023,11,Saturday
MTC-20197,2023-11-12,Championship League,Mumbai United,Bengaluru FC,Home,Windy,4,3,64,1,11,15,0,1,47825,36,Home Win,7,1,1,12,28,28,2023,11,Sunday
MTC-21102,2023-11-12,Championship League,Bengaluru FC,Jaipur Lions,Home,Windy,1,0,36,10,1,24,3,1,12805,64,Home Win,1,1,1,11,-28,28,2023,11,Sunday
MTC-20937,2023-11-13,Cup Series,Kolkata Strikers,Jaipur Lions,Away,Rainy,2,2,35,12,13,16,5,0,18953,65,Draw,4,0,0,25,-30,30,2023,11,Monday
MTC-22400,2023-11-13,Cup Series,Goa Sharks,Delhi Dynamos,Neutral,Clear,3,1,49,11,8,21,6,0,5474,51,Home Win,4,2,2,19,-2,2,2023,11,Monday
MTC-20345,2023-11-13,Cup Series,Hyderabad Falcons,Bengaluru FC,Away,Cloudy,0,2,65,1,5,5,2,0,57292,35,Away Win,2,-2,2,6,30,30,2023,11,Monday
MTC-21559,2023-11-13,Cup Series,Delhi Dynamos,Chennai Titans,Neutral,Rainy,3,3,52,11,9,10,4,1,15076,48,Draw,6,0,0,20,4,4,2023,11,Monday
MTC-21463,2023-11-13,Championship League,Kolkata Strikers,Kerala Blasters,Neutral,Windy,0,5,63,11,12,7,1,0,28364,37,Away Win,5,-5,5,23,26,26,2023,11,Monday
MTC-21982,2023-11-14,Cup Series,Mumbai United,Delhi Dynamos,Away,Clear,3,4,50,10,8,9,5,0,25017,50,Away Win,7,-1,1,18,0,0,2023,11,Tuesday
MTC-20628,2023-11-14,Premier Division,Goa Sharks,Jaipur Lions,Away,Windy,5,4,62,13,12,9,4,0,33602,38,Home Win,9,1,1,25,24,24,2023,11,Tuesday
MTC-20393,2023-11-14,Premier Division,Mumbai United,Delhi Dynamos,Home,Rainy,2,5,45,0,8,15,0,0,17692,55,Away Win,7,-3,3,8,-10,10,2023,11,Tuesday
MTC-21215,2023-11-14,Cup Series,Kolkata Strikers,Delhi Dynamos,Away,Rainy,0,2,42,14,1,11,3,1,29195,58,Away Win,2,-2,2,15,-16,16,2023,11,Tuesday
MTC-21505,2023-11-15,Premier Division,Pune Warriors,Mumbai United,Home,Rainy,3,5,30,3,1,8,2,1,55109,70,Away Win,8,-2,2,4,-40,40,2023,11,Wednesday
MTC-21252,2023-11-15,Cup Series,Chennai Titans,Kolkata Strikers,Away,Cloudy,4,0,46,4,4,20,3,1,10718,54,Home Win,4,4,4,8,-8,8,2023,11,Wednesday
MTC-22465,2023-11-15,Championship League,Delhi Dynamos,Pune Warriors,Neutral,Windy,0,0,43,13,14,23,1,1,49378,57,Draw,0,0,0,27,-14,14,2023,11,Wednesday
MTC-23442,2023-11-15,Championship League,Jaipur Lions,Mumbai United,Away,Windy,4,0,53,11,0,24,0,0,27418,47,Home Win,4,4,4,11,6,6,2023,11,Wednesday
MTC-22762,2023-11-15,Cup Series,Bengaluru FC,Chennai Titans,Away,Windy,2,5,52,2,1,21,4,1,64016,48,Away Win,7,-3,3,3,4,4,2023,11,Wednesday
MTC-21660,2023-11-16,Premier Division,Pune Warriors,Jaipur Lions,Away,Cloudy,1,3,50,2,6,15,5,1,33974,50,Away Win,4,-2,2,8,0,0,2023,11,Thursday
MTC-23380,2023-11-16,Championship League,Mumbai United,Hyderabad Falcons,Home,Clear,5,1,38,7,11,16,6,0,63491,62,Home Win,6,4,4,18,-24,24,2023,11,Thursday
MTC-23731,2023-11-16,Cup Series,Kolkata Strikers,Hyderabad Falcons,Home,Windy,3,2,63,7,3,21,5,1,61251,37,Home Win,5,1,1,10,26,26,2023,11,Thursday
MTC-21599,2023-11-17,Championship League,Hyderabad Falcons,Goa Sharks,Home,Rainy,3,5,44,10,14,22,4,1,51097,56,Away Win,8,-2,2,24,-12,12,2023,11,Friday
MTC-20490,2023-11-17,Championship League,Pune Warriors,Jaipur Lions,Away,Cloudy,1,5,44,6,6,11,5,1,47629,56,Away Win,6,-4,4,12,-12,12,2023,11,Friday
MTC-23665,2023-11-17,Cup Series,Kolkata Strikers,Mumbai United,Home,Rainy,2,2,54,2,0,13,2,1,13847,46,Draw,4,0,0,2,8,8,2023,11,Friday
MTC-22569,2023-11-18,Cup Series,Kerala Blasters,Delhi Dynamos,Neutral,Windy,5,5,31,0,2,20,2,1,10362,69,Draw,10,0,0,2,-38,38,2023,11,Saturday
MTC-23551,2023-11-18,Championship League,Jaipur Lions,Pune Warriors,Away,Rainy,2,4,50,8,0,15,4,1,23875,50,Away Win,6,-2,2,8,0,0,2023,11,Saturday
MTC-20230,2023-11-18,Cup Series,Pune Warriors,Kolkata Strikers,Home,Clear,5,1,50,13,14,6,2,0,43244,50,Home Win,6,4,4,27,0,0,2023,11,Saturday
MTC-20394,2023-11-18,Premier Division,Kolkata Strikers,Delhi Dynamos,Away,Clear,0,5,35,12,7,22,6,0,45947,65,Away Win,5,-5,5,19,-30,30,2023,11,Saturday
MTC-20649,2023-11-19,Championship League,Jaipur Lions,Kerala Blasters,Home,Windy,1,0,35,1,0,15,6,1,48987,65,Home Win,1,1,1,1,-30,30,2023,11,Sunday
MTC-21954,2023-11-19,Cup Series,Pune Warriors,Kerala Blasters,Away,Windy,5,5,52,8,7,7,6,0,57236,48,Draw,10,0,0,15,4,4,2023,11,Sunday
MTC-20669,2023-11-19,Cup Series,Jaipur Lions,Bengaluru FC,Away,Rainy,4,4,66,2,4,6,5,1,33511,34,Draw,8,0,0,6,32,32,2023,11,Sunday
MTC-21310,2023-11-19,Cup Series,Mumbai United,Hyderabad Falcons,Home,Windy,0,3,69,11,14,18,2,1,44103,31,Away Win,3,-3,3,25,38,38,2023,11,Sunday
MTC-21363,2023-11-20,Premier Division,Pune Warriors,Hyderabad Falcons,Away,Windy,5,1,43,13,4,19,1,0,49471,57,Home Win,6,4,4,17,-14,14,2023,11,Monday
MTC-23159,2023-11-20,Premier Division,Jaipur Lions,Goa Sharks,Home,Windy,2,1,48,3,13,17,6,1,37967,52,Home Win,3,1,1,16,-4,4,2023,11,Monday
MTC-23614,2023-11-20,Cup Series,Chennai Titans,Kolkata Strikers,Home,Windy,1,5,62,0,10,17,2,1,54398,38,Away Win,6,-4,4,10,24,24,2023,11,Monday
MTC-20145,2023-11-20,Premier Division,Kerala Blasters,Goa Sharks,Home,Windy,2,0,36,1,12,12,5,0,56658,64,Home Win,2,2,2,13,-28,28,2023,11,Monday
MTC-20105,2023-11-20,Cup Series,Mumbai United,Goa Sharks,Home,Clear,5,0,51,0,4,24,4,1,56671,49,Home Win,5,5,5,4,2,2,2023,11,Monday
MTC-22074,2023-11-21,Cup Series,Goa Sharks,Kolkata Strikers,Neutral,Windy,4,3,54,12,13,16,5,0,60141,46,Home Win,7,1,1,25,8,8,2023,11,Tuesday
MTC-21429,2023-11-21,Championship League,Kolkata Strikers,Mumbai United,Neutral,Clear,5,4,66,7,6,9,1,0,26197,34,Home Win,9,1,1,13,32,32,2023,11,Tuesday
MTC-20163,2023-11-21,Championship League,Jaipur Lions,Kolkata Strikers,Neutral,Cloudy,5,4,51,14,3,8,2,1,41684,49,Home Win,9,1,1,17,2,2,2023,11,Tuesday
MTC-20405,2023-11-21,Premier Division,Hyderabad Falcons,Delhi Dynamos,Neutral,Clear,5,4,67,7,4,24,6,0,20987,33,Home Win,9,1,1,11,34,34,2023,11,Tuesday
MTC-23571,2023-11-22,Championship League,Chennai Titans,Kolkata Strikers,Away,Cloudy,2,2,33,6,11,23,5,1,46569,67,Draw,4,0,0,17,-34,34,2023,11,Wednesday
MTC-22900,2023-11-22,Championship League,Goa Sharks,Kerala Blasters,Neutral,Cloudy,1,1,30,0,5,22,3,0,57565,70,Draw,2,0,0,5,-40,40,2023,11,Wednesday
MTC-21162,2023-11-22,Premier Division,Mumbai United,Chennai Titans,Home,Clear,2,4,49,10,9,16,1,1,6732,51,Away Win,6,-2,2,19,-2,2,2023,11,Wednesday
MTC-21010,2023-11-22,Premier Division,Hyderabad Falcons,Goa Sharks,Away,Windy,3,3,36,0,10,6,3,0,42768,64,Draw,6,0,0,10,-28,28,2023,11,Wednesday
MTC-23114,2023-11-22,Cup Series,Kolkata Strikers,Goa Sharks,Neutral,Windy,2,0,69,8,7,6,1,1,31137,31,Home Win,2,2,2,15,38,38,2023,11,Wednesday
MTC-20518,2023-11-22,Premier Division,Kerala Blasters,Hyderabad Falcons,Home,Windy,0,3,55,14,2,19,1,0,40214,45,Away Win,3,-3,3,16,10,10,2023,11,Wednesday
MTC-22377,2023-11-23,Premier Division,Kolkata Strikers,Bengaluru FC,Away,Windy,5,0,32,13,7,17,1,0,60299,68,Home Win,5,5,5,20,-36,36,2023,11,Thursday
MTC-23187,2023-11-23,Championship League,Bengaluru FC,Mumbai United,Away,Cloudy,3,4,46,11,12,7,6,0,54800,54,Away Win,7,-1,1,23,-8,8,2023,11,Thursday
MTC-23266,2023-11-23,Premier Division,Kolkata Strikers,Kerala Blasters,Home,Rainy,3,2,50,13,13,19,3,0,12352,50,Home Win,5,1,1,26,0,0,2023,11,Thursday
MTC-21534,2023-11-23,Cup Series,Bengaluru FC,Kerala Blasters,Neutral,Cloudy,1,3,66,1,0,10,3,0,51786,34,Away Win,4,-2,2,1,32,32,2023,11,Thursday
MTC-20856,2023-11-23,Cup Series,Mumbai United,Goa Sharks,Neutral,Rainy,5,2,41,10,11,24,1,1,36013,59,Home Win,7,3,3,21,-18,18,2023,11,Thursday
MTC-21307,2023-11-24,Cup Series,Bengaluru FC,Kerala Blasters,Away,Rainy,4,0,36,11,7,5,0,0,52619,64,Home Win,4,4,4,18,-28,28,2023,11,Friday
MTC-23163,2023-11-24,Premier Division,Goa Sharks,Bengaluru FC,Away,Cloudy,4,0,64,13,11,10,6,1,53617,36,Home Win,4,4,4,24,28,28,2023,11,Friday
MTC-22259,2023-11-24,Championship League,Delhi Dynamos,Pune Warriors,Neutral,Windy,1,3,42,2,2,9,1,1,27942,58,Away Win,4,-2,2,4,-16,16,2023,11,Friday
MTC-22291,2023-11-24,Premier Division,Kolkata Strikers,Mumbai United,Home,Windy,2,1,52,7,14,21,4,0,27391,48,Home Win,3,1,1,21,4,4,2023,11,Friday
MTC-20821,2023-11-24,Cup Series,Goa Sharks,Delhi Dynamos,Away,Rainy,1,0,38,6,12,10,5,0,56039,62,Home Win,1,1,1,18,-24,24,2023,11,Friday
MTC-20137,2023-11-25,Premier Division,Jaipur Lions,Kolkata Strikers,Neutral,Windy,1,1,42,5,5,5,0,1,36406,58,Draw,2,0,0,10,-16,16,2023,11,Saturday
MTC-20104,2023-11-25,Championship League,Delhi Dynamos,Bengaluru FC,Neutral,Windy,5,5,60,3,1,18,2,1,39411,40,Draw,10,0,0,4,20,20,2023,11,Saturday
MTC-20097,2023-11-25,Cup Series,Pune Warriors,Bengaluru FC,Neutral,Cloudy,3,0,33,12,14,19,6,0,49025,67,Home Win,3,3,3,26,-34,34,2023,11,Saturday
MTC-20657,2023-11-26,Championship League,Delhi Dynamos,Goa Sharks,Neutral,Cloudy,2,4,70,14,1,9,0,1,63136,30,Away Win,6,-2,2,15,40,40,2023,11,Sunday
MTC-20539,2023-11-26,Premier Division,Kerala Blasters,Jaipur Lions,Neutral,Windy,4,0,34,4,10,11,5,0,61996,66,Home Win,4,4,4,14,-32,32,2023,11,Sunday
MTC-20986,2023-11-26,Championship League,Chennai Titans,Bengaluru FC,Neutral,Clear,1,3,70,7,13,5,0,1,5420,30,Away Win,4,-2,2,20,40,40,2023,11,Sunday
MTC-20663,2023-11-26,Premier Division,Kolkata Strikers,Bengaluru FC,Home,Cloudy,4,2,39,14,6,9,6,0,58272,61,Home Win,6,2,2,20,-22,22,2023,11,Sunday
MTC-20684,2023-11-26,Championship League,Kolkata Strikers,Delhi Dynamos,Home,Rainy,2,3,55,7,1,8,0,1,24130,45,Away Win,5,-1,1,8,10,10,2023,11,Sunday
MTC-22848,2023-11-27,Cup Series,Chennai Titans,Pune Warriors,Neutral,Cloudy,4,3,33,3,2,14,2,0,64565,67,Home Win,7,1,1,5,-34,34,2023,11,Monday
MTC-23489,2023-11-27,Premier Division,Kolkata Strikers,Hyderabad Falcons,Home,Windy,5,2,35,4,8,15,4,1,28690,65,Home Win,7,3,3,12,-30,30,2023,11,Monday
MTC-22401,2023-11-27,Cup Series,Mumbai United,Delhi Dynamos,Home,Rainy,4,3,70,10,1,18,2,1,26333,30,Home Win,7,1,1,11,40,40,2023,11,Monday
MTC-23118,2023-11-28,Championship League,Kerala Blasters,Mumbai United,Home,Cloudy,0,3,64,11,3,5,5,1,50853,36,Away Win,3,-3,3,14,28,28,2023,11,Tuesday
MTC-20807,2023-11-28,Cup Series,Pune Warriors,Bengaluru FC,Neutral,Clear,4,4,38,9,12,6,2,0,42105,62,Draw,8,0,0,21,-24,24,2023,11,Tuesday
MTC-23270,2023-11-28,Cup Series,Chennai Titans,Jaipur Lions,Neutral,Rainy,4,5,38,13,2,13,0,0,28413,62,Away Win,9,-1,1,15,-24,24,2023,11,Tuesday
MTC-21306,2023-11-28,Championship League,Kolkata Strikers,Jaipur Lions,Away,Rainy,3,0,46,6,4,8,1,1,59694,54,Home Win,3,3,3,10,-8,8,2023,11,Tuesday
MTC-21225,2023-11-28,Championship League,Kerala Blasters,Goa Sharks,Away,Rainy,3,0,57,14,0,8,3,1,42808,43,Home Win,3,3,3,14,14,14,2023,11,Tuesday
MTC-21539,2023-11-28,Cup Series,Kolkata Strikers,Delhi Dynamos,Home,Rainy,5,5,58,0,8,17,0,0,62711,42,Draw,10,0,0,8,16,16,2023,11,Tuesday
MTC-20280,2023-11-29,Championship League,Goa Sharks,Pune Warriors,Neutral,Rainy,5,5,44,7,11,7,0,1,52662,56,Draw,10,0,0,18,-12,12,2023,11,Wednesday
MTC-21871,2023-11-29,Cup Series,Mumbai United,Chennai Titans,Neutral,Cloudy,5,1,57,10,13,12,4,0,22488,43,Home Win,6,4,4,23,14,14,2023,11,Wednesday
MTC-21938,2023-11-29,Championship League,Kerala Blasters,Hyderabad Falcons,Home,Windy,5,4,30,0,6,14,1,0,47513,70,Home Win,9,1,1,6,-40,40,2023,11,Wednesday
MTC-22453,2023-11-30,Cup Series,Jaipur Lions,Goa Sharks,Neutral,Cloudy,3,3,62,8,12,13,4,0,45196,38,Draw,6,0,0,20,24,24,2023,11,Thursday
MTC-20027,2023-11-30,Premier Division,Kolkata Strikers,Pune Warriors,Home,Windy,5,4,30,3,8,12,6,1,36927,70,Home Win,9,1,1,11,-40,40,2023,11,Thursday
MTC-20497,2023-11-30,Premier Division,Kerala Blasters,Kolkata Strikers,Home,Rainy,2,1,42,13,7,20,1,1,6330,58,Home Win,3,1,1,20,-16,16,2023,11,Thursday
MTC-20115,2023-12-01,Premier Division,Chennai Titans,Jaipur Lions,Neutral,Rainy,1,1,61,2,7,14,4,1,62736,39,Draw,2,0,0,9,22,22,2023,12,Friday
MTC-20442,2023-12-01,Cup Series,Kolkata Strikers,Mumbai United,Away,Windy,4,0,41,1,8,5,6,0,2728,59,Home Win,4,4,4,9,-18,18,2023,12,Friday
MTC-21433,2023-12-01,Premier Division,Chennai Titans,Kolkata Strikers,Neutral,Cloudy,5,1,55,6,1,24,2,0,33591,45,Home Win,6,4,4,7,10,10,2023,12,Friday
MTC-21088,2023-12-01,Championship League,Chennai Titans,Hyderabad Falcons,Home,Windy,4,2,46,11,12,14,3,1,49559,54,Home Win,6,2,2,23,-8,8,2023,12,Friday
MTC-23210,2023-12-01,Cup Series,Kolkata Strikers,Mumbai United,Home,Windy,4,4,69,6,2,8,1,0,44374,31,Draw,8,0,0,8,38,38,2023,12,Friday
MTC-20463,2023-12-01,Championship League,Goa Sharks,Mumbai United,Home,Clear,1,2,30,1,1,5,2,1,41018,70,Away Win,3,-1,1,2,-40,40,2023,12,Friday
MTC-20334,2023-12-01,Premier Division,Kolkata Strikers,Chennai Titans,Away,Cloudy,4,4,37,9,1,10,5,0,54726,63,Draw,8,0,0,10,-26,26,2023,12,Friday
MTC-23725,2023-12-02,Premier Division,Pune Warriors,Bengaluru FC,Neutral,Clear,2,0,68,7,9,7,1,1,60107,32,Home Win,2,2,2,16,36,36,2023,12,Saturday
MTC-22904,2023-12-02,Cup Series,Kolkata Strikers,Bengaluru FC,Home,Cloudy,0,1,55,2,5,14,4,0,43145,45,Away Win,1,-1,1,7,10,10,2023,12,Saturday
MTC-23000,2023-12-03,Premier Division,Pune Warriors,Hyderabad Falcons,Neutral,Rainy,3,5,35,1,3,12,5,1,63194,65,Away Win,8,-2,2,4,-30,30,2023,12,Sunday
MTC-23440,2023-12-03,Cup Series,Jaipur Lions,Pune Warriors,Home,Cloudy,5,2,70,10,10,18,4,1,4586,30,Home Win,7,3,3,20,40,40,2023,12,Sunday
MTC-20249,2023-12-03,Championship League,Goa Sharks,Pune Warriors,Neutral,Rainy,1,0,63,3,5,24,2,1,37737,37,Home Win,1,1,1,8,26,26,2023,12,Sunday
MTC-22064,2023-12-03,Championship League,Hyderabad Falcons,Goa Sharks,Home,Windy,1,1,61,7,8,8,4,1,27386,39,Draw,2,0,0,15,22,22,2023,12,Sunday
MTC-22680,2023-12-04,Championship League,Chennai Titans,Jaipur Lions,Neutral,Cloudy,2,0,64,3,14,12,3,1,22691,36,Home Win,2,2,2,17,28,28,2023,12,Monday
MTC-22103,2023-12-04,Championship League,Pune Warriors,Mumbai United,Home,Clear,0,0,68,1,12,16,0,0,27359,32,Draw,0,0,0,13,36,36,2023,12,Monday
MTC-22413,2023-12-04,Championship League,Bengaluru FC,Goa Sharks,Away,Cloudy,4,2,57,12,0,24,5,0,26602,43,Home Win,6,2,2,12,14,14,2023,12,Monday
MTC-22000,2023-12-05,Championship League,Hyderabad Falcons,Kolkata Strikers,Home,Rainy,1,1,47,5,13,13,3,0,15306,53,Draw,2,0,0,18,-6,6,2023,12,Tuesday
MTC-20140,2023-12-05,Championship League,Mumbai United,Kerala Blasters,Home,Windy,5,4,61,6,2,15,0,0,42363,39,Home Win,9,1,1,8,22,22,2023,12,Tuesday
MTC-22248,2023-12-05,Championship League,Pune Warriors,Bengaluru FC,Neutral,Clear,0,3,34,4,9,5,5,0,60384,66,Away Win,3,-3,3,13,-32,32,2023,12,Tuesday
MTC-22256,2023-12-05,Championship League,Mumbai United,Hyderabad Falcons,Away,Clear,1,2,68,10,12,15,1,1,23867,32,Away Win,3,-1,1,22,36,36,2023,12,Tuesday
MTC-23365,2023-12-05,Championship League,Hyderabad Falcons,Jaipur Lions,Home,Windy,1,3,60,9,14,13,2,1,25799,40,Away Win,4,-2,2,23,20,20,2023,12,Tuesday
MTC-20449,2023-12-05,Championship League,Hyderabad Falcons,Mumbai United,Home,Cloudy,0,5,54,1,1,20,4,1,47966,46,Away Win,5,-5,5,2,8,8,2023,12,Tuesday
MTC-20475,2023-12-06,Championship League,Bengaluru FC,Delhi Dynamos,Neutral,Windy,0,2,55,14,2,6,0,1,2089,45,Away Win,2,-2,2,16,10,10,2023,12,Wednesday
MTC-23297,2023-12-06,Cup Series,Bengaluru FC,Chennai Titans,Away,Clear,5,2,50,0,5,20,3,1,23370,50,Home Win,7,3,3,5,0,0,2023,12,Wednesday
MTC-20775,2023-12-06,Premier Division,Goa Sharks,Mumbai United,Away,Cloudy,4,4,57,14,8,18,3,1,27187,43,Draw,8,0,0,22,14,14,2023,12,Wednesday
MTC-23616,2023-12-07,Premier Division,Mumbai United,Hyderabad Falcons,Neutral,Cloudy,1,3,37,5,9,17,4,1,20189,63,Away Win,4,-2,2,14,-26,26,2023,12,Thursday
MTC-23253,2023-12-07,Premier Division,Hyderabad Falcons,Bengaluru FC,Home,Rainy,0,4,61,6,3,14,1,1,21624,39,Away Win,4,-4,4,9,22,22,2023,12,Thursday
MTC-20380,2023-12-07,Cup Series,Jaipur Lions,Delhi Dynamos,Neutral,Cloudy,4,3,67,10,5,24,4,0,13351,33,Home Win,7,1,1,15,34,34,2023,12,Thursday
MTC-22052,2023-12-07,Championship League,Kolkata Strikers,Delhi Dynamos,Neutral,Windy,5,5,61,13,13,16,3,1,35745,39,Draw,10,0,0,26,22,22,2023,12,Thursday
MTC-22054,2023-12-07,Championship League,Kolkata Strikers,Goa Sharks,Home,Rainy,5,4,52,9,6,14,0,0,19412,48,Home Win,9,1,1,15,4,4,2023,12,Thursday
MTC-23198,2023-12-08,Premier Division,Delhi Dynamos,Jaipur Lions,Neutral,Cloudy,5,3,68,8,13,6,3,1,31017,32,Home Win,8,2,2,21,36,36,2023,12,Friday
MTC-20770,2023-12-08,Premier Division,Jaipur Lions,Delhi Dynamos,Home,Clear,0,1,64,5,7,23,1,1,17754,36,Away Win,1,-1,1,12,28,28,2023,12,Friday
MTC-22798,2023-12-09,Cup Series,Pune Warriors,Goa Sharks,Away,Cloudy,2,2,68,3,3,21,6,0,12848,32,Draw,4,0,0,6,36,36,2023,12,Saturday
MTC-23064,2023-12-09,Championship League,Chennai Titans,Kolkata Strikers,Away,Cloudy,3,1,70,1,3,14,4,1,54119,30,Home Win,4,2,2,4,40,40,2023,12,Saturday
MTC-22591,2023-12-09,Premier Division,Jaipur Lions,Chennai Titans,Home,Windy,0,3,65,3,10,15,4,0,41392,35,Away Win,3,-3,3,13,30,30,2023,12,Saturday
MTC-21273,2023-12-09,Cup Series,Chennai Titans,Hyderabad Falcons,Neutral,Windy,3,2,63,14,7,12,3,0,16145,37,Home Win,5,1,1,21,26,26,2023,12,Saturday
MTC-23662,2023-12-09,Championship League,Chennai Titans,Hyderabad Falcons,Away,Clear,0,3,51,2,9,24,0,1,30584,49,Away Win,3,-3,3,11,2,2,2023,12,Saturday
MTC-20239,2023-12-10,Cup Series,Kerala Blasters,Kolkata Strikers,Neutral,Clear,0,5,40,0,14,24,3,0,49986,60,Away Win,5,-5,5,14,-20,20,2023,12,Sunday
MTC-21213,2023-12-10,Premier Division,Chennai Titans,Jaipur Lions,Neutral,Windy,0,1,65,0,14,20,4,0,4103,35,Away Win,1,-1,1,14,30,30,2023,12,Sunday
MTC-21856,2023-12-10,Premier Division,Hyderabad Falcons,Chennai Titans,Away,Rainy,4,0,61,0,11,8,3,0,15300,39,Home Win,4,4,4,11,22,22,2023,12,Sunday
MTC-22586,2023-12-11,Cup Series,Goa Sharks,Bengaluru FC,Away,Cloudy,5,5,45,2,2,12,6,0,27337,55,Draw,10,0,0,4,-10,10,2023,12,Monday
MTC-20256,2023-12-11,Championship League,Delhi Dynamos,Hyderabad Falcons,Away,Cloudy,3,3,54,2,3,18,0,0,15630,46,Draw,6,0,0,5,8,8,2023,12,Monday
MTC-20116,2023-12-11,Championship League,Pune Warriors,Kerala Blasters,Neutral,Rainy,1,0,30,0,4,6,2,0,17792,70,Home Win,1,1,1,4,-40,40,2023,12,Monday
MTC-21089,2023-12-11,Premier Division,Goa Sharks,Hyderabad Falcons,Home,Rainy,0,4,54,4,9,7,3,0,7904,46,Away Win,4,-4,4,13,8,8,2023,12,Monday
MTC-22417,2023-12-12,Cup Series,Chennai Titans,Goa Sharks,Neutral,Cloudy,5,1,43,3,12,9,4,1,25289,57,Home Win,6,4,4,15,-14,14,2023,12,Tuesday
MTC-22469,2023-12-12,Championship League,Delhi Dynamos,Hyderabad Falcons,Away,Cloudy,3,4,49,8,12,15,2,1,37907,51,Away Win,7,-1,1,20,-2,2,2023,12,Tuesday
MTC-22144,2023-12-12,Cup Series,Hyderabad Falcons,Kolkata Strikers,Neutral,Cloudy,1,0,42,3,13,22,3,0,54292,58,Home Win,1,1,1,16,-16,16,2023,12,Tuesday
MTC-20322,2023-12-12,Premier Division,Bengaluru FC,Hyderabad Falcons,Neutral,Cloudy,2,5,63,14,10,10,3,1,40286,37,Away Win,7,-3,3,24,26,26,2023,12,Tuesday
MTC-22117,2023-12-12,Championship League,Pune Warriors,Jaipur Lions,Neutral,Rainy,4,1,63,3,4,20,2,0,55233,37,Home Win,5,3,3,7,26,26,2023,12,Tuesday
MTC-23649,2023-12-12,Premier Division,Kerala Blasters,Kolkata Strikers,Neutral,Clear,4,4,37,14,6,16,2,1,29157,63,Draw,8,0,0,20,-26,26,2023,12,Tuesday
MTC-20200,2023-12-13,Cup Series,Kolkata Strikers,Hyderabad Falcons,Neutral,Windy,0,5,69,6,13,19,5,0,14765,31,Away Win,5,-5,5,19,38,38,2023,12,Wednesday
MTC-23132,2023-12-13,Premier Division,Kerala Blasters,Goa Sharks,Home,Rainy,0,0,46,13,7,22,2,0,11501,54,Draw,0,0,0,20,-8,8,2023,12,Wednesday
MTC-20073,2023-12-13,Championship League,Chennai Titans,Kerala Blasters,Home,Rainy,4,5,68,10,12,21,6,0,46443,32,Away Win,9,-1,1,22,36,36,2023,12,Wednesday
MTC-23509,2023-12-13,Cup Series,Bengaluru FC,Delhi Dynamos,Home,Cloudy,4,2,50,6,1,21,6,0,31963,50,Home Win,6,2,2,7,0,0,2023,12,Wednesday
MTC-21373,2023-12-13,Premier Division,Kerala Blasters,Goa Sharks,Home,Rainy,3,1,52,3,13,12,3,1,49209,48,Home Win,4,2,2,16,4,4,2023,12,Wednesday
MTC-20348,2023-12-13,Cup Series,Goa Sharks,Hyderabad Falcons,Neutral,Clear,4,5,35,10,1,22,0,1,42888,65,Away Win,9,-1,1,11,-30,30,2023,12,Wednesday
MTC-21897,2023-12-14,Premier Division,Hyderabad Falcons,Jaipur Lions,Away,Clear,4,1,38,4,11,19,2,0,14336,62,Home Win,5,3,3,15,-24,24,2023,12,Thursday
MTC-22423,2023-12-14,Premier Division,Mumbai United,Chennai Titans,Home,Clear,3,4,52,12,1,5,5,1,9454,48,Away Win,7,-1,1,13,4,4,2023,12,Thursday
MTC-23761,2023-12-14,Championship League,Bengaluru FC,Kerala Blasters,Away,Cloudy,3,0,41,5,6,11,0,1,18837,59,Home Win,3,3,3,11,-18,18,2023,12,Thursday
MTC-21036,2023-12-14,Cup Series,Pune Warriors,Kolkata Strikers,Home,Clear,2,0,46,0,13,7,1,1,11066,54,Home Win,2,2,2,13,-8,8,2023,12,Thursday
MTC-23692,2023-12-15,Cup Series,Bengaluru FC,Hyderabad Falcons,Home,Clear,4,5,64,14,9,5,5,1,38895,36,Away Win,9,-1,1,23,28,28,2023,12,Friday
MTC-21832,2023-12-15,Cup Series,Bengaluru FC,Mumbai United,Neutral,Rainy,3,2,54,6,13,9,3,0,59704,46,Home Win,5,1,1,19,8,8,2023,12,Friday
MTC-21785,2023-12-15,Championship League,Chennai Titans,Hyderabad Falcons,Home,Clear,2,5,35,7,7,14,6,1,56039,65,Away Win,7,-3,3,14,-30,30,2023,12,Friday
MTC-21565,2023-12-15,Championship League,Delhi Dynamos,Hyderabad Falcons,Home,Windy,1,0,69,11,9,10,4,1,19796,31,Home Win,1,1,1,20,38,38,2023,12,Friday
MTC-20524,2023-12-15,Cup Series,Jaipur Lions,Mumbai United,Neutral,Cloudy,1,4,40,2,0,10,1,1,12722,60,Away Win,5,-3,3,2,-20,20,2023,12,Friday
MTC-21634,2023-12-16,Cup Series,Kolkata Strikers,Mumbai United,Home,Cloudy,0,0,64,4,6,20,6,0,64797,36,Draw,0,0,0,10,28,28,2023,12,Saturday
MTC-21403,2023-12-16,Championship League,Goa Sharks,Bengaluru FC,Neutral,Clear,5,3,52,11,2,15,2,1,26973,48,Home Win,8,2,2,13,4,4,2023,12,Saturday
MTC-23309,2023-12-16,Premier Division,Pune Warriors,Kerala Blasters,Away,Windy,1,5,40,2,14,6,4,0,40160,60,Away Win,6,-4,4,16,-20,20,2023,12,Saturday
MTC-20946,2023-12-16,Cup Series,Bengaluru FC,Jaipur Lions,Home,Windy,1,0,59,12,2,14,1,0,59051,41,Home Win,1,1,1,14,18,18,2023,12,Saturday
MTC-20215,2023-12-17,Cup Series,Hyderabad Falcons,Pune Warriors,Home,Cloudy,5,4,44,4,11,14,5,1,31535,56,Home Win,9,1,1,15,-12,12,2023,12,Sunday
MTC-20686,2023-12-17,Championship League,Bengaluru FC,Kolkata Strikers,Home,Cloudy,2,1,53,3,1,5,5,0,4656,47,Home Win,3,1,1,4,6,6,2023,12,Sunday
MTC-20850,2023-12-17,Premier Division,Hyderabad Falcons,Kerala Blasters,Away,Clear,0,4,62,11,1,21,1,1,51353,38,Away Win,4,-4,4,12,24,24,2023,12,Sunday
MTC-23496,2023-12-17,Championship League,Goa Sharks,Jaipur Lions,Away,Rainy,5,5,59,10,4,11,3,1,45678,41,Draw,10,0,0,14,18,18,2023,12,Sunday
MTC-20387,2023-12-17,Cup Series,Pune Warriors,Kerala Blasters,Away,Clear,1,4,52,3,13,11,6,1,11347,48,Away Win,5,-3,3,16,4,4,2023,12,Sunday
MTC-23469,2023-12-17,Premier Division,Kolkata Strikers,Pune Warriors,Neutral,Cloudy,0,1,39,2,8,9,4,0,20149,61,Away Win,1,-1,1,10,-22,22,2023,12,Sunday
MTC-23764,2023-12-17,Championship League,Chennai Titans,Kolkata Strikers,Neutral,Rainy,5,3,52,1,1,22,6,1,49513,48,Home Win,8,2,2,2,4,4,2023,12,Sunday
MTC-20747,2023-12-17,Premier Division,Jaipur Lions,Hyderabad Falcons,Home,Rainy,2,3,34,0,5,17,0,1,4343,66,Away Win,5,-1,1,5,-32,32,2023,12,Sunday
MTC-20870,2023-12-17,Championship League,Hyderabad Falcons,Chennai Titans,Neutral,Cloudy,0,2,30,10,10,17,4,1,50381,70,Away Win,2,-2,2,20,-40,40,2023,12,Sunday
MTC-23100,2023-12-18,Championship League,Hyderabad Falcons,Kerala Blasters,Neutral,Clear,3,4,45,13,10,23,6,1,15207,55,Away Win,7,-1,1,23,-10,10,2023,12,Monday
MTC-20030,2023-12-18,Premier Division,Pune Warriors,Jaipur Lions,Away,Cloudy,0,0,36,3,1,21,5,0,24396,64,Draw,0,0,0,4,-28,28,2023,12,Monday
MTC-21727,2023-12-18,Championship League,Chennai Titans,Hyderabad Falcons,Away,Clear,3,2,64,14,2,6,1,1,31674,36,Home Win,5,1,1,16,28,28,2023,12,Monday
MTC-21299,2023-12-18,Championship League,Jaipur Lions,Bengaluru FC,Neutral,Clear,3,0,54,9,10,22,4,0,9681,46,Home Win,3,3,3,19,8,8,2023,12,Monday
MTC-20545,2023-12-19,Cup Series,Kolkata Strikers,Goa Sharks,Neutral,Rainy,1,5,47,1,5,23,2,1,45325,53,Away Win,6,-4,4,6,-6,6,2023,12,Tuesday
MTC-22269,2023-12-19,Cup Series,Jaipur Lions,Chennai Titans,Away,Cloudy,4,4,38,1,13,20,1,1,39466,62,Draw,8,0,0,14,-24,24,2023,12,Tuesday
MTC-22482,2023-12-19,Premier Division,Jaipur Lions,Mumbai United,Away,Windy,1,0,42,3,2,5,1,1,31954,58,Home Win,1,1,1,5,-16,16,2023,12,Tuesday
MTC-22282,2023-12-19,Premier Division,Jaipur Lions,Hyderabad Falcons,Away,Windy,5,3,58,13,4,5,3,0,24131,42,Home Win,8,2,2,17,16,16,2023,12,Tuesday
MTC-23397,2023-12-19,Championship League,Delhi Dynamos,Kolkata Strikers,Neutral,Cloudy,1,3,58,2,14,7,4,0,39157,42,Away Win,4,-2,2,16,16,16,2023,12,Tuesday
MTC-22425,2023-12-20,Premier Division,Goa Sharks,Mumbai United,Away,Windy,5,4,33,5,5,15,5,1,26290,67,Home Win,9,1,1,10,-34,34,2023,12,Wednesday
MTC-23385,2023-12-20,Cup Series,Bengaluru FC,Kerala Blasters,Home,Cloudy,4,2,64,11,0,11,2,0,14084,36,Home Win,6,2,2,11,28,28,2023,12,Wednesday
MTC-20711,2023-12-20,Championship League,Delhi Dynamos,Jaipur Lions,Home,Clear,0,0,30,4,7,11,6,0,57054,70,Draw,0,0,0,11,-40,40,2023,12,Wednesday
MTC-22544,2023-12-20,Championship League,Kolkata Strikers,Mumbai United,Neutral,Cloudy,4,1,59,2,13,6,5,1,52119,41,Home Win,5,3,3,15,18,18,2023,12,Wednesday
MTC-20351,2023-12-20,Premier Division,Kolkata Strikers,Mumbai United,Home,Cloudy,0,5,52,0,4,9,2,0,37967,48,Away Win,5,-5,5,4,4,4,2023,12,Wednesday
MTC-21976,2023-12-21,Premier Division,Kerala Blasters,Jaipur Lions,Home,Windy,1,5,45,10,10,13,6,0,28335,55,Away Win,6,-4,4,20,-10,10,2023,12,Thursday
MTC-20664,2023-12-21,Cup Series,Jaipur Lions,Chennai Titans,Home,Windy,4,4,33,8,7,5,1,0,54087,67,Draw,8,0,0,15,-34,34,2023,12,Thursday
MTC-20824,2023-12-22,Championship League,Kerala Blasters,Goa Sharks,Home,Windy,0,3,30,1,8,22,6,1,12599,70,Away Win,3,-3,3,9,-40,40,2023,12,Friday
MTC-20361,2023-12-23,Premier Division,Jaipur Lions,Delhi Dynamos,Home,Windy,2,5,53,0,3,23,1,0,31243,47,Away Win,7,-3,3,3,6,6,2023,12,Saturday
MTC-21095,2023-12-23,Championship League,Kolkata Strikers,Goa Sharks,Home,Windy,5,4,64,8,6,18,3,1,6632,36,Home Win,9,1,1,14,28,28,2023,12,Saturday
MTC-22025,2023-12-23,Championship League,Mumbai United,Bengaluru FC,Away,Cloudy,3,2,57,14,1,19,6,0,35817,43,Home Win,5,1,1,15,14,14,2023,12,Saturday
MTC-21898,2023-12-23,Championship League,Jaipur Lions,Pune Warriors,Home,Clear,0,2,59,0,8,7,1,0,60852,41,Away Win,2,-2,2,8,18,18,2023,12,Saturday
MTC-21892,2023-12-24,Championship League,Chennai Titans,Pune Warriors,Neutral,Rainy,1,4,30,2,1,23,6,1,24524,70,Away Win,5,-3,3,3,-40,40,2023,12,Sunday
MTC-22814,2023-12-24,Championship League,Pune Warriors,Goa Sharks,Neutral,Rainy,2,1,48,1,11,15,4,1,52523,52,Home Win,3,1,1,12,-4,4,2023,12,Sunday
MTC-23177,2023-12-24,Championship League,Mumbai United,Delhi Dynamos,Home,Clear,1,1,53,14,9,13,2,1,29885,47,Draw,2,0,0,23,6,6,2023,12,Sunday
MTC-22808,2023-12-24,Championship League,Mumbai United,Chennai Titans,Neutral,Cloudy,2,2,32,8,3,14,5,1,2034,68,Draw,4,0,0,11,-36,36,2023,12,Sunday
MTC-22494,2023-12-24,Cup Series,Kerala Blasters,Kolkata Strikers,Away,Clear,2,0,44,1,13,22,3,1,30709,56,Home Win,2,2,2,14,-12,12,2023,12,Sunday
MTC-20235,2023-12-24,Premier Division,Delhi Dynamos,Jaipur Lions,Away,Rainy,1,1,53,13,10,20,6,0,22611,47,Draw,2,0,0,23,6,6,2023,12,Sunday
MTC-23476,2023-12-24,Premier Division,Chennai Titans,Hyderabad Falcons,Away,Windy,4,1,62,2,10,16,5,1,45088,38,Home Win,5,3,3,12,24,24,2023,12,Sunday
MTC-20934,2023-12-24,Championship League,Mumbai United,Hyderabad Falcons,Away,Clear,0,3,41,9,4,7,1,1,22637,59,Away Win,3,-3,3,13,-18,18,2023,12,Sunday
MTC-21708,2023-12-25,Cup Series,Delhi Dynamos,Pune Warriors,Neutral,Cloudy,1,4,53,10,2,24,2,0,3953,47,Away Win,5,-3,3,12,6,6,2023,12,Monday
MTC-21446,2023-12-25,Premier Division,Hyderabad Falcons,Jaipur Lions,Neutral,Windy,2,3,41,1,9,15,0,1,61496,59,Away Win,5,-1,1,10,-18,18,2023,12,Monday
MTC-23740,2023-12-25,Cup Series,Jaipur Lions,Kolkata Strikers,Home,Rainy,4,1,42,1,13,8,5,0,6891,58,Home Win,5,3,3,14,-16,16,2023,12,Monday
MTC-22894,2023-12-25,Championship League,Mumbai United,Bengaluru FC,Home,Cloudy,2,0,35,9,9,19,4,1,49462,65,Home Win,2,2,2,18,-30,30,2023,12,Monday
MTC-20062,2023-12-25,Cup Series,Chennai Titans,Mumbai United,Away,Clear,2,2,65,12,2,8,5,0,44069,35,Draw,4,0,0,14,30,30,2023,12,Monday
MTC-23149,2023-12-25,Championship League,Delhi Dynamos,Chennai Titans,Neutral,Rainy,5,4,68,11,2,10,6,1,61077,32,Home Win,9,1,1,13,36,36,2023,12,Monday
MTC-21545,2023-12-26,Championship League,Chennai Titans,Mumbai United,Neutral,Clear,5,3,48,8,6,14,1,0,8066,52,Home Win,8,2,2,14,-4,4,2023,12,Tuesday
MTC-20910,2023-12-26,Premier Division,Kolkata Strikers,Goa Sharks,Neutral,Windy,2,4,36,14,8,8,0,0,19729,64,Away Win,6,-2,2,22,-28,28,2023,12,Tuesday
MTC-20098,2023-12-26,Cup Series,Hyderabad Falcons,Goa Sharks,Neutral,Rainy,3,2,63,13,3,12,5,1,45905,37,Home Win,5,1,1,16,26,26,2023,12,Tuesday
MTC-22226,2023-12-26,Premier Division,Hyderabad Falcons,Chennai Titans,Neutral,Clear,3,1,70,1,10,20,5,0,4967,30,Home Win,4,2,2,11,40,40,2023,12,Tuesday
MTC-23173,2023-12-26,Championship League,Kerala Blasters,Kolkata Strikers,Away,Clear,1,2,43,14,6,18,0,1,28755,57,Away Win,3,-1,1,20,-14,14,2023,12,Tuesday
MTC-23588,2023-12-26,Championship League,Kerala Blasters,Chennai Titans,Away,Windy,2,1,49,12,12,11,0,1,22676,51,Home Win,3,1,1,24,-2,2,2023,12,Tuesday
MTC-20731,2023-12-26,Cup Series,Pune Warriors,Mumbai United,Away,Cloudy,0,3,60,12,2,15,1,0,60590,40,Away Win,3,-3,3,14,20,20,2023,12,Tuesday
MTC-23391,2023-12-27,Premier Division,Mumbai United,Chennai Titans,Home,Rainy,5,2,43,6,11,10,4,1,59612,57,Home Win,7,3,3,17,-14,14,2023,12,Wednesday
MTC-22850,2023-12-27,Cup Series,Pune Warriors,Kolkata Strikers,Home,Rainy,3,1,63,6,2,9,1,0,45532,37,Home Win,4,2,2,8,26,26,2023,12,Wednesday
MTC-21078,2023-12-27,Cup Series,Chennai Titans,Bengaluru FC,Home,Windy,3,0,45,9,9,10,4,0,14358,55,Home Win,3,3,3,18,-10,10,2023,12,Wednesday
MTC-22360,2023-12-28,Championship League,Kolkata Strikers,Kerala Blasters,Away,Clear,2,1,38,3,1,14,2,0,10196,62,Home Win,3,1,1,4,-24,24,2023,12,Thursday
MTC-22847,2023-12-28,Premier Division,Hyderabad Falcons,Delhi Dynamos,Home,Clear,4,0,64,6,8,10,6,1,30038,36,Home Win,4,4,4,14,28,28,2023,12,Thursday
MTC-23002,2023-12-28,Premier Division,Chennai Titans,Jaipur Lions,Neutral,Windy,1,1,50,6,6,8,3,0,29269,50,Draw,2,0,0,12,0,0,2023,12,Thursday
MTC-22311,2023-12-29,Championship League,Kolkata Strikers,Mumbai United,Away,Rainy,5,5,63,10,13,16,1,0,32469,37,Draw,10,0,0,23,26,26,2023,12,Friday
MTC-20201,2023-12-29,Championship League,Jaipur Lions,Bengaluru FC,Neutral,Clear,2,1,62,4,6,6,6,1,20282,38,Home Win,3,1,1,10,24,24,2023,12,Friday
MTC-21297,2023-12-29,Championship League,Mumbai United,Delhi Dynamos,Neutral,Windy,5,2,57,5,13,16,0,0,32116,43,Home Win,7,3,3,18,14,14,2023,12,Friday
MTC-21675,2023-12-29,Championship League,Goa Sharks,Chennai Titans,Home,Windy,4,4,59,5,0,10,1,1,45250,41,Draw,8,0,0,5,18,18,2023,12,Friday
MTC-23498,2023-12-29,Premier Division,Pune Warriors,Kerala Blasters,Away,Clear,5,3,39,1,5,13,5,0,27206,61,Home Win,8,2,2,6,-22,22,2023,12,Friday
MTC-20491,2023-12-30,Premier Division,Chennai Titans,Bengaluru FC,Home,Rainy,4,4,36,1,8,7,1,0,27386,64,Draw,8,0,0,9,-28,28,2023,12,Saturday
MTC-20620,2023-12-30,Championship League,Kolkata Strikers,Chennai Titans,Neutral,Windy,1,0,53,7,13,15,4,1,14234,47,Home Win,1,1,1,20,6,6,2023,12,Saturday
MTC-20414,2023-12-30,Premier Division,Kolkata Strikers,Goa Sharks,Home,Clear,0,0,34,8,7,15,4,0,20190,66,Draw,0,0,0,15,-32,32,2023,12,Saturday
MTC-23549,2023-12-30,Championship League,Chennai Titans,Bengaluru FC,Away,Cloudy,0,0,36,2,12,7,2,0,41215,64,Draw,0,0,0,14,-28,28,2023,12,Saturday
MTC-20430,2023-12-30,Championship League,Chennai Titans,Bengaluru FC,Away,Clear,0,1,63,5,13,17,2,1,28828,37,Away Win,1,-1,1,18,26,26,2023,12,Saturday
MTC-21562,2023-12-30,Cup Series,Kerala Blasters,Kolkata Strikers,Away,Clear,3,5,64,11,13,7,4,1,19397,36,Away Win,8,-2,2,24,28,28,2023,12,Saturday
MTC-20318,2023-12-30,Championship League,Delhi Dynamos,Mumbai United,Home,Rainy,3,4,59,12,7,20,0,0,26255,41,Away Win,7,-1,1,19,18,18,2023,12,Saturday
MTC-20151,2023-12-30,Championship League,Kerala Blasters,Kolkata Strikers,Away,Cloudy,5,2,41,10,11,8,3,0,56991,59,Home Win,7,3,3,21,-18,18,2023,12,Saturday
MTC-20513,2023-12-31,Premier Division,Mumbai United,Jaipur Lions,Away,Windy,0,1,62,10,10,11,4,1,51940,38,Away Win,1,-1,1,20,24,24,2023,12,Sunday
MTC-20407,2023-12-31,Championship League,Delhi Dynamos,Pune Warriors,Home,Rainy,2,5,60,11,0,22,4,0,12505,40,Away Win,7,-3,3,11,20,20,2023,12,Sunday
MTC-23401,2023-12-31,Premier Division,Delhi Dynamos,Kolkata Strikers,Away,Rainy,5,1,58,5,11,14,1,0,60030,42,Home Win,6,4,4,16,16,16,2023,12,Sunday
MTC-20583,2024-01-01,Championship League,Delhi Dynamos,Pune Warriors,Neutral,Rainy,1,1,34,5,10,10,2,0,46198,66,Draw,2,0,0,15,-32,32,2024,1,Monday
MTC-20964,2024-01-01,Premier Division,Bengaluru FC,Kolkata Strikers,Home,Clear,4,5,54,6,0,20,2,0,38736,46,Away Win,9,-1,1,6,8,8,2024,1,Monday
MTC-22902,2024-01-01,Cup Series,Kerala Blasters,Hyderabad Falcons,Home,Clear,0,3,44,9,5,17,4,0,44982,56,Away Win,3,-3,3,14,-12,12,2024,1,Monday
MTC-23748,2024-01-01,Championship League,Kolkata Strikers,Jaipur Lions,Home,Cloudy,3,2,69,12,2,16,1,0,3501,31,Home Win,5,1,1,14,38,38,2024,1,Monday
MTC-23609,2024-01-02,Cup Series,Chennai Titans,Pune Warriors,Neutral,Clear,0,0,37,8,2,6,6,0,17775,63,Draw,0,0,0,10,-26,26,2024,1,Tuesday
MTC-21511,2024-01-02,Cup Series,Bengaluru FC,Goa Sharks,Away,Cloudy,4,5,32,2,13,20,1,0,2558,68,Away Win,9,-1,1,15,-36,36,2024,1,Tuesday
MTC-22926,2024-01-02,Cup Series,Hyderabad Falcons,Goa Sharks,Away,Cloudy,5,2,45,7,6,16,4,1,25801,55,Home Win,7,3,3,13,-10,10,2024,1,Tuesday
MTC-22380,2024-01-03,Championship League,Jaipur Lions,Pune Warriors,Neutral,Rainy,2,5,56,0,2,22,4,1,54998,44,Away Win,7,-3,3,2,12,12,2024,1,Wednesday
MTC-20366,2024-01-03,Championship League,Kerala Blasters,Delhi Dynamos,Home,Rainy,3,2,31,8,13,16,6,0,60085,69,Home Win,5,1,1,21,-38,38,2024,1,Wednesday
MTC-22977,2024-01-03,Cup Series,Kerala Blasters,Mumbai United,Neutral,Clear,5,2,55,1,5,16,2,1,50525,45,Home Win,7,3,3,6,10,10,2024,1,Wednesday
MTC-22836,2024-01-03,Premier Division,Kerala Blasters,Mumbai United,Away,Windy,2,0,65,6,0,24,0,0,18562,35,Home Win,2,2,2,6,30,30,2024,1,Wednesday
MTC-21360,2024-01-03,Championship League,Mumbai United,Pune Warriors,Home,Rainy,1,1,46,9,10,19,6,1,36940,54,Draw,2,0,0,19,-8,8,2024,1,Wednesday
MTC-22790,2024-01-03,Premier Division,Chennai Titans,Mumbai United,Home,Rainy,2,5,66,3,6,11,2,0,11110,34,Away Win,7,-3,3,9,32,32,2024,1,Wednesday
MTC-20817,2024-01-03,Cup Series,Bengaluru FC,Mumbai United,Away,Clear,0,3,43,6,3,24,6,0,17959,57,Away Win,3,-3,3,9,-14,14,2024,1,Wednesday
MTC-22840,2024-01-04,Championship League,Goa Sharks,Jaipur Lions,Neutral,Cloudy,2,2,38,13,5,10,5,0,25457,62,Draw,4,0,0,18,-24,24,2024,1,Thursday
MTC-23680,2024-01-04,Championship League,Hyderabad Falcons,Bengaluru FC,Home,Windy,4,0,44,10,3,14,1,1,63795,56,Home Win,4,4,4,13,-12,12,2024,1,Thursday
MTC-20198,2024-01-04,Championship League,Jaipur Lions,Hyderabad Falcons,Neutral,Windy,4,3,66,6,1,16,2,0,50718,34,Home Win,7,1,1,7,32,32,2024,1,Thursday
MTC-20725,2024-01-04,Championship League,Bengaluru FC,Kolkata Strikers,Away,Windy,4,5,43,11,1,16,5,0,48418,57,Away Win,9,-1,1,12,-14,14,2024,1,Thursday
MTC-21146,2024-01-04,Premier Division,Bengaluru FC,Chennai Titans,Away,Windy,0,5,66,3,1,23,0,0,27865,34,Away Win,5,-5,5,4,32,32,2024,1,Thursday
MTC-21046,2024-01-05,Championship League,Bengaluru FC,Mumbai United,Neutral,Clear,1,0,49,10,12,7,4,0,38015,51,Home Win,1,1,1,22,-2,2,2024,1,Friday
MTC-22970,2024-01-05,Cup Series,Hyderabad Falcons,Mumbai United,Home,Windy,3,1,57,6,9,24,2,0,44619,43,Home Win,4,2,2,15,14,14,2024,1,Friday
MTC-22705,2024-01-05,Premier Division,Delhi Dynamos,Kerala Blasters,Home,Rainy,4,5,57,0,12,9,4,1,6585,43,Away Win,9,-1,1,12,14,14,2024,1,Friday
MTC-20738,2024-01-06,Premier Division,Chennai Titans,Jaipur Lions,Home,Clear,3,5,40,0,4,15,0,1,33448,60,Away Win,8,-2,2,4,-20,20,2024,1,Saturday
MTC-23586,2024-01-06,Championship League,Bengaluru FC,Jaipur Lions,Away,Rainy,2,2,41,13,12,8,5,0,56768,59,Draw,4,0,0,25,-18,18,2024,1,Saturday
MTC-23515,2024-01-06,Cup Series,Mumbai United,Chennai Titans,Neutral,Clear,2,2,31,6,9,20,6,0,3392,69,Draw,4,0,0,15,-38,38,2024,1,Saturday
MTC-22550,2024-01-06,Championship League,Kolkata Strikers,Hyderabad Falcons,Home,Clear,2,4,64,13,11,18,1,0,48475,36,Away Win,6,-2,2,24,28,28,2024,1,Saturday
MTC-21945,2024-01-06,Championship League,Jaipur Lions,Kolkata Strikers,Home,Rainy,1,1,53,12,8,9,3,1,9933,47,Draw,2,0,0,20,6,6,2024,1,Saturday
MTC-20860,2024-01-07,Premier Division,Jaipur Lions,Pune Warriors,Away,Clear,4,2,70,0,2,11,0,0,5678,30,Home Win,6,2,2,2,40,40,2024,1,Sunday
MTC-20177,2024-01-07,Cup Series,Kolkata Strikers,Bengaluru FC,Home,Cloudy,4,3,37,13,10,24,1,0,28606,63,Home Win,7,1,1,23,-26,26,2024,1,Sunday
MTC-20315,2024-01-08,Premier Division,Chennai Titans,Kerala Blasters,Neutral,Rainy,3,2,31,10,9,12,3,1,12276,69,Home Win,5,1,1,19,-38,38,2024,1,Monday
MTC-21190,2024-01-08,Cup Series,Chennai Titans,Mumbai United,Home,Cloudy,3,5,40,3,3,7,6,0,52700,60,Away Win,8,-2,2,6,-20,20,2024,1,Monday
MTC-23336,2024-01-08,Cup Series,Jaipur Lions,Delhi Dynamos,Away,Cloudy,1,2,45,14,7,5,5,0,14462,55,Away Win,3,-1,1,21,-10,10,2024,1,Monday
MTC-23359,2024-01-08,Cup Series,Hyderabad Falcons,Delhi Dynamos,Away,Rainy,1,4,57,7,4,8,3,0,15876,43,Away Win,5,-3,3,11,14,14,2024,1,Monday
MTC-22875,2024-01-08,Premier Division,Chennai Titans,Bengaluru FC,Away,Cloudy,3,2,62,0,12,6,4,0,38382,38,Home Win,5,1,1,12,24,24,2024,1,Monday
MTC-21096,2024-01-08,Championship League,Mumbai United,Hyderabad Falcons,Away,Clear,3,3,37,6,2,21,3,0,28122,63,Draw,6,0,0,8,-26,26,2024,1,Monday
MTC-20481,2024-01-09,Championship League,Chennai Titans,Kolkata Strikers,Away,Rainy,4,3,43,9,7,24,0,1,60109,57,Home Win,7,1,1,16,-14,14,2024,1,Tuesday
MTC-22432,2024-01-09,Premier Division,Hyderabad Falcons,Bengaluru FC,Home,Cloudy,5,4,56,5,9,7,1,1,54137,44,Home Win,9,1,1,14,12,12,2024,1,Tuesday
MTC-22545,2024-01-09,Cup Series,Hyderabad Falcons,Delhi Dynamos,Home,Clear,3,1,69,13,8,18,3,1,29792,31,Home Win,4,2,2,21,38,38,2024,1,Tuesday
MTC-22671,2024-01-10,Premier Division,Hyderabad Falcons,Goa Sharks,Home,Windy,2,3,59,8,6,14,5,1,56554,41,Away Win,5,-1,1,14,18,18,2024,1,Wednesday
MTC-22866,2024-01-10,Cup Series,Goa Sharks,Kolkata Strikers,Away,Cloudy,1,5,54,10,9,6,4,0,57097,46,Away Win,6,-4,4,19,8,8,2024,1,Wednesday
MTC-21217,2024-01-10,Premier Division,Jaipur Lions,Mumbai United,Neutral,Clear,1,3,58,1,0,7,0,0,19487,42,Away Win,4,-2,2,1,16,16,2024,1,Wednesday
MTC-22870,2024-01-11,Cup Series,Goa Sharks,Bengaluru FC,Home,Rainy,4,1,67,4,3,16,5,0,51484,33,Home Win,5,3,3,7,34,34,2024,1,Thursday
MTC-21209,2024-01-11,Cup Series,Delhi Dynamos,Kolkata Strikers,Away,Cloudy,4,1,36,11,10,14,1,0,4101,64,Home Win,5,3,3,21,-28,28,2024,1,Thursday
MTC-21864,2024-01-11,Premier Division,Kerala Blasters,Chennai Titans,Away,Rainy,3,2,55,14,7,17,0,0,61866,45,Home Win,5,1,1,21,10,10,2024,1,Thursday
MTC-22740,2024-01-11,Cup Series,Kolkata Strikers,Mumbai United,Neutral,Windy,5,5,45,12,14,6,2,1,32237,55,Draw,10,0,0,26,-10,10,2024,1,Thursday
MTC-20944,2024-01-11,Cup Series,Kerala Blasters,Delhi Dynamos,Away,Rainy,5,3,34,0,8,8,6,1,23044,66,Home Win,8,2,2,8,-32,32,2024,1,Thursday
MTC-20356,2024-01-11,Championship League,Kerala Blasters,Hyderabad Falcons,Neutral,Windy,0,4,70,10,2,20,1,0,41895,30,Away Win,4,-4,4,12,40,40,2024,1,Thursday
MTC-22939,2024-01-12,Championship League,Kolkata Strikers,Goa Sharks,Home,Windy,2,0,55,4,10,18,5,0,23092,45,Home Win,2,2,2,14,10,10,2024,1,Friday
MTC-20788,2024-01-12,Cup Series,Chennai Titans,Mumbai United,Away,Windy,5,2,53,9,4,23,1,0,61839,47,Home Win,7,3,3,13,6,6,2024,1,Friday
MTC-22358,2024-01-12,Cup Series,Kolkata Strikers,Goa Sharks,Home,Windy,2,0,62,9,11,6,2,0,42830,38,Home Win,2,2,2,20,24,24,2024,1,Friday
MTC-22923,2024-01-12,Championship League,Pune Warriors,Jaipur Lions,Home,Windy,3,1,32,12,0,5,6,1,31586,68,Home Win,4,2,2,12,-36,36,2024,1,Friday
MTC-22242,2024-01-12,Cup Series,Goa Sharks,Delhi Dynamos,Home,Windy,1,1,31,5,13,16,3,0,44858,69,Draw,2,0,0,18,-38,38,2024,1,Friday
MTC-22115,2024-01-13,Championship League,Delhi Dynamos,Bengaluru FC,Away,Clear,0,0,44,1,14,19,5,1,32412,56,Draw,0,0,0,15,-12,12,2024,1,Saturday
MTC-20984,2024-01-13,Championship League,Chennai Titans,Pune Warriors,Home,Rainy,5,4,39,6,8,21,3,0,29826,61,Home Win,9,1,1,14,-22,22,2024,1,Saturday
MTC-22405,2024-01-13,Premier Division,Bengaluru FC,Mumbai United,Neutral,Cloudy,1,4,31,4,5,18,5,0,11504,69,Away Win,5,-3,3,9,-38,38,2024,1,Saturday
MTC-20929,2024-01-14,Championship League,Kerala Blasters,Hyderabad Falcons,Neutral,Cloudy,1,0,52,7,7,22,5,1,10206,48,Home Win,1,1,1,14,4,4,2024,1,Sunday
MTC-20577,2024-01-14,Championship League,Goa Sharks,Hyderabad Falcons,Home,Windy,2,2,42,14,3,24,6,1,46681,58,Draw,4,0,0,17,-16,16,2024,1,Sunday
MTC-22662,2024-01-14,Cup Series,Kolkata Strikers,Kerala Blasters,Away,Rainy,4,4,54,7,8,14,4,0,41862,46,Draw,8,0,0,15,8,8,2024,1,Sunday
MTC-20720,2024-01-15,Championship League,Kerala Blasters,Chennai Titans,Away,Cloudy,0,0,38,1,14,11,5,0,17168,62,Draw,0,0,0,15,-24,24,2024,1,Monday
MTC-21336,2024-01-15,Cup Series,Hyderabad Falcons,Mumbai United,Away,Rainy,0,4,43,13,6,23,6,1,40094,57,Away Win,4,-4,4,19,-14,14,2024,1,Monday
MTC-21635,2024-01-15,Championship League,Kolkata Strikers,Hyderabad Falcons,Home,Windy,3,0,60,3,2,6,2,0,14511,40,Home Win,3,3,3,5,20,20,2024,1,Monday
MTC-22629,2024-01-16,Premier Division,Pune Warriors,Hyderabad Falcons,Home,Windy,0,3,52,3,1,14,1,0,12022,48,Away Win,3,-3,3,4,4,4,2024,1,Tuesday
MTC-23116,2024-01-16,Championship League,Hyderabad Falcons,Chennai Titans,Away,Rainy,0,2,64,4,2,17,1,0,34255,36,Away Win,2,-2,2,6,28,28,2024,1,Tuesday
MTC-22176,2024-01-16,Cup Series,Goa Sharks,Kolkata Strikers,Neutral,Windy,2,4,60,14,13,9,6,1,25271,40,Away Win,6,-2,2,27,20,20,2024,1,Tuesday
MTC-21971,2024-01-16,Championship League,Pune Warriors,Mumbai United,Home,Cloudy,0,5,62,3,10,14,3,1,20624,38,Away Win,5,-5,5,13,24,24,2024,1,Tuesday
MTC-20159,2024-01-17,Championship League,Delhi Dynamos,Jaipur Lions,Neutral,Rainy,5,4,50,10,2,23,1,0,50285,50,Home Win,9,1,1,12,0,0,2024,1,Wednesday
MTC-21594,2024-01-17,Championship League,Kerala Blasters,Delhi Dynamos,Away,Clear,5,3,46,5,0,12,6,1,41635,54,Home Win,8,2,2,5,-8,8,2024,1,Wednesday
MTC-21926,2024-01-17,Cup Series,Pune Warriors,Goa Sharks,Neutral,Clear,3,5,43,10,11,11,6,1,7526,57,Away Win,8,-2,2,21,-14,14,2024,1,Wednesday
MTC-20796,2024-01-17,Championship League,Chennai Titans,Jaipur Lions,Home,Clear,3,1,42,11,2,24,5,1,38787,58,Home Win,4,2,2,13,-16,16,2024,1,Wednesday
MTC-20768,2024-01-17,Cup Series,Pune Warriors,Kerala Blasters,Home,Clear,3,4,63,3,0,6,1,0,14065,37,Away Win,7,-1,1,3,26,26,2024,1,Wednesday
MTC-23455,2024-01-17,Cup Series,Bengaluru FC,Kolkata Strikers,Away,Windy,5,0,53,14,2,14,2,0,24120,47,Home Win,5,5,5,16,6,6,2024,1,Wednesday
MTC-22766,2024-01-18,Championship League,Goa Sharks,Hyderabad Falcons,Home,Clear,4,1,41,13,12,6,1,0,11088,59,Home Win,5,3,3,25,-18,18,2024,1,Thursday
MTC-22166,2024-01-18,Premier Division,Kolkata Strikers,Hyderabad Falcons,Home,Windy,2,0,38,0,10,12,2,1,35493,62,Home Win,2,2,2,10,-24,24,2024,1,Thursday
MTC-21815,2024-01-18,Premier Division,Kerala Blasters,Mumbai United,Neutral,Clear,5,2,35,7,1,21,5,1,31971,65,Home Win,7,3,3,8,-30,30,2024,1,Thursday
MTC-20091,2024-01-19,Championship League,Goa Sharks,Delhi Dynamos,Home,Rainy,0,2,62,4,5,24,2,0,3754,38,Away Win,2,-2,2,9,24,24,2024,1,Friday
MTC-20495,2024-01-20,Championship League,Hyderabad Falcons,Chennai Titans,Home,Windy,4,2,40,12,12,15,3,0,42762,60,Home Win,6,2,2,24,-20,20,2024,1,Saturday
MTC-21472,2024-01-20,Premier Division,Jaipur Lions,Delhi Dynamos,Neutral,Windy,1,1,60,10,8,16,3,0,27502,40,Draw,2,0,0,18,20,20,2024,1,Saturday
MTC-20562,2024-01-21,Premier Division,Chennai Titans,Mumbai United,Neutral,Rainy,5,2,68,13,11,12,4,1,57964,32,Home Win,7,3,3,24,36,36,2024,1,Sunday
MTC-21359,2024-01-21,Cup Series,Kerala Blasters,Kolkata Strikers,Home,Cloudy,5,3,30,11,4,11,5,0,49500,70,Home Win,8,2,2,15,-40,40,2024,1,Sunday
MTC-21357,2024-01-21,Championship League,Kerala Blasters,Bengaluru FC,Neutral,Rainy,3,1,43,3,12,20,2,1,11564,57,Home Win,4,2,2,15,-14,14,2024,1,Sunday
MTC-21186,2024-01-22,Premier Division,Kerala Blasters,Kolkata Strikers,Home,Cloudy,1,4,31,8,0,23,1,0,59206,69,Away Win,5,-3,3,8,-38,38,2024,1,Monday
MTC-23076,2024-01-22,Premier Division,Hyderabad Falcons,Pune Warriors,Neutral,Cloudy,1,3,33,12,6,18,4,1,14891,67,Away Win,4,-2,2,18,-34,34,2024,1,Monday
MTC-22039,2024-01-22,Cup Series,Bengaluru FC,Pune Warriors,Neutral,Rainy,3,1,70,12,3,21,0,1,6657,30,Home Win,4,2,2,15,40,40,2024,1,Monday
MTC-20453,2024-01-22,Championship League,Hyderabad Falcons,Delhi Dynamos,Away,Clear,4,5,46,0,12,17,6,0,29094,54,Away Win,9,-1,1,12,-8,8,2024,1,Monday
MTC-22722,2024-01-22,Premier Division,Jaipur Lions,Hyderabad Falcons,Neutral,Cloudy,4,0,34,5,10,21,6,1,24890,66,Home Win,4,4,4,15,-32,32,2024,1,Monday
MTC-23396,2024-01-23,Championship League,Delhi Dynamos,Kolkata Strikers,Neutral,Clear,2,1,66,9,7,17,0,1,15041,34,Home Win,3,1,1,16,32,32,2024,1,Tuesday
MTC-22444,2024-01-23,Championship League,Hyderabad Falcons,Kolkata Strikers,Away,Windy,2,1,52,7,1,19,0,0,43120,48,Home Win,3,1,1,8,4,4,2024,1,Tuesday
MTC-20100,2024-01-23,Premier Division,Hyderabad Falcons,Chennai Titans,Neutral,Cloudy,2,1,66,9,0,6,2,0,58529,34,Home Win,3,1,1,9,32,32,2024,1,Tuesday
MTC-20138,2024-01-24,Championship League,Jaipur Lions,Goa Sharks,Home,Cloudy,3,0,34,14,2,17,3,1,34490,66,Home Win,3,3,3,16,-32,32,2024,1,Wednesday
MTC-22690,2024-01-24,Premier Division,Mumbai United,Delhi Dynamos,Home,Clear,4,4,47,6,6,16,6,0,50198,53,Draw,8,0,0,12,-6,6,2024,1,Wednesday
MTC-22300,2024-01-24,Cup Series,Kolkata Strikers,Pune Warriors,Home,Rainy,3,1,65,12,0,21,6,1,40116,35,Home Win,4,2,2,12,30,30,2024,1,Wednesday
MTC-21214,2024-01-24,Premier Division,Jaipur Lions,Kolkata Strikers,Neutral,Cloudy,2,3,64,11,8,23,6,0,63883,36,Away Win,5,-1,1,19,28,28,2024,1,Wednesday
MTC-20697,2024-01-24,Cup Series,Bengaluru FC,Hyderabad Falcons,Neutral,Rainy,5,5,56,13,7,6,6,1,30465,44,Draw,10,0,0,20,12,12,2024,1,Wednesday
MTC-23250,2024-01-24,Cup Series,Kerala Blasters,Chennai Titans,Home,Clear,4,4,70,6,0,12,6,1,17977,30,Draw,8,0,0,6,40,40,2024,1,Wednesday
MTC-22361,2024-01-24,Premier Division,Kolkata Strikers,Pune Warriors,Away,Rainy,1,2,70,12,14,7,5,0,18041,30,Away Win,3,-1,1,26,40,40,2024,1,Wednesday
MTC-20278,2024-01-24,Cup Series,Kerala Blasters,Pune Warriors,Neutral,Clear,3,0,58,11,9,22,2,1,28093,42,Home Win,3,3,3,20,16,16,2024,1,Wednesday
MTC-23287,2024-01-24,Premier Division,Pune Warriors,Bengaluru FC,Home,Windy,3,3,52,11,11,14,0,1,33900,48,Draw,6,0,0,22,4,4,2024,1,Wednesday
MTC-23471,2024-01-25,Cup Series,Kolkata Strikers,Delhi Dynamos,Neutral,Clear,3,0,33,1,6,16,3,1,25055,67,Home Win,3,3,3,7,-34,34,2024,1,Thursday
MTC-22533,2024-01-25,Championship League,Goa Sharks,Kerala Blasters,Home,Rainy,1,5,52,11,4,17,4,1,38520,48,Away Win,6,-4,4,15,4,4,2024,1,Thursday
MTC-21160,2024-01-25,Premier Division,Delhi Dynamos,Goa Sharks,Home,Windy,1,0,45,6,9,9,4,1,18697,55,Home Win,1,1,1,15,-10,10,2024,1,Thursday
MTC-20277,2024-01-26,Championship League,Pune Warriors,Chennai Titans,Home,Cloudy,3,4,36,4,10,8,6,1,8758,64,Away Win,7,-1,1,14,-28,28,2024,1,Friday
MTC-20250,2024-01-26,Premier Division,Bengaluru FC,Kerala Blasters,Away,Cloudy,2,3,55,12,6,19,1,0,18673,45,Away Win,5,-1,1,18,10,10,2024,1,Friday
MTC-22860,2024-01-26,Championship League,Mumbai United,Jaipur Lions,Neutral,Cloudy,0,5,46,14,5,19,3,1,8102,54,Away Win,5,-5,5,19,-8,8,2024,1,Friday
MTC-21743,2024-01-26,Cup Series,Mumbai United,Hyderabad Falcons,Home,Clear,3,2,61,12,9,23,3,0,15393,39,Home Win,5,1,1,21,22,22,2024,1,Friday
MTC-23084,2024-01-26,Championship League,Hyderabad Falcons,Kerala Blasters,Neutral,Windy,5,2,67,14,2,23,1,0,6373,33,Home Win,7,3,3,16,34,34,2024,1,Friday
MTC-23197,2024-01-26,Premier Division,Bengaluru FC,Kerala Blasters,Away,Clear,2,3,43,10,6,11,5,0,35178,57,Away Win,5,-1,1,16,-14,14,2024,1,Friday
MTC-21485,2024-01-27,Cup Series,Goa Sharks,Mumbai United,Home,Windy,5,3,47,2,6,13,4,0,39737,53,Home Win,8,2,2,8,-6,6,2024,1,Saturday
MTC-20196,2024-01-27,Cup Series,Kerala Blasters,Kolkata Strikers,Away,Windy,0,2,32,14,1,14,1,0,40769,68,Away Win,2,-2,2,15,-36,36,2024,1,Saturday
MTC-20764,2024-01-27,Premier Division,Chennai Titans,Delhi Dynamos,Away,Cloudy,2,1,57,13,9,10,4,1,64747,43,Home Win,3,1,1,22,14,14,2024,1,Saturday
MTC-22620,2024-01-27,Championship League,Bengaluru FC,Jaipur Lions,Home,Clear,1,4,58,0,1,15,3,0,17809,42,Away Win,5,-3,3,1,16,16,2024,1,Saturday
MTC-22947,2024-01-27,Cup Series,Goa Sharks,Pune Warriors,Neutral,Windy,4,4,51,4,10,19,3,0,20266,49,Draw,8,0,0,14,2,2,2024,1,Saturday
MTC-21937,2024-01-27,Championship League,Bengaluru FC,Hyderabad Falcons,Home,Cloudy,5,2,63,2,1,23,6,0,2792,37,Home Win,7,3,3,3,26,26,2024,1,Saturday
MTC-20924,2024-01-28,Premier Division,Kerala Blasters,Hyderabad Falcons,Neutral,Clear,3,0,31,7,1,20,3,0,46972,69,Home Win,3,3,3,8,-38,38,2024,1,Sunday
MTC-21170,2024-01-28,Cup Series,Kerala Blasters,Mumbai United,Neutral,Clear,0,1,53,8,9,13,5,0,36541,47,Away Win,1,-1,1,17,6,6,2024,1,Sunday
MTC-23621,2024-01-28,Championship League,Chennai Titans,Jaipur Lions,Away,Cloudy,1,0,66,9,10,11,0,0,54929,34,Home Win,1,1,1,19,32,32,2024,1,Sunday
MTC-22568,2024-01-28,Championship League,Goa Sharks,Bengaluru FC,Home,Windy,3,5,44,1,3,21,4,0,10376,56,Away Win,8,-2,2,4,-12,12,2024,1,Sunday
MTC-21032,2024-01-29,Championship League,Bengaluru FC,Mumbai United,Away,Rainy,4,1,63,9,13,22,1,1,45481,37,Home Win,5,3,3,22,26,26,2024,1,Monday
MTC-22819,2024-01-29,Championship League,Goa Sharks,Chennai Titans,Neutral,Windy,4,4,51,5,14,21,5,1,16208,49,Draw,8,0,0,19,2,2,2024,1,Monday
MTC-22534,2024-01-29,Cup Series,Delhi Dynamos,Mumbai United,Neutral,Cloudy,5,4,37,14,11,10,2,0,19015,63,Home Win,9,1,1,25,-26,26,2024,1,Monday
MTC-21480,2024-01-29,Premier Division,Kerala Blasters,Bengaluru FC,Away,Clear,5,5,49,2,10,5,3,0,6108,51,Draw,10,0,0,12,-2,2,2024,1,Monday
MTC-21824,2024-01-29,Cup Series,Jaipur Lions,Chennai Titans,Neutral,Rainy,4,4,58,9,7,10,1,0,47785,42,Draw,8,0,0,16,16,16,2024,1,Monday
MTC-22916,2024-01-29,Championship League,Hyderabad Falcons,Pune Warriors,Home,Rainy,0,5,55,4,1,17,2,1,2166,45,Away Win,5,-5,5,5,10,10,2024,1,Monday
MTC-23576,2024-01-29,Championship League,Bengaluru FC,Delhi Dynamos,Away,Windy,5,2,66,14,0,20,3,0,23731,34,Home Win,7,3,3,14,32,32,2024,1,Monday
MTC-21602,2024-01-31,Championship League,Hyderabad Falcons,Kerala Blasters,Away,Windy,3,3,46,1,5,18,1,1,56481,54,Draw,6,0,0,6,-8,8,2024,1,Wednesday
MTC-22244,2024-01-31,Championship League,Bengaluru FC,Mumbai United,Home,Clear,5,5,69,1,5,18,4,0,41038,31,Draw,10,0,0,6,38,38,2024,1,Wednesday
MTC-22953,2024-01-31,Premier Division,Kolkata Strikers,Chennai Titans,Away,Rainy,2,0,55,8,0,5,2,0,22072,45,Home Win,2,2,2,8,10,10,2024,1,Wednesday
MTC-20696,2024-01-31,Championship League,Hyderabad Falcons,Bengaluru FC,Home,Windy,1,4,53,2,5,7,5,1,5330,47,Away Win,5,-3,3,7,6,6,2024,1,Wednesday
MTC-23086,2024-01-31,Championship League,Hyderabad Falcons,Kolkata Strikers,Home,Rainy,3,2,60,1,4,19,4,1,29788,40,Home Win,5,1,1,5,20,20,2024,1,Wednesday
MTC-23258,2024-01-31,Premier Division,Pune Warriors,Bengaluru FC,Neutral,Clear,5,0,38,4,11,16,6,1,31873,62,Home Win,5,5,5,15,-24,24,2024,1,Wednesday
MTC-21448,2024-01-31,Cup Series,Chennai Titans,Kerala Blasters,Home,Rainy,0,2,35,11,10,22,5,1,18295,65,Away Win,2,-2,2,21,-30,30,2024,1,Wednesday
MTC-22387,2024-01-31,Cup Series,Chennai Titans,Delhi Dynamos,Away,Clear,3,1,33,9,4,14,4,1,46275,67,Home Win,4,2,2,13,-34,34,2024,1,Wednesday
MTC-22375,2024-02-01,Premier Division,Kolkata Strikers,Goa Sharks,Away,Clear,3,3,35,9,8,15,2,0,46286,65,Draw,6,0,0,17,-30,30,2024,2,Thursday
MTC-21676,2024-02-01,Premier Division,Chennai Titans,Mumbai United,Home,Cloudy,2,5,31,1,9,20,3,1,46544,69,Away Win,7,-3,3,10,-38,38,2024,2,Thursday
MTC-22807,2024-02-01,Championship League,Kerala Blasters,Chennai Titans,Neutral,Windy,4,2,60,8,12,7,0,0,43535,40,Home Win,6,2,2,20,20,20,2024,2,Thursday
MTC-22041,2024-02-02,Cup Series,Hyderabad Falcons,Jaipur Lions,Away,Windy,0,2,60,8,3,11,1,0,64164,40,Away Win,2,-2,2,11,20,20,2024,2,Friday
MTC-22576,2024-02-02,Championship League,Delhi Dynamos,Pune Warriors,Neutral,Rainy,3,4,40,5,8,24,6,0,63224,60,Away Win,7,-1,1,13,-20,20,2024,2,Friday
MTC-23605,2024-02-02,Championship League,Hyderabad Falcons,Chennai Titans,Home,Cloudy,1,1,35,8,2,18,5,0,7344,65,Draw,2,0,0,10,-30,30,2024,2,Friday
MTC-22571,2024-02-03,Cup Series,Kerala Blasters,Bengaluru FC,Neutral,Rainy,4,4,69,13,5,23,1,1,34669,31,Draw,8,0,0,18,38,38,2024,2,Saturday
MTC-20205,2024-02-03,Cup Series,Kolkata Strikers,Jaipur Lions,Neutral,Cloudy,0,5,65,2,0,15,1,0,38905,35,Away Win,5,-5,5,2,30,30,2024,2,Saturday
MTC-20036,2024-02-03,Premier Division,Goa Sharks,Kerala Blasters,Neutral,Clear,4,3,55,2,2,13,3,1,19233,45,Home Win,7,1,1,4,10,10,2024,2,Saturday
MTC-22433,2024-02-03,Premier Division,Kerala Blasters,Goa Sharks,Neutral,Cloudy,4,4,62,8,4,13,0,1,8317,38,Draw,8,0,0,12,24,24,2024,2,Saturday
MTC-20499,2024-02-03,Championship League,Chennai Titans,Jaipur Lions,Home,Cloudy,1,5,32,4,14,22,1,0,24446,68,Away Win,6,-4,4,18,-36,36,2024,2,Saturday
MTC-20088,2024-02-03,Cup Series,Goa Sharks,Bengaluru FC,Neutral,Cloudy,5,3,44,0,8,5,1,0,14328,56,Home Win,8,2,2,8,-12,12,2024,2,Saturday
MTC-20671,2024-02-04,Cup Series,Bengaluru FC,Jaipur Lions,Away,Rainy,4,4,32,14,12,15,5,1,55767,68,Draw,8,0,0,26,-36,36,2024,2,Sunday
MTC-22460,2024-02-04,Premier Division,Bengaluru FC,Mumbai United,Away,Rainy,5,3,40,12,2,23,2,1,36685,60,Home Win,8,2,2,14,-20,20,2024,2,Sunday
MTC-23563,2024-02-04,Cup Series,Bengaluru FC,Kolkata Strikers,Home,Rainy,2,0,43,1,12,18,1,0,64765,57,Home Win,2,2,2,13,-14,14,2024,2,Sunday
MTC-23040,2024-02-04,Premier Division,Kerala Blasters,Delhi Dynamos,Home,Cloudy,1,1,70,0,9,8,2,1,54983,30,Draw,2,0,0,9,40,40,2024,2,Sunday
MTC-22124,2024-02-04,Premier Division,Kerala Blasters,Pune Warriors,Away,Clear,5,0,39,10,11,20,6,0,32139,61,Home Win,5,5,5,21,-22,22,2024,2,Sunday
MTC-21238,2024-02-05,Championship League,Mumbai United,Pune Warriors,Away,Clear,2,2,47,3,4,21,0,1,16358,53,Draw,4,0,0,7,-6,6,2024,2,Monday
MTC-21835,2024-02-05,Cup Series,Jaipur Lions,Hyderabad Falcons,Away,Clear,5,0,62,10,8,15,2,1,5169,38,Home Win,5,5,5,18,24,24,2024,2,Monday
MTC-21405,2024-02-05,Cup Series,Pune Warriors,Kolkata Strikers,Away,Cloudy,2,3,62,7,11,13,0,1,24348,38,Away Win,5,-1,1,18,24,24,2024,2,Monday
MTC-20861,2024-02-05,Premier Division,Goa Sharks,Delhi Dynamos,Home,Clear,0,5,45,2,3,21,1,0,57194,55,Away Win,5,-5,5,5,-10,10,2024,2,Monday
MTC-22341,2024-02-06,Premier Division,Mumbai United,Bengaluru FC,Neutral,Clear,4,5,40,3,5,20,1,1,8674,60,Away Win,9,-1,1,8,-20,20,2024,2,Tuesday
MTC-22485,2024-02-06,Championship League,Kolkata Strikers,Hyderabad Falcons,Away,Windy,5,0,68,10,9,20,3,1,38953,32,Home Win,5,5,5,19,36,36,2024,2,Tuesday
MTC-20054,2024-02-06,Premier Division,Kerala Blasters,Bengaluru FC,Neutral,Clear,3,2,45,2,0,8,0,0,2405,55,Home Win,5,1,1,2,-10,10,2024,2,Tuesday
MTC-20832,2024-02-07,Cup Series,Bengaluru FC,Hyderabad Falcons,Away,Clear,3,1,58,9,4,14,6,0,44939,42,Home Win,4,2,2,13,16,16,2024,2,Wednesday
MTC-21673,2024-02-07,Cup Series,Hyderabad Falcons,Jaipur Lions,Away,Cloudy,3,4,46,4,3,7,2,1,19968,54,Away Win,7,-1,1,7,-8,8,2024,2,Wednesday
MTC-22965,2024-02-07,Premier Division,Bengaluru FC,Jaipur Lions,Home,Windy,0,4,60,4,4,5,2,0,28881,40,Away Win,4,-4,4,8,20,20,2024,2,Wednesday
MTC-20578,2024-02-07,Cup Series,Hyderabad Falcons,Kerala Blasters,Home,Rainy,4,1,57,2,6,16,1,0,48388,43,Home Win,5,3,3,8,14,14,2024,2,Wednesday
MTC-21688,2024-02-08,Premier Division,Hyderabad Falcons,Delhi Dynamos,Neutral,Windy,0,3,69,5,4,21,6,1,26676,31,Away Win,3,-3,3,9,38,38,2024,2,Thursday
MTC-23326,2024-02-08,Championship League,Hyderabad Falcons,Delhi Dynamos,Neutral,Clear,1,3,61,8,7,15,5,0,54583,39,Away Win,4,-2,2,15,22,22,2024,2,Thursday
MTC-21589,2024-02-08,Cup Series,Mumbai United,Chennai Titans,Away,Cloudy,4,0,70,7,3,15,4,1,24349,30,Home Win,4,4,4,10,40,40,2024,2,Thursday
MTC-20692,2024-02-08,Cup Series,Bengaluru FC,Kolkata Strikers,Home,Windy,5,5,47,5,5,14,5,0,54752,53,Draw,10,0,0,10,-6,6,2024,2,Thursday
MTC-22436,2024-02-08,Premier Division,Jaipur Lions,Kolkata Strikers,Away,Cloudy,2,2,46,14,8,22,1,1,28140,54,Draw,4,0,0,22,-8,8,2024,2,Thursday
MTC-23251,2024-02-09,Premier Division,Delhi Dynamos,Goa Sharks,Away,Cloudy,0,2,61,10,6,19,1,0,14509,39,Away Win,2,-2,2,16,22,22,2024,2,Friday
MTC-21401,2024-02-09,Cup Series,Pune Warriors,Goa Sharks,Home,Rainy,2,3,56,14,11,8,3,0,60344,44,Away Win,5,-1,1,25,12,12,2024,2,Friday
MTC-23073,2024-02-10,Cup Series,Kolkata Strikers,Goa Sharks,Home,Clear,0,1,70,9,3,18,2,0,20097,30,Away Win,1,-1,1,12,40,40,2024,2,Saturday
MTC-23460,2024-02-10,Premier Division,Goa Sharks,Kerala Blasters,Neutral,Rainy,3,4,36,10,0,10,0,0,35038,64,Away Win,7,-1,1,10,-28,28,2024,2,Saturday
MTC-23256,2024-02-10,Championship League,Pune Warriors,Kolkata Strikers,Home,Windy,1,4,66,5,11,9,3,1,19593,34,Away Win,5,-3,3,16,32,32,2024,2,Saturday
MTC-22101,2024-02-11,Premier Division,Delhi Dynamos,Goa Sharks,Neutral,Windy,5,3,47,10,8,19,4,0,20268,53,Home Win,8,2,2,18,-6,6,2024,2,Sunday
MTC-21656,2024-02-11,Premier Division,Pune Warriors,Goa Sharks,Away,Clear,4,2,53,1,14,17,4,1,38109,47,Home Win,6,2,2,15,6,6,2024,2,Sunday
MTC-22824,2024-02-11,Cup Series,Pune Warriors,Chennai Titans,Home,Rainy,5,0,37,7,4,19,5,0,39708,63,Home Win,5,5,5,11,-26,26,2024,2,Sunday
MTC-22934,2024-02-11,Premier Division,Kerala Blasters,Delhi Dynamos,Neutral,Cloudy,2,4,52,0,12,8,5,0,41762,48,Away Win,6,-2,2,12,4,4,2024,2,Sunday
MTC-22738,2024-02-11,Cup Series,Bengaluru FC,Hyderabad Falcons,Away,Windy,4,2,35,14,14,7,3,0,33202,65,Home Win,6,2,2,28,-30,30,2024,2,Sunday
MTC-22873,2024-02-11,Cup Series,Kolkata Strikers,Hyderabad Falcons,Home,Windy,4,3,59,10,6,13,5,0,57288,41,Home Win,7,1,1,16,18,18,2024,2,Sunday
MTC-21631,2024-02-11,Championship League,Goa Sharks,Bengaluru FC,Away,Windy,1,1,39,12,5,20,2,1,6918,61,Draw,2,0,0,17,-22,22,2024,2,Sunday
MTC-22658,2024-02-12,Cup Series,Chennai Titans,Mumbai United,Away,Windy,4,2,62,9,9,16,2,0,36081,38,Home Win,6,2,2,18,24,24,2024,2,Monday
MTC-23041,2024-02-12,Premier Division,Mumbai United,Hyderabad Falcons,Away,Clear,1,5,60,8,5,20,1,0,16459,40,Away Win,6,-4,4,13,20,20,2024,2,Monday
MTC-20340,2024-02-12,Premier Division,Goa Sharks,Delhi Dynamos,Away,Cloudy,3,1,70,1,5,5,1,0,10895,30,Home Win,4,2,2,6,40,40,2024,2,Monday
MTC-22683,2024-02-13,Premier Division,Hyderabad Falcons,Pune Warriors,Neutral,Rainy,2,0,50,7,9,7,6,0,22740,50,Home Win,2,2,2,16,0,0,2024,2,Tuesday
MTC-21577,2024-02-13,Premier Division,Mumbai United,Bengaluru FC,Neutral,Rainy,0,5,30,4,3,12,4,0,23595,70,Away Win,5,-5,5,7,-40,40,2024,2,Tuesday
MTC-20303,2024-02-13,Premier Division,Kerala Blasters,Hyderabad Falcons,Home,Windy,3,4,45,2,4,14,5,0,17293,55,Away Win,7,-1,1,6,-10,10,2024,2,Tuesday
MTC-22367,2024-02-13,Championship League,Hyderabad Falcons,Pune Warriors,Neutral,Clear,5,2,62,7,14,8,5,0,39965,38,Home Win,7,3,3,21,24,24,2024,2,Tuesday
MTC-22015,2024-02-14,Cup Series,Delhi Dynamos,Kerala Blasters,Neutral,Clear,1,3,40,7,0,10,6,0,8901,60,Away Win,4,-2,2,7,-20,20,2024,2,Wednesday
MTC-20262,2024-02-14,Championship League,Kerala Blasters,Kolkata Strikers,Home,Clear,1,2,35,6,7,6,2,0,8593,65,Away Win,3,-1,1,13,-30,30,2024,2,Wednesday
MTC-22918,2024-02-14,Premier Division,Mumbai United,Hyderabad Falcons,Home,Rainy,1,2,46,7,14,22,2,1,48219,54,Away Win,3,-1,1,21,-8,8,2024,2,Wednesday
MTC-22833,2024-02-14,Premier Division,Chennai Titans,Delhi Dynamos,Neutral,Rainy,4,1,43,2,14,15,2,0,27741,57,Home Win,5,3,3,16,-14,14,2024,2,Wednesday
MTC-20300,2024-02-15,Cup Series,Goa Sharks,Bengaluru FC,Home,Cloudy,3,1,57,7,6,14,4,1,61130,43,Home Win,4,2,2,13,14,14,2024,2,Thursday
MTC-22194,2024-02-15,Cup Series,Kerala Blasters,Delhi Dynamos,Away,Cloudy,3,4,62,11,13,10,0,1,54478,38,Away Win,7,-1,1,24,24,24,2024,2,Thursday
MTC-20070,2024-02-15,Cup Series,Kerala Blasters,Pune Warriors,Home,Windy,0,4,32,1,13,20,0,0,14721,68,Away Win,4,-4,4,14,-36,36,2024,2,Thursday
MTC-22408,2024-02-16,Championship League,Kolkata Strikers,Goa Sharks,Home,Windy,5,4,43,4,1,6,3,0,39388,57,Home Win,9,1,1,5,-14,14,2024,2,Friday
MTC-22196,2024-02-17,Championship League,Mumbai United,Chennai Titans,Away,Cloudy,5,2,35,7,2,5,6,0,49098,65,Home Win,7,3,3,9,-30,30,2024,2,Saturday
MTC-23458,2024-02-17,Premier Division,Kerala Blasters,Pune Warriors,Neutral,Cloudy,1,5,37,12,2,6,2,1,61813,63,Away Win,6,-4,4,14,-26,26,2024,2,Saturday
MTC-21553,2024-02-17,Premier Division,Kolkata Strikers,Kerala Blasters,Home,Cloudy,2,3,50,3,5,20,5,1,58291,50,Away Win,5,-1,1,8,0,0,2024,2,Saturday
MTC-22882,2024-02-17,Cup Series,Delhi Dynamos,Chennai Titans,Neutral,Rainy,3,2,41,2,8,23,5,0,2332,59,Home Win,5,1,1,10,-18,18,2024,2,Saturday
MTC-21303,2024-02-18,Premier Division,Bengaluru FC,Hyderabad Falcons,Neutral,Rainy,0,4,64,0,11,15,0,0,49811,36,Away Win,4,-4,4,11,28,28,2024,2,Sunday
MTC-22599,2024-02-18,Premier Division,Kerala Blasters,Kolkata Strikers,Home,Rainy,5,4,69,2,14,7,1,0,55396,31,Home Win,9,1,1,16,38,38,2024,2,Sunday
MTC-22719,2024-02-18,Cup Series,Delhi Dynamos,Chennai Titans,Away,Rainy,3,0,33,6,14,17,0,0,19529,67,Home Win,3,3,3,20,-34,34,2024,2,Sunday
MTC-22277,2024-02-18,Championship League,Kerala Blasters,Goa Sharks,Home,Clear,4,4,56,6,0,22,4,0,13391,44,Draw,8,0,0,6,12,12,2024,2,Sunday
MTC-23676,2024-02-18,Cup Series,Pune Warriors,Goa Sharks,Home,Cloudy,1,4,42,7,3,19,2,0,44342,58,Away Win,5,-3,3,10,-16,16,2024,2,Sunday
MTC-21380,2024-02-18,Cup Series,Jaipur Lions,Goa Sharks,Home,Rainy,4,1,38,13,12,8,2,1,54899,62,Home Win,5,3,3,25,-24,24,2024,2,Sunday
MTC-22184,2024-02-19,Premier Division,Delhi Dynamos,Chennai Titans,Away,Clear,4,4,45,0,13,13,1,1,36683,55,Draw,8,0,0,13,-10,10,2024,2,Monday
MTC-22682,2024-02-19,Premier Division,Hyderabad Falcons,Jaipur Lions,Home,Clear,5,0,63,4,13,8,3,0,45996,37,Home Win,5,5,5,17,26,26,2024,2,Monday
MTC-21670,2024-02-19,Championship League,Bengaluru FC,Kerala Blasters,Neutral,Cloudy,1,3,44,10,2,23,4,1,9359,56,Away Win,4,-2,2,12,-12,12,2024,2,Monday
MTC-20111,2024-02-19,Premier Division,Delhi Dynamos,Chennai Titans,Away,Clear,3,1,39,8,1,12,2,0,47166,61,Home Win,4,2,2,9,-22,22,2024,2,Monday
MTC-22505,2024-02-20,Cup Series,Pune Warriors,Bengaluru FC,Neutral,Windy,2,1,45,8,2,24,6,1,54873,55,Home Win,3,1,1,10,-10,10,2024,2,Tuesday
MTC-21784,2024-02-20,Premier Division,Kolkata Strikers,Chennai Titans,Neutral,Windy,1,3,66,5,7,17,4,0,61252,34,Away Win,4,-2,2,12,32,32,2024,2,Tuesday
MTC-23058,2024-02-20,Championship League,Pune Warriors,Mumbai United,Away,Cloudy,5,0,63,6,12,13,6,1,44294,37,Home Win,5,5,5,18,26,26,2024,2,Tuesday
MTC-23597,2024-02-21,Cup Series,Kerala Blasters,Delhi Dynamos,Neutral,Cloudy,2,4,50,11,12,11,6,0,21510,50,Away Win,6,-2,2,23,0,0,2024,2,Wednesday
MTC-21011,2024-02-21,Cup Series,Kolkata Strikers,Delhi Dynamos,Neutral,Rainy,1,3,48,5,13,14,0,1,16811,52,Away Win,4,-2,2,18,-4,4,2024,2,Wednesday
MTC-21969,2024-02-21,Cup Series,Kerala Blasters,Goa Sharks,Home,Cloudy,5,0,44,4,10,24,6,1,47145,56,Home Win,5,5,5,14,-12,12,2024,2,Wednesday
MTC-22182,2024-02-21,Premier Division,Kerala Blasters,Mumbai United,Away,Rainy,2,1,67,9,6,11,5,1,64564,33,Home Win,3,1,1,15,34,34,2024,2,Wednesday
MTC-21849,2024-02-22,Cup Series,Kolkata Strikers,Kerala Blasters,Away,Windy,0,5,35,6,11,6,6,1,32059,65,Away Win,5,-5,5,17,-30,30,2024,2,Thursday
MTC-23370,2024-02-22,Cup Series,Mumbai United,Hyderabad Falcons,Away,Cloudy,5,4,64,1,2,8,1,1,22466,36,Home Win,9,1,1,3,28,28,2024,2,Thursday
MTC-20331,2024-02-22,Championship League,Kolkata Strikers,Pune Warriors,Home,Cloudy,5,1,51,4,6,18,6,0,14978,49,Home Win,6,4,4,10,2,2,2024,2,Thursday
MTC-22421,2024-02-22,Premier Division,Goa Sharks,Kolkata Strikers,Neutral,Cloudy,1,3,70,12,3,24,5,0,7213,30,Away Win,4,-2,2,15,40,40,2024,2,Thursday
MTC-23627,2024-02-23,Premier Division,Bengaluru FC,Hyderabad Falcons,Home,Windy,1,2,70,5,13,18,4,0,23830,30,Away Win,3,-1,1,18,40,40,2024,2,Friday
MTC-23417,2024-02-23,Premier Division,Mumbai United,Jaipur Lions,Neutral,Rainy,2,4,56,11,8,17,2,1,30229,44,Away Win,6,-2,2,19,12,12,2024,2,Friday
MTC-20603,2024-02-23,Premier Division,Delhi Dynamos,Chennai Titans,Neutral,Windy,0,1,66,11,3,16,1,1,45977,34,Away Win,1,-1,1,14,32,32,2024,2,Friday
MTC-21435,2024-02-23,Premier Division,Pune Warriors,Kolkata Strikers,Neutral,Clear,3,3,40,8,7,21,6,0,23865,60,Draw,6,0,0,15,-20,20,2024,2,Friday
MTC-23425,2024-02-23,Championship League,Goa Sharks,Jaipur Lions,Neutral,Cloudy,1,3,52,3,5,12,5,1,51152,48,Away Win,4,-2,2,8,4,4,2024,2,Friday
MTC-21165,2024-02-23,Cup Series,Delhi Dynamos,Mumbai United,Neutral,Cloudy,2,3,30,12,6,20,2,0,39796,70,Away Win,5,-1,1,18,-40,40,2024,2,Friday
MTC-21917,2024-02-24,Championship League,Pune Warriors,Mumbai United,Home,Rainy,0,2,49,9,7,11,4,1,49275,51,Away Win,2,-2,2,16,-2,2,2024,2,Saturday
MTC-20290,2024-02-24,Cup Series,Goa Sharks,Bengaluru FC,Neutral,Rainy,2,0,70,13,4,20,0,0,58073,30,Home Win,2,2,2,17,40,40,2024,2,Saturday
MTC-22983,2024-02-24,Championship League,Chennai Titans,Kerala Blasters,Away,Rainy,1,5,35,14,13,21,1,0,39798,65,Away Win,6,-4,4,27,-30,30,2024,2,Saturday
MTC-21981,2024-02-24,Championship League,Hyderabad Falcons,Bengaluru FC,Away,Cloudy,3,0,38,4,4,17,5,1,47397,62,Home Win,3,3,3,8,-24,24,2024,2,Saturday
MTC-21283,2024-02-24,Championship League,Goa Sharks,Hyderabad Falcons,Away,Cloudy,1,2,56,3,3,12,5,1,61823,44,Away Win,3,-1,1,6,12,12,2024,2,Saturday
MTC-21257,2024-02-25,Championship League,Pune Warriors,Delhi Dynamos,Neutral,Clear,1,2,37,13,5,19,3,1,19731,63,Away Win,3,-1,1,18,-26,26,2024,2,Sunday
MTC-20077,2024-02-25,Championship League,Kerala Blasters,Hyderabad Falcons,Away,Clear,4,1,47,14,5,16,3,0,44485,53,Home Win,5,3,3,19,-6,6,2024,2,Sunday
MTC-21220,2024-02-25,Cup Series,Kolkata Strikers,Delhi Dynamos,Away,Clear,4,4,65,0,5,15,3,0,57238,35,Draw,8,0,0,5,30,30,2024,2,Sunday
MTC-21328,2024-02-25,Premier Division,Goa Sharks,Delhi Dynamos,Home,Rainy,3,2,42,7,0,17,5,0,23392,58,Home Win,5,1,1,7,-16,16,2024,2,Sunday
MTC-23481,2024-02-25,Championship League,Hyderabad Falcons,Delhi Dynamos,Away,Cloudy,1,4,36,2,7,6,2,0,8396,64,Away Win,5,-3,3,9,-28,28,2024,2,Sunday
MTC-21827,2024-02-26,Cup Series,Kolkata Strikers,Bengaluru FC,Away,Rainy,4,4,49,1,6,16,1,1,51569,51,Draw,8,0,0,7,-2,2,2024,2,Monday
MTC-23331,2024-02-26,Premier Division,Kolkata Strikers,Bengaluru FC,Home,Clear,2,3,37,2,11,14,0,1,46328,63,Away Win,5,-1,1,13,-26,26,2024,2,Monday
MTC-21000,2024-02-26,Premier Division,Jaipur Lions,Delhi Dynamos,Home,Windy,3,3,67,0,8,18,0,1,18116,33,Draw,6,0,0,8,34,34,2024,2,Monday
MTC-23389,2024-02-26,Cup Series,Bengaluru FC,Chennai Titans,Away,Cloudy,2,2,48,1,1,11,1,1,47226,52,Draw,4,0,0,2,-4,4,2024,2,Monday
MTC-20434,2024-02-26,Championship League,Kolkata Strikers,Bengaluru FC,Neutral,Clear,3,2,43,4,5,7,6,1,27805,57,Home Win,5,1,1,9,-14,14,2024,2,Monday
MTC-23486,2024-02-27,Premier Division,Bengaluru FC,Delhi Dynamos,Neutral,Windy,3,4,30,0,10,15,6,0,61847,70,Away Win,7,-1,1,10,-40,40,2024,2,Tuesday
MTC-21690,2024-02-27,Premier Division,Kerala Blasters,Bengaluru FC,Home,Rainy,0,3,63,3,0,15,1,0,63896,37,Away Win,3,-3,3,3,26,26,2024,2,Tuesday
MTC-22467,2024-02-28,Championship League,Jaipur Lions,Delhi Dynamos,Away,Cloudy,5,5,37,13,0,22,1,1,33133,63,Draw,10,0,0,13,-26,26,2024,2,Wednesday
MTC-22055,2024-02-28,Premier Division,Chennai Titans,Pune Warriors,Home,Cloudy,4,3,41,7,11,11,6,1,62387,59,Home Win,7,1,1,18,-18,18,2024,2,Wednesday
MTC-22024,2024-02-28,Premier Division,Jaipur Lions,Hyderabad Falcons,Neutral,Cloudy,5,3,32,6,2,24,1,1,29562,68,Home Win,8,2,2,8,-36,36,2024,2,Wednesday
MTC-21858,2024-02-28,Cup Series,Kerala Blasters,Delhi Dynamos,Away,Windy,2,4,64,14,14,6,5,1,54196,36,Away Win,6,-2,2,28,28,28,2024,2,Wednesday
MTC-20990,2024-02-28,Cup Series,Delhi Dynamos,Hyderabad Falcons,Home,Windy,2,3,66,0,9,16,2,0,52076,34,Away Win,5,-1,1,9,32,32,2024,2,Wednesday
MTC-22601,2024-02-29,Premier Division,Chennai Titans,Kerala Blasters,Away,Windy,0,2,52,13,11,22,5,1,10290,48,Away Win,2,-2,2,24,4,4,2024,2,Thursday
MTC-23612,2024-02-29,Premier Division,Jaipur Lions,Hyderabad Falcons,Home,Windy,3,2,47,8,5,11,1,1,52430,53,Home Win,5,1,1,13,-6,6,2024,2,Thursday
MTC-20123,2024-03-01,Cup Series,Hyderabad Falcons,Kolkata Strikers,Away,Rainy,4,2,60,9,6,17,2,1,28706,40,Home Win,6,2,2,15,20,20,2024,3,Friday
MTC-22034,2024-03-01,Cup Series,Bengaluru FC,Goa Sharks,Home,Cloudy,4,4,53,0,7,19,6,0,14506,47,Draw,8,0,0,7,6,6,2024,3,Friday
MTC-22546,2024-03-01,Cup Series,Hyderabad Falcons,Jaipur Lions,Home,Rainy,4,1,49,6,11,13,4,1,49363,51,Home Win,5,3,3,17,-2,2,2024,3,Friday
MTC-20880,2024-03-02,Cup Series,Goa Sharks,Pune Warriors,Away,Windy,0,0,46,10,6,16,1,0,7517,54,Draw,0,0,0,16,-8,8,2024,3,Saturday
MTC-20289,2024-03-02,Premier Division,Kolkata Strikers,Chennai Titans,Home,Clear,5,0,37,3,2,6,4,0,45634,63,Home Win,5,5,5,5,-26,26,2024,3,Saturday
MTC-21161,2024-03-02,Premier Division,Jaipur Lions,Hyderabad Falcons,Away,Clear,0,1,66,0,14,12,0,1,63744,34,Away Win,1,-1,1,14,32,32,2024,3,Saturday
MTC-20214,2024-03-02,Championship League,Bengaluru FC,Pune Warriors,Home,Windy,0,1,67,4,9,18,0,1,28248,33,Away Win,1,-1,1,13,34,34,2024,3,Saturday
MTC-21069,2024-03-02,Premier Division,Goa Sharks,Pune Warriors,Neutral,Cloudy,0,3,48,9,0,16,5,1,45688,52,Away Win,3,-3,3,9,-4,4,2024,3,Saturday
MTC-23554,2024-03-03,Championship League,Kerala Blasters,Bengaluru FC,Home,Cloudy,0,2,49,11,14,18,3,1,55630,51,Away Win,2,-2,2,25,-2,2,2024,3,Sunday
MTC-20950,2024-03-03,Cup Series,Kerala Blasters,Chennai Titans,Home,Clear,3,4,52,6,14,6,5,1,18074,48,Away Win,7,-1,1,20,4,4,2024,3,Sunday
MTC-22254,2024-03-03,Championship League,Kolkata Strikers,Chennai Titans,Neutral,Clear,3,3,51,1,12,6,5,0,41253,49,Draw,6,0,0,13,2,2,2024,3,Sunday
MTC-20677,2024-03-03,Premier Division,Kolkata Strikers,Kerala Blasters,Away,Windy,0,3,65,10,14,12,5,0,29816,35,Away Win,3,-3,3,24,30,30,2024,3,Sunday
MTC-21956,2024-03-04,Premier Division,Pune Warriors,Delhi Dynamos,Home,Clear,1,5,52,3,3,11,4,0,41396,48,Away Win,6,-4,4,6,4,4,2024,3,Monday
MTC-22794,2024-03-05,Cup Series,Hyderabad Falcons,Chennai Titans,Home,Windy,0,5,36,1,9,5,1,0,27851,64,Away Win,5,-5,5,10,-28,28,2024,3,Tuesday
MTC-20119,2024-03-05,Cup Series,Pune Warriors,Kolkata Strikers,Home,Clear,4,3,53,11,3,13,1,1,44291,47,Home Win,7,1,1,14,6,6,2024,3,Tuesday
MTC-21731,2024-03-05,Cup Series,Mumbai United,Kolkata Strikers,Away,Cloudy,0,2,49,9,11,15,3,1,32715,51,Away Win,2,-2,2,20,-2,2,2024,3,Tuesday
MTC-20171,2024-03-05,Premier Division,Hyderabad Falcons,Mumbai United,Away,Cloudy,5,5,38,7,9,7,5,1,55487,62,Draw,10,0,0,16,-24,24,2024,3,Tuesday
MTC-21352,2024-03-05,Premier Division,Chennai Titans,Jaipur Lions,Home,Rainy,4,5,47,11,10,18,5,0,8428,53,Away Win,9,-1,1,21,-6,6,2024,3,Tuesday
MTC-23721,2024-03-05,Championship League,Mumbai United,Delhi Dynamos,Away,Rainy,3,3,31,12,14,21,6,1,33675,69,Draw,6,0,0,26,-38,38,2024,3,Tuesday
MTC-21972,2024-03-06,Cup Series,Kolkata Strikers,Goa Sharks,Neutral,Rainy,0,2,51,14,9,19,5,0,39590,49,Away Win,2,-2,2,23,2,2,2024,3,Wednesday
MTC-22945,2024-03-06,Championship League,Bengaluru FC,Goa Sharks,Neutral,Clear,2,3,50,12,12,23,2,1,33146,50,Away Win,5,-1,1,24,0,0,2024,3,Wednesday
MTC-21202,2024-03-06,Championship League,Jaipur Lions,Hyderabad Falcons,Away,Clear,5,0,39,4,4,17,6,0,55117,61,Home Win,5,5,5,8,-22,22,2024,3,Wednesday
MTC-21730,2024-03-06,Cup Series,Jaipur Lions,Delhi Dynamos,Home,Windy,2,3,46,8,4,21,6,0,41246,54,Away Win,5,-1,1,12,-8,8,2024,3,Wednesday
MTC-20710,2024-03-06,Championship League,Delhi Dynamos,Mumbai United,Home,Windy,3,1,49,14,8,18,6,1,61885,51,Home Win,4,2,2,22,-2,2,2024,3,Wednesday
MTC-22216,2024-03-06,Premier Division,Chennai Titans,Kerala Blasters,Away,Windy,3,3,65,8,9,19,2,1,23838,35,Draw,6,0,0,17,30,30,2024,3,Wednesday
MTC-22156,2024-03-07,Premier Division,Kerala Blasters,Jaipur Lions,Neutral,Windy,5,5,43,4,7,18,0,0,49694,57,Draw,10,0,0,11,-14,14,2024,3,Thursday
MTC-23453,2024-03-07,Championship League,Chennai Titans,Hyderabad Falcons,Away,Windy,1,3,40,0,13,10,2,0,29117,60,Away Win,4,-2,2,13,-20,20,2024,3,Thursday
MTC-20782,2024-03-07,Premier Division,Bengaluru FC,Pune Warriors,Away,Cloudy,0,1,56,14,8,21,6,1,50479,44,Away Win,1,-1,1,22,12,12,2024,3,Thursday
MTC-22539,2024-03-07,Premier Division,Pune Warriors,Kerala Blasters,Away,Clear,4,0,61,12,6,10,3,1,7466,39,Home Win,4,4,4,18,22,22,2024,3,Thursday
MTC-20166,2024-03-08,Premier Division,Mumbai United,Kolkata Strikers,Home,Rainy,5,4,69,6,5,14,1,1,54228,31,Home Win,9,1,1,11,38,38,2024,3,Friday
MTC-22205,2024-03-08,Cup Series,Bengaluru FC,Goa Sharks,Home,Cloudy,0,1,60,6,11,20,3,1,30900,40,Away Win,1,-1,1,17,20,20,2024,3,Friday
MTC-20204,2024-03-08,Championship League,Goa Sharks,Chennai Titans,Away,Rainy,0,1,42,5,1,18,1,0,37313,58,Away Win,1,-1,1,6,-16,16,2024,3,Friday
MTC-23756,2024-03-08,Cup Series,Kerala Blasters,Bengaluru FC,Home,Cloudy,0,3,32,11,0,21,3,0,12136,68,Away Win,3,-3,3,11,-36,36,2024,3,Friday
MTC-22258,2024-03-08,Championship League,Kerala Blasters,Delhi Dynamos,Home,Clear,4,5,54,5,2,5,3,1,18452,46,Away Win,9,-1,1,7,8,8,2024,3,Friday
MTC-21434,2024-03-09,Championship League,Hyderabad Falcons,Jaipur Lions,Home,Windy,3,2,65,1,7,7,2,0,27135,35,Home Win,5,1,1,8,30,30,2024,3,Saturday
MTC-20241,2024-03-09,Championship League,Mumbai United,Kerala Blasters,Home,Clear,4,2,70,11,13,14,4,0,28941,30,Home Win,6,2,2,24,40,40,2024,3,Saturday
MTC-23212,2024-03-09,Premier Division,Pune Warriors,Mumbai United,Home,Rainy,0,5,57,9,9,13,0,0,48393,43,Away Win,5,-5,5,18,14,14,2024,3,Saturday
MTC-22409,2024-03-09,Championship League,Kerala Blasters,Chennai Titans,Neutral,Clear,3,5,53,6,1,7,1,1,13576,47,Away Win,8,-2,2,7,6,6,2024,3,Saturday
MTC-21014,2024-03-09,Premier Division,Hyderabad Falcons,Pune Warriors,Away,Rainy,3,2,54,4,3,12,1,1,19858,46,Home Win,5,1,1,7,8,8,2024,3,Saturday
MTC-23696,2024-03-09,Championship League,Bengaluru FC,Kerala Blasters,Home,Cloudy,2,4,68,11,1,22,6,1,6093,32,Away Win,6,-2,2,12,36,36,2024,3,Saturday
MTC-20535,2024-03-10,Premier Division,Bengaluru FC,Goa Sharks,Neutral,Cloudy,1,0,45,9,11,23,5,1,12796,55,Home Win,1,1,1,20,-10,10,2024,3,Sunday
MTC-20718,2024-03-10,Championship League,Delhi Dynamos,Kerala Blasters,Away,Rainy,3,4,42,10,5,9,2,1,14480,58,Away Win,7,-1,1,15,-16,16,2024,3,Sunday
MTC-21588,2024-03-10,Cup Series,Kerala Blasters,Chennai Titans,Neutral,Cloudy,0,5,64,7,5,21,0,1,11203,36,Away Win,5,-5,5,12,28,28,2024,3,Sunday
MTC-20681,2024-03-10,Cup Series,Chennai Titans,Hyderabad Falcons,Home,Windy,2,3,31,4,5,18,0,1,3778,69,Away Win,5,-1,1,9,-38,38,2024,3,Sunday
MTC-21524,2024-03-10,Championship League,Goa Sharks,Kerala Blasters,Away,Clear,4,5,39,12,5,5,3,0,30969,61,Away Win,9,-1,1,17,-22,22,2024,3,Sunday
MTC-23335,2024-03-10,Premier Division,Mumbai United,Delhi Dynamos,Home,Rainy,0,2,38,2,11,7,6,1,28118,62,Away Win,2,-2,2,13,-24,24,2024,3,Sunday
MTC-20660,2024-03-10,Championship League,Pune Warriors,Jaipur Lions,Neutral,Rainy,3,4,56,2,9,20,5,0,22164,44,Away Win,7,-1,1,11,12,12,2024,3,Sunday
MTC-22201,2024-03-10,Premier Division,Kerala Blasters,Delhi Dynamos,Away,Clear,0,5,60,9,0,15,4,0,56925,40,Away Win,5,-5,5,9,20,20,2024,3,Sunday
MTC-21056,2024-03-10,Premier Division,Chennai Titans,Goa Sharks,Home,Rainy,2,4,54,2,14,19,2,1,19456,46,Away Win,6,-2,2,16,8,8,2024,3,Sunday
MTC-20044,2024-03-11,Championship League,Kerala Blasters,Hyderabad Falcons,Home,Rainy,5,2,46,13,10,15,5,0,16700,54,Home Win,7,3,3,23,-8,8,2024,3,Monday
MTC-20826,2024-03-11,Championship League,Bengaluru FC,Kerala Blasters,Home,Cloudy,4,3,30,1,12,11,4,1,26337,70,Home Win,7,1,1,13,-40,40,2024,3,Monday
MTC-23248,2024-03-11,Premier Division,Goa Sharks,Bengaluru FC,Away,Clear,4,2,66,7,3,24,4,0,55175,34,Home Win,6,2,2,10,32,32,2024,3,Monday
MTC-23752,2024-03-12,Cup Series,Chennai Titans,Kerala Blasters,Neutral,Clear,0,1,35,9,4,20,3,1,45668,65,Away Win,1,-1,1,13,-30,30,2024,3,Tuesday
MTC-22984,2024-03-12,Cup Series,Pune Warriors,Goa Sharks,Away,Windy,4,5,42,13,6,22,2,0,16679,58,Away Win,9,-1,1,19,-16,16,2024,3,Tuesday
MTC-20176,2024-03-12,Cup Series,Jaipur Lions,Delhi Dynamos,Away,Windy,0,1,39,5,7,21,6,0,47871,61,Away Win,1,-1,1,12,-22,22,2024,3,Tuesday
MTC-22261,2024-03-12,Championship League,Bengaluru FC,Kolkata Strikers,Away,Rainy,5,2,67,13,5,20,4,1,59995,33,Home Win,7,3,3,18,34,34,2024,3,Tuesday
MTC-23767,2024-03-12,Premier Division,Goa Sharks,Jaipur Lions,Neutral,Windy,4,3,35,0,1,5,5,1,20505,65,Home Win,7,1,1,1,-30,30,2024,3,Tuesday
MTC-21518,2024-03-13,Championship League,Hyderabad Falcons,Pune Warriors,Neutral,Cloudy,3,2,52,0,9,11,6,0,37183,48,Home Win,5,1,1,9,4,4,2024,3,Wednesday
MTC-23298,2024-03-13,Premier Division,Pune Warriors,Kolkata Strikers,Away,Rainy,5,4,70,10,12,23,5,1,21025,30,Home Win,9,1,1,22,40,40,2024,3,Wednesday
MTC-21148,2024-03-13,Championship League,Pune Warriors,Goa Sharks,Neutral,Clear,1,1,64,7,0,21,0,1,47102,36,Draw,2,0,0,7,28,28,2024,3,Wednesday
MTC-20404,2024-03-13,Championship League,Bengaluru FC,Delhi Dynamos,Neutral,Windy,3,4,42,7,9,7,6,0,16723,58,Away Win,7,-1,1,16,-16,16,2024,3,Wednesday
MTC-20083,2024-03-13,Cup Series,Kerala Blasters,Hyderabad Falcons,Home,Windy,3,0,33,13,14,18,3,1,24398,67,Home Win,3,3,3,27,-34,34,2024,3,Wednesday
MTC-23013,2024-03-13,Cup Series,Goa Sharks,Delhi Dynamos,Away,Clear,2,2,30,13,12,15,6,0,60113,70,Draw,4,0,0,25,-40,40,2024,3,Wednesday
MTC-23548,2024-03-13,Cup Series,Delhi Dynamos,Pune Warriors,Home,Cloudy,2,3,54,8,0,6,6,1,57572,46,Away Win,5,-1,1,8,8,8,2024,3,Wednesday
MTC-23339,2024-03-13,Championship League,Bengaluru FC,Jaipur Lions,Home,Rainy,5,0,58,1,9,18,6,1,10178,42,Home Win,5,5,5,10,16,16,2024,3,Wednesday
MTC-21661,2024-03-13,Championship League,Goa Sharks,Mumbai United,Neutral,Rainy,5,2,63,1,10,13,6,1,42122,37,Home Win,7,3,3,11,26,26,2024,3,Wednesday
MTC-23145,2024-03-14,Cup Series,Goa Sharks,Pune Warriors,Home,Clear,1,3,43,8,13,6,5,1,34730,57,Away Win,4,-2,2,21,-14,14,2024,3,Thursday
MTC-21874,2024-03-14,Premier Division,Goa Sharks,Pune Warriors,Home,Clear,2,2,54,5,13,24,2,1,41605,46,Draw,4,0,0,18,8,8,2024,3,Thursday
MTC-22756,2024-03-14,Championship League,Goa Sharks,Bengaluru FC,Away,Rainy,4,2,59,2,0,19,4,0,62683,41,Home Win,6,2,2,2,18,18,2024,3,Thursday
MTC-22458,2024-03-15,Cup Series,Goa Sharks,Mumbai United,Neutral,Cloudy,1,5,43,10,2,19,1,1,49908,57,Away Win,6,-4,4,12,-14,14,2024,3,Friday
MTC-23207,2024-03-15,Premier Division,Bengaluru FC,Jaipur Lions,Neutral,Clear,1,0,68,8,7,20,5,1,52325,32,Home Win,1,1,1,15,36,36,2024,3,Friday
MTC-23759,2024-03-15,Cup Series,Mumbai United,Kolkata Strikers,Away,Cloudy,0,3,41,12,10,15,4,1,7019,59,Away Win,3,-3,3,22,-18,18,2024,3,Friday
MTC-22211,2024-03-15,Championship League,Kerala Blasters,Bengaluru FC,Neutral,Rainy,5,1,55,4,3,19,1,1,36084,45,Home Win,6,4,4,7,10,10,2024,3,Friday
MTC-22221,2024-03-16,Cup Series,Delhi Dynamos,Hyderabad Falcons,Away,Rainy,3,4,62,10,11,14,1,1,44220,38,Away Win,7,-1,1,21,24,24,2024,3,Saturday
MTC-22711,2024-03-16,Premier Division,Kerala Blasters,Mumbai United,Home,Rainy,2,2,67,6,5,16,4,1,55282,33,Draw,4,0,0,11,34,34,2024,3,Saturday
MTC-22105,2024-03-16,Championship League,Hyderabad Falcons,Goa Sharks,Home,Windy,2,2,42,9,12,12,5,1,15585,58,Draw,4,0,0,21,-16,16,2024,3,Saturday
MTC-23069,2024-03-16,Cup Series,Delhi Dynamos,Goa Sharks,Away,Cloudy,3,3,59,10,5,6,4,1,24452,41,Draw,6,0,0,15,18,18,2024,3,Saturday
MTC-23108,2024-03-16,Premier Division,Hyderabad Falcons,Jaipur Lions,Away,Cloudy,1,5,60,4,1,14,1,0,48094,40,Away Win,6,-4,4,5,20,20,2024,3,Saturday
MTC-20304,2024-03-17,Cup Series,Hyderabad Falcons,Pune Warriors,Neutral,Clear,0,0,32,10,2,15,5,0,16813,68,Draw,0,0,0,12,-36,36,2024,3,Sunday
MTC-20761,2024-03-17,Premier Division,Mumbai United,Chennai Titans,Neutral,Rainy,5,3,45,2,8,23,4,1,9840,55,Home Win,8,2,2,10,-10,10,2024,3,Sunday
MTC-20187,2024-03-17,Premier Division,Pune Warriors,Goa Sharks,Home,Clear,4,0,30,12,9,11,1,0,36472,70,Home Win,4,4,4,21,-40,40,2024,3,Sunday
MTC-20047,2024-03-17,Cup Series,Mumbai United,Pune Warriors,Neutral,Clear,1,0,40,3,10,14,5,1,41144,60,Home Win,1,1,1,13,-20,20,2024,3,Sunday
MTC-22886,2024-03-17,Cup Series,Chennai Titans,Mumbai United,Neutral,Clear,3,4,36,3,3,18,2,1,34906,64,Away Win,7,-1,1,6,-28,28,2024,3,Sunday
MTC-22165,2024-03-17,Premier Division,Jaipur Lions,Delhi Dynamos,Neutral,Windy,3,5,67,3,9,22,2,1,56488,33,Away Win,8,-2,2,12,34,34,2024,3,Sunday
MTC-20389,2024-03-18,Premier Division,Delhi Dynamos,Mumbai United,Neutral,Cloudy,2,0,61,3,6,22,6,1,43733,39,Home Win,2,2,2,9,22,22,2024,3,Monday
MTC-23035,2024-03-18,Cup Series,Kerala Blasters,Bengaluru FC,Away,Cloudy,5,3,64,9,13,22,0,1,59042,36,Home Win,8,2,2,22,28,28,2024,3,Monday
MTC-23480,2024-03-18,Cup Series,Hyderabad Falcons,Kerala Blasters,Neutral,Windy,5,0,69,1,5,15,5,1,27371,31,Home Win,5,5,5,6,38,38,2024,3,Monday
MTC-21021,2024-03-18,Cup Series,Goa Sharks,Chennai Titans,Neutral,Windy,1,1,48,1,12,18,5,1,30350,52,Draw,2,0,0,13,-4,4,2024,3,Monday
MTC-20991,2024-03-18,Championship League,Mumbai United,Chennai Titans,Away,Clear,2,4,46,6,3,14,3,1,48893,54,Away Win,6,-2,2,9,-8,8,2024,3,Monday
MTC-22659,2024-03-19,Championship League,Bengaluru FC,Hyderabad Falcons,Neutral,Rainy,3,0,50,3,4,9,6,1,17370,50,Home Win,3,3,3,7,0,0,2024,3,Tuesday
MTC-21723,2024-03-19,Championship League,Hyderabad Falcons,Delhi Dynamos,Away,Cloudy,5,5,70,0,5,23,2,0,44883,30,Draw,10,0,0,5,40,40,2024,3,Tuesday
MTC-21467,2024-03-20,Cup Series,Mumbai United,Hyderabad Falcons,Home,Clear,3,0,39,8,4,6,6,0,35752,61,Home Win,3,3,3,12,-22,22,2024,3,Wednesday
MTC-20192,2024-03-20,Cup Series,Mumbai United,Chennai Titans,Away,Windy,2,5,67,11,13,20,5,1,40848,33,Away Win,7,-3,3,24,34,34,2024,3,Wednesday
MTC-20574,2024-03-20,Cup Series,Goa Sharks,Mumbai United,Away,Rainy,5,3,47,12,7,24,2,0,27983,53,Home Win,8,2,2,19,-6,6,2024,3,Wednesday
MTC-22327,2024-03-20,Premier Division,Bengaluru FC,Chennai Titans,Neutral,Windy,4,5,40,2,2,12,2,0,21479,60,Away Win,9,-1,1,4,-20,20,2024,3,Wednesday
MTC-22580,2024-03-20,Premier Division,Delhi Dynamos,Mumbai United,Away,Clear,0,5,33,10,14,14,0,0,37909,67,Away Win,5,-5,5,24,-34,34,2024,3,Wednesday
MTC-22346,2024-03-20,Cup Series,Kolkata Strikers,Pune Warriors,Neutral,Clear,0,2,54,13,11,12,4,1,22360,46,Away Win,2,-2,2,24,8,8,2024,3,Wednesday
MTC-21750,2024-03-21,Championship League,Jaipur Lions,Kerala Blasters,Neutral,Clear,2,5,46,9,5,21,3,1,14819,54,Away Win,7,-3,3,14,-8,8,2024,3,Thursday
MTC-21678,2024-03-21,Championship League,Kolkata Strikers,Delhi Dynamos,Neutral,Clear,0,2,49,8,14,12,3,1,15271,51,Away Win,2,-2,2,22,-2,2,2024,3,Thursday
MTC-23555,2024-03-21,Cup Series,Chennai Titans,Kolkata Strikers,Away,Windy,5,4,63,3,4,13,1,0,13913,37,Home Win,9,1,1,7,26,26,2024,3,Thursday
MTC-23444,2024-03-21,Championship League,Mumbai United,Hyderabad Falcons,Neutral,Windy,5,3,45,11,3,9,3,1,18222,55,Home Win,8,2,2,14,-10,10,2024,3,Thursday
MTC-22030,2024-03-21,Cup Series,Jaipur Lions,Goa Sharks,Home,Cloudy,0,2,55,7,0,24,3,1,42129,45,Away Win,2,-2,2,7,10,10,2024,3,Thursday
MTC-23281,2024-03-22,Cup Series,Bengaluru FC,Kolkata Strikers,Neutral,Rainy,3,2,36,12,2,14,6,0,45174,64,Home Win,5,1,1,14,-28,28,2024,3,Friday
MTC-22803,2024-03-22,Cup Series,Bengaluru FC,Hyderabad Falcons,Away,Cloudy,1,5,39,13,0,10,6,0,23924,61,Away Win,6,-4,4,13,-22,22,2024,3,Friday
MTC-20482,2024-03-22,Premier Division,Delhi Dynamos,Kerala Blasters,Away,Clear,5,4,30,11,11,5,3,1,42764,70,Home Win,9,1,1,22,-40,40,2024,3,Friday
MTC-23592,2024-03-23,Cup Series,Hyderabad Falcons,Kolkata Strikers,Home,Rainy,1,5,59,13,6,24,1,1,51330,41,Away Win,6,-4,4,19,18,18,2024,3,Saturday
MTC-20858,2024-03-23,Championship League,Pune Warriors,Mumbai United,Home,Cloudy,0,2,37,1,5,6,2,0,51206,63,Away Win,2,-2,2,6,-26,26,2024,3,Saturday
MTC-22565,2024-03-23,Premier Division,Kolkata Strikers,Mumbai United,Neutral,Rainy,1,5,55,2,11,13,0,1,48373,45,Away Win,6,-4,4,13,10,10,2024,3,Saturday
MTC-23150,2024-03-23,Premier Division,Pune Warriors,Goa Sharks,Home,Cloudy,2,2,54,3,5,14,0,1,10458,46,Draw,4,0,0,8,8,8,2024,3,Saturday
MTC-20838,2024-03-23,Championship League,Kolkata Strikers,Mumbai United,Neutral,Clear,5,1,39,10,11,14,5,1,24991,61,Home Win,6,4,4,21,-22,22,2024,3,Saturday
MTC-20006,2024-03-23,Championship League,Kerala Blasters,Mumbai United,Home,Cloudy,5,3,65,4,0,14,4,0,43289,35,Home Win,8,2,2,4,30,30,2024,3,Saturday
MTC-22011,2024-03-24,Championship League,Pune Warriors,Goa Sharks,Neutral,Clear,4,2,66,4,12,14,5,0,35995,34,Home Win,6,2,2,16,32,32,2024,3,Sunday
MTC-23780,2024-03-24,Premier Division,Goa Sharks,Bengaluru FC,Away,Rainy,2,4,48,7,11,11,6,1,25239,52,Away Win,6,-2,2,18,-4,4,2024,3,Sunday
MTC-20963,2024-03-25,Cup Series,Bengaluru FC,Goa Sharks,Away,Rainy,2,4,58,9,6,13,2,0,15019,42,Away Win,6,-2,2,15,16,16,2024,3,Monday
MTC-21740,2024-03-25,Championship League,Kerala Blasters,Chennai Titans,Neutral,Rainy,2,0,33,9,6,19,5,0,20983,67,Home Win,2,2,2,15,-34,34,2024,3,Monday
MTC-23238,2024-03-25,Cup Series,Bengaluru FC,Delhi Dynamos,Home,Cloudy,2,5,70,6,13,5,5,0,26439,30,Away Win,7,-3,3,19,40,40,2024,3,Monday
MTC-22955,2024-03-26,Championship League,Hyderabad Falcons,Jaipur Lions,Home,Clear,3,5,30,3,14,23,1,1,12138,70,Away Win,8,-2,2,17,-40,40,2024,3,Tuesday
MTC-21025,2024-03-26,Cup Series,Mumbai United,Kerala Blasters,Neutral,Clear,0,3,37,14,1,15,3,0,40151,63,Away Win,3,-3,3,15,-26,26,2024,3,Tuesday
MTC-21611,2024-03-27,Premier Division,Kerala Blasters,Mumbai United,Neutral,Rainy,0,4,49,11,11,10,0,0,12060,51,Away Win,4,-4,4,22,-2,2,2024,3,Wednesday
MTC-20693,2024-03-27,Championship League,Kerala Blasters,Jaipur Lions,Neutral,Rainy,1,3,47,5,14,10,5,1,60718,53,Away Win,4,-2,2,19,-6,6,2024,3,Wednesday
MTC-21211,2024-03-27,Cup Series,Delhi Dynamos,Kerala Blasters,Away,Cloudy,3,2,36,11,8,18,2,0,55913,64,Home Win,5,1,1,19,-28,28,2024,3,Wednesday
MTC-22556,2024-03-27,Championship League,Mumbai United,Kerala Blasters,Neutral,Rainy,3,0,67,1,14,16,5,1,22958,33,Home Win,3,3,3,15,34,34,2024,3,Wednesday
MTC-22672,2024-03-27,Cup Series,Mumbai United,Goa Sharks,Neutral,Rainy,4,3,36,3,8,8,4,1,16253,64,Home Win,7,1,1,11,-28,28,2024,3,Wednesday
MTC-22698,2024-03-27,Cup Series,Jaipur Lions,Hyderabad Falcons,Away,Cloudy,0,0,33,1,12,13,6,0,53063,67,Draw,0,0,0,13,-34,34,2024,3,Wednesday
MTC-22676,2024-03-28,Championship League,Jaipur Lions,Hyderabad Falcons,Neutral,Windy,0,1,34,11,5,23,0,0,51406,66,Away Win,1,-1,1,16,-32,32,2024,3,Thursday
MTC-23324,2024-03-28,Premier Division,Kolkata Strikers,Hyderabad Falcons,Away,Rainy,4,0,51,9,5,15,1,0,36286,49,Home Win,4,4,4,14,2,2,2024,3,Thursday
MTC-20797,2024-03-29,Cup Series,Jaipur Lions,Kerala Blasters,Neutral,Windy,5,2,66,4,13,21,5,1,37268,34,Home Win,7,3,3,17,32,32,2024,3,Friday
MTC-23148,2024-03-29,Championship League,Bengaluru FC,Delhi Dynamos,Away,Rainy,5,1,48,2,0,14,6,1,17542,52,Home Win,6,4,4,2,-4,4,2024,3,Friday
MTC-21896,2024-03-29,Cup Series,Kerala Blasters,Bengaluru FC,Home,Clear,2,2,57,1,12,9,5,1,19260,43,Draw,4,0,0,13,14,14,2024,3,Friday
MTC-21507,2024-03-29,Championship League,Delhi Dynamos,Goa Sharks,Home,Windy,2,1,41,12,13,20,4,0,51231,59,Home Win,3,1,1,25,-18,18,2024,3,Friday
MTC-20160,2024-03-29,Championship League,Pune Warriors,Jaipur Lions,Neutral,Cloudy,4,3,38,6,0,21,1,1,15903,62,Home Win,7,1,1,6,-24,24,2024,3,Friday
MTC-21687,2024-03-30,Cup Series,Bengaluru FC,Kolkata Strikers,Home,Clear,3,5,41,5,2,24,4,1,61414,59,Away Win,8,-2,2,7,-18,18,2024,3,Saturday
MTC-23544,2024-03-30,Championship League,Jaipur Lions,Pune Warriors,Away,Windy,0,4,68,12,1,9,0,0,38479,32,Away Win,4,-4,4,13,36,36,2024,3,Saturday
MTC-23030,2024-03-30,Premier Division,Kerala Blasters,Goa Sharks,Home,Windy,0,4,33,5,10,10,1,1,52932,67,Away Win,4,-4,4,15,-34,34,2024,3,Saturday
MTC-22552,2024-03-30,Championship League,Pune Warriors,Chennai Titans,Away,Windy,4,3,60,4,1,24,0,1,21301,40,Home Win,7,1,1,5,20,20,2024,3,Saturday
MTC-22446,2024-03-30,Premier Division,Goa Sharks,Delhi Dynamos,Home,Clear,0,0,47,3,7,10,1,1,50378,53,Draw,0,0,0,10,-6,6,2024,3,Saturday
MTC-22435,2024-03-31,Championship League,Kerala Blasters,Chennai Titans,Neutral,Cloudy,5,5,32,10,13,11,4,0,3498,68,Draw,10,0,0,23,-36,36,2024,3,Sunday
MTC-20531,2024-03-31,Championship League,Mumbai United,Chennai Titans,Home,Cloudy,3,3,60,5,0,19,6,1,11633,40,Draw,6,0,0,5,20,20,2024,3,Sunday
MTC-22855,2024-03-31,Championship League,Pune Warriors,Mumbai United,Home,Windy,4,2,57,7,0,15,3,1,10234,43,Home Win,6,2,2,7,14,14,2024,3,Sunday
MTC-20771,2024-04-01,Cup Series,Kolkata Strikers,Chennai Titans,Away,Rainy,3,4,45,12,8,20,3,0,15631,55,Away Win,7,-1,1,20,-10,10,2024,4,Monday
MTC-23402,2024-04-01,Cup Series,Goa Sharks,Bengaluru FC,Home,Windy,4,1,36,9,7,20,2,0,24892,64,Home Win,5,3,3,16,-28,28,2024,4,Monday
MTC-22747,2024-04-01,Cup Series,Bengaluru FC,Delhi Dynamos,Home,Cloudy,4,4,44,8,1,5,0,0,12019,56,Draw,8,0,0,9,-12,12,2024,4,Monday
MTC-20695,2024-04-01,Championship League,Jaipur Lions,Goa Sharks,Home,Cloudy,0,0,64,12,1,18,5,0,25960,36,Draw,0,0,0,13,28,28,2024,4,Monday
MTC-22312,2024-04-01,Cup Series,Bengaluru FC,Chennai Titans,Away,Clear,3,3,50,3,9,15,0,1,47427,50,Draw,6,0,0,12,0,0,2024,4,Monday
MTC-22192,2024-04-02,Premier Division,Kolkata Strikers,Pune Warriors,Away,Rainy,0,1,49,1,4,15,1,1,43151,51,Away Win,1,-1,1,5,-2,2,2024,4,Tuesday
MTC-22946,2024-04-02,Premier Division,Kolkata Strikers,Goa Sharks,Home,Cloudy,0,1,41,0,14,7,5,0,9754,59,Away Win,1,-1,1,14,-18,18,2024,4,Tuesday
MTC-22180,2024-04-02,Championship League,Hyderabad Falcons,Bengaluru FC,Home,Cloudy,0,0,30,4,3,14,4,1,37843,70,Draw,0,0,0,7,-40,40,2024,4,Tuesday
MTC-20122,2024-04-02,Championship League,Kolkata Strikers,Hyderabad Falcons,Away,Windy,3,3,35,5,14,8,4,0,51080,65,Draw,6,0,0,19,-30,30,2024,4,Tuesday
MTC-21702,2024-04-02,Championship League,Chennai Titans,Jaipur Lions,Neutral,Clear,5,5,35,3,9,8,5,1,3959,65,Draw,10,0,0,12,-30,30,2024,4,Tuesday
MTC-22529,2024-04-02,Cup Series,Jaipur Lions,Bengaluru FC,Home,Cloudy,3,4,62,6,12,8,3,0,3020,38,Away Win,7,-1,1,18,24,24,2024,4,Tuesday
MTC-21382,2024-04-03,Cup Series,Kolkata Strikers,Jaipur Lions,Away,Rainy,5,2,47,1,5,20,1,1,56393,53,Home Win,7,3,3,6,-6,6,2024,4,Wednesday
MTC-21267,2024-04-03,Championship League,Bengaluru FC,Mumbai United,Away,Cloudy,4,0,30,3,5,20,4,1,37222,70,Home Win,4,4,4,8,-40,40,2024,4,Wednesday
MTC-20737,2024-04-03,Championship League,Kerala Blasters,Hyderabad Falcons,Away,Clear,1,5,70,4,4,7,0,1,43607,30,Away Win,6,-4,4,8,40,40,2024,4,Wednesday
MTC-21455,2024-04-03,Premier Division,Jaipur Lions,Mumbai United,Away,Clear,0,5,57,13,14,5,6,0,13243,43,Away Win,5,-5,5,27,14,14,2024,4,Wednesday
MTC-23304,2024-04-03,Premier Division,Kolkata Strikers,Goa Sharks,Neutral,Windy,5,0,37,11,3,23,6,0,17711,63,Home Win,5,5,5,14,-26,26,2024,4,Wednesday
MTC-21315,2024-04-03,Championship League,Bengaluru FC,Delhi Dynamos,Home,Rainy,2,0,70,10,13,20,0,0,29655,30,Home Win,2,2,2,23,40,40,2024,4,Wednesday
MTC-20674,2024-04-04,Premier Division,Delhi Dynamos,Goa Sharks,Away,Cloudy,3,4,36,8,1,13,4,0,46285,64,Away Win,7,-1,1,9,-28,28,2024,4,Thursday
MTC-21499,2024-04-04,Cup Series,Delhi Dynamos,Mumbai United,Away,Windy,3,2,61,13,3,5,6,0,40344,39,Home Win,5,1,1,16,22,22,2024,4,Thursday
MTC-20417,2024-04-04,Premier Division,Kerala Blasters,Pune Warriors,Home,Windy,2,4,43,6,11,20,4,1,2414,57,Away Win,6,-2,2,17,-14,14,2024,4,Thursday
MTC-23346,2024-04-04,Cup Series,Kerala Blasters,Pune Warriors,Home,Clear,0,2,55,0,10,16,4,0,13307,45,Away Win,2,-2,2,10,10,10,2024,4,Thursday
MTC-20270,2024-04-05,Championship League,Bengaluru FC,Hyderabad Falcons,Home,Cloudy,2,5,65,4,6,24,1,1,46049,35,Away Win,7,-3,3,10,30,30,2024,4,Friday
MTC-20823,2024-04-05,Premier Division,Hyderabad Falcons,Kolkata Strikers,Home,Clear,2,5,63,0,1,18,2,0,21160,37,Away Win,7,-3,3,1,26,26,2024,4,Friday
MTC-23043,2024-04-05,Premier Division,Delhi Dynamos,Pune Warriors,Home,Clear,5,5,31,7,1,5,3,1,7119,69,Draw,10,0,0,8,-38,38,2024,4,Friday
MTC-22129,2024-04-05,Cup Series,Kolkata Strikers,Pune Warriors,Home,Windy,5,2,69,4,14,14,2,1,27220,31,Home Win,7,3,3,18,38,38,2024,4,Friday
MTC-22191,2024-04-05,Championship League,Pune Warriors,Mumbai United,Home,Windy,1,2,55,4,0,20,1,0,38442,45,Away Win,3,-1,1,4,10,10,2024,4,Friday
MTC-22090,2024-04-05,Premier Division,Delhi Dynamos,Hyderabad Falcons,Neutral,Clear,1,5,37,9,8,22,4,0,21343,63,Away Win,6,-4,4,17,-26,26,2024,4,Friday
MTC-22888,2024-04-06,Championship League,Chennai Titans,Delhi Dynamos,Neutral,Clear,5,0,31,0,1,7,2,1,41954,69,Home Win,5,5,5,1,-38,38,2024,4,Saturday
MTC-21980,2024-04-06,Cup Series,Kolkata Strikers,Jaipur Lions,Home,Cloudy,4,1,46,10,9,23,4,1,62511,54,Home Win,5,3,3,19,-8,8,2024,4,Saturday
MTC-21370,2024-04-06,Cup Series,Chennai Titans,Mumbai United,Neutral,Cloudy,4,3,61,3,14,23,5,0,49980,39,Home Win,7,1,1,17,22,22,2024,4,Saturday
MTC-21312,2024-04-07,Premier Division,Kolkata Strikers,Bengaluru FC,Home,Clear,3,5,55,7,5,21,2,1,34204,45,Away Win,8,-2,2,12,10,10,2024,4,Sunday
MTC-22964,2024-04-07,Championship League,Kolkata Strikers,Kerala Blasters,Neutral,Windy,3,0,69,3,3,17,6,0,3217,31,Home Win,3,3,3,6,38,38,2024,4,Sunday
MTC-22107,2024-04-07,Premier Division,Kolkata Strikers,Pune Warriors,Home,Windy,5,3,53,9,12,15,1,1,51782,47,Home Win,8,2,2,21,6,6,2024,4,Sunday
MTC-22734,2024-04-07,Premier Division,Bengaluru FC,Goa Sharks,Home,Clear,3,1,35,10,2,6,4,0,40440,65,Home Win,4,2,2,12,-30,30,2024,4,Sunday
MTC-22787,2024-04-08,Cup Series,Hyderabad Falcons,Chennai Titans,Home,Windy,5,1,69,0,2,15,1,1,22912,31,Home Win,6,4,4,2,38,38,2024,4,Monday
MTC-20985,2024-04-08,Premier Division,Kerala Blasters,Chennai Titans,Away,Cloudy,2,2,55,13,10,8,3,1,44274,45,Draw,4,0,0,23,10,10,2024,4,Monday
MTC-21513,2024-04-09,Premier Division,Mumbai United,Chennai Titans,Home,Windy,4,1,30,14,7,13,1,1,38135,70,Home Win,5,3,3,21,-40,40,2024,4,Tuesday
MTC-23796,2024-04-09,Championship League,Bengaluru FC,Goa Sharks,Home,Windy,4,3,70,9,1,7,4,1,10065,30,Home Win,7,1,1,10,40,40,2024,4,Tuesday
MTC-23291,2024-04-09,Cup Series,Hyderabad Falcons,Bengaluru FC,Neutral,Windy,5,0,46,3,0,17,2,0,44992,54,Home Win,5,5,5,3,-8,8,2024,4,Tuesday
MTC-23516,2024-04-09,Premier Division,Bengaluru FC,Mumbai United,Away,Rainy,4,2,43,1,6,15,6,1,23524,57,Home Win,6,2,2,7,-14,14,2024,4,Tuesday
MTC-22143,2024-04-09,Championship League,Kerala Blasters,Jaipur Lions,Home,Cloudy,4,3,55,1,10,7,5,1,40823,45,Home Win,7,1,1,11,10,10,2024,4,Tuesday
MTC-20269,2024-04-10,Cup Series,Jaipur Lions,Bengaluru FC,Neutral,Rainy,4,1,34,6,3,18,6,0,8255,66,Home Win,5,3,3,9,-32,32,2024,4,Wednesday
MTC-20563,2024-04-10,Cup Series,Chennai Titans,Jaipur Lions,Home,Windy,4,4,67,8,13,20,5,1,52577,33,Draw,8,0,0,21,34,34,2024,4,Wednesday
MTC-23729,2024-04-10,Championship League,Kerala Blasters,Kolkata Strikers,Home,Cloudy,1,4,45,10,4,18,4,0,61609,55,Away Win,5,-3,3,14,-10,10,2024,4,Wednesday
MTC-23514,2024-04-11,Championship League,Bengaluru FC,Kolkata Strikers,Home,Clear,2,3,60,0,3,13,3,1,9221,40,Away Win,5,-1,1,3,20,20,2024,4,Thursday
MTC-23130,2024-04-11,Cup Series,Hyderabad Falcons,Delhi Dynamos,Neutral,Rainy,4,3,60,5,11,15,0,1,31309,40,Home Win,7,1,1,16,20,20,2024,4,Thursday
MTC-20614,2024-04-11,Cup Series,Chennai Titans,Jaipur Lions,Neutral,Cloudy,5,5,67,10,7,10,3,1,43026,33,Draw,10,0,0,17,34,34,2024,4,Thursday
MTC-20981,2024-04-11,Cup Series,Chennai Titans,Bengaluru FC,Home,Rainy,4,1,61,10,8,23,2,1,41307,39,Home Win,5,3,3,18,22,22,2024,4,Thursday
MTC-20050,2024-04-11,Premier Division,Delhi Dynamos,Chennai Titans,Away,Cloudy,5,2,63,5,0,21,5,0,16776,37,Home Win,7,3,3,5,26,26,2024,4,Thursday
MTC-20043,2024-04-12,Premier Division,Delhi Dynamos,Goa Sharks,Home,Rainy,0,4,59,3,14,21,0,1,62099,41,Away Win,4,-4,4,17,18,18,2024,4,Friday
MTC-20266,2024-04-12,Cup Series,Delhi Dynamos,Kerala Blasters,Neutral,Clear,3,5,69,12,11,23,4,1,61225,31,Away Win,8,-2,2,23,38,38,2024,4,Friday
MTC-23244,2024-04-12,Championship League,Kerala Blasters,Chennai Titans,Home,Rainy,5,5,43,12,11,12,6,0,5710,57,Draw,10,0,0,23,-14,14,2024,4,Friday
MTC-23239,2024-04-12,Premier Division,Goa Sharks,Delhi Dynamos,Home,Rainy,5,3,57,1,11,20,5,1,22280,43,Home Win,8,2,2,12,14,14,2024,4,Friday
MTC-22827,2024-04-12,Premier Division,Bengaluru FC,Delhi Dynamos,Away,Cloudy,3,5,68,5,0,7,0,1,64044,32,Away Win,8,-2,2,5,36,36,2024,4,Friday
MTC-20673,2024-04-13,Cup Series,Goa Sharks,Mumbai United,Home,Windy,4,0,38,7,5,23,5,0,5996,62,Home Win,4,4,4,12,-24,24,2024,4,Saturday
MTC-20028,2024-04-13,Championship League,Kolkata Strikers,Bengaluru FC,Away,Clear,2,4,59,13,3,10,6,1,17449,41,Away Win,6,-2,2,16,18,18,2024,4,Saturday
MTC-21350,2024-04-13,Championship League,Kerala Blasters,Bengaluru FC,Home,Rainy,3,5,30,9,6,8,3,0,2356,70,Away Win,8,-2,2,15,-40,40,2024,4,Saturday
MTC-23720,2024-04-13,Premier Division,Mumbai United,Goa Sharks,Neutral,Cloudy,4,3,42,7,4,6,5,0,6696,58,Home Win,7,1,1,11,-16,16,2024,4,Saturday
MTC-20016,2024-04-13,Cup Series,Delhi Dynamos,Hyderabad Falcons,Home,Cloudy,2,2,67,9,10,23,4,1,23597,33,Draw,4,0,0,19,34,34,2024,4,Saturday
MTC-20682,2024-04-14,Cup Series,Chennai Titans,Mumbai United,Neutral,Windy,2,4,69,5,1,8,6,0,58516,31,Away Win,6,-2,2,6,38,38,2024,4,Sunday
MTC-23179,2024-04-14,Cup Series,Chennai Titans,Pune Warriors,Neutral,Rainy,3,3,64,4,3,6,6,0,13617,36,Draw,6,0,0,7,28,28,2024,4,Sunday
MTC-21684,2024-04-14,Premier Division,Jaipur Lions,Mumbai United,Home,Clear,4,4,30,8,4,23,6,1,9349,70,Draw,8,0,0,12,-40,40,2024,4,Sunday
MTC-22189,2024-04-14,Cup Series,Chennai Titans,Bengaluru FC,Away,Clear,5,1,46,0,0,10,4,0,14277,54,Home Win,6,4,4,0,-8,8,2024,4,Sunday
MTC-20173,2024-04-14,Championship League,Pune Warriors,Bengaluru FC,Home,Windy,0,2,35,0,3,8,4,1,11858,65,Away Win,2,-2,2,3,-30,30,2024,4,Sunday
MTC-21770,2024-04-15,Cup Series,Kerala Blasters,Pune Warriors,Neutral,Clear,5,1,61,8,13,5,0,1,17802,39,Home Win,6,4,4,21,22,22,2024,4,Monday
MTC-21788,2024-04-15,Premier Division,Delhi Dynamos,Mumbai United,Away,Cloudy,4,5,34,9,6,9,1,0,49682,66,Away Win,9,-1,1,15,-32,32,2024,4,Monday
MTC-21985,2024-04-15,Championship League,Hyderabad Falcons,Mumbai United,Home,Windy,2,3,54,9,11,13,2,1,25939,46,Away Win,5,-1,1,20,8,8,2024,4,Monday
MTC-22511,2024-04-15,Cup Series,Delhi Dynamos,Bengaluru FC,Neutral,Rainy,2,5,64,0,4,11,0,1,2349,36,Away Win,7,-3,3,4,28,28,2024,4,Monday
MTC-20120,2024-04-15,Championship League,Kolkata Strikers,Chennai Titans,Neutral,Clear,5,5,57,0,0,23,5,0,15439,43,Draw,10,0,0,0,14,14,2024,4,Monday
MTC-23010,2024-04-15,Championship League,Goa Sharks,Hyderabad Falcons,Neutral,Cloudy,3,1,38,6,4,16,6,1,16506,62,Home Win,4,2,2,10,-24,24,2024,4,Monday
MTC-23342,2024-04-16,Premier Division,Hyderabad Falcons,Kerala Blasters,Home,Cloudy,0,5,48,8,4,5,4,1,57384,52,Away Win,5,-5,5,12,-4,4,2024,4,Tuesday
MTC-21015,2024-04-16,Premier Division,Pune Warriors,Jaipur Lions,Neutral,Rainy,1,5,43,5,14,20,0,0,21521,57,Away Win,6,-4,4,19,-14,14,2024,4,Tuesday
MTC-21953,2024-04-16,Premier Division,Bengaluru FC,Mumbai United,Away,Clear,2,4,44,8,9,21,5,0,18091,56,Away Win,6,-2,2,17,-12,12,2024,4,Tuesday
MTC-20576,2024-04-16,Premier Division,Bengaluru FC,Mumbai United,Neutral,Windy,5,4,46,13,10,21,2,1,19005,54,Home Win,9,1,1,23,-8,8,2024,4,Tuesday
MTC-22336,2024-04-16,Championship League,Delhi Dynamos,Pune Warriors,Neutral,Rainy,1,0,66,12,7,24,4,1,57570,34,Home Win,1,1,1,19,32,32,2024,4,Tuesday
MTC-20291,2024-04-16,Cup Series,Jaipur Lions,Bengaluru FC,Away,Rainy,0,0,63,7,8,11,6,0,38678,37,Draw,0,0,0,15,26,26,2024,4,Tuesday
MTC-23407,2024-04-16,Premier Division,Kerala Blasters,Goa Sharks,Away,Clear,0,1,57,9,14,22,4,1,57047,43,Away Win,1,-1,1,23,14,14,2024,4,Tuesday
MTC-22781,2024-04-16,Premier Division,Goa Sharks,Mumbai United,Home,Windy,3,4,53,8,13,20,0,0,24182,47,Away Win,7,-1,1,21,6,6,2024,4,Tuesday
MTC-23408,2024-04-16,Cup Series,Pune Warriors,Hyderabad Falcons,Home,Clear,5,4,47,0,1,9,6,0,36906,53,Home Win,9,1,1,1,-6,6,2024,4,Tuesday
MTC-22754,2024-04-17,Championship League,Bengaluru FC,Mumbai United,Neutral,Windy,1,2,42,1,5,16,0,0,2558,58,Away Win,3,-1,1,6,-16,16,2024,4,Wednesday
MTC-21557,2024-04-17,Cup Series,Jaipur Lions,Goa Sharks,Neutral,Windy,1,3,37,2,14,8,1,1,44125,63,Away Win,4,-2,2,16,-26,26,2024,4,Wednesday
MTC-21637,2024-04-18,Championship League,Chennai Titans,Kolkata Strikers,Home,Rainy,0,3,69,2,13,12,0,0,31234,31,Away Win,3,-3,3,15,38,38,2024,4,Thursday
MTC-21338,2024-04-18,Championship League,Mumbai United,Chennai Titans,Home,Rainy,1,0,64,7,12,13,0,1,47581,36,Home Win,1,1,1,19,28,28,2024,4,Thursday
MTC-21761,2024-04-18,Premier Division,Kerala Blasters,Goa Sharks,Away,Rainy,2,1,68,6,1,23,0,0,26859,32,Home Win,3,1,1,7,36,36,2024,4,Thursday
MTC-22930,2024-04-18,Championship League,Kerala Blasters,Jaipur Lions,Away,Clear,1,0,49,6,5,9,4,1,44120,51,Home Win,1,1,1,11,-2,2,2024,4,Thursday
MTC-22373,2024-04-19,Premier Division,Delhi Dynamos,Kolkata Strikers,Neutral,Cloudy,0,4,59,10,4,21,6,1,24904,41,Away Win,4,-4,4,14,18,18,2024,4,Friday
MTC-20800,2024-04-19,Premier Division,Jaipur Lions,Bengaluru FC,Home,Rainy,4,3,47,4,13,21,2,0,59532,53,Home Win,7,1,1,17,-6,6,2024,4,Friday
MTC-20085,2024-04-19,Cup Series,Pune Warriors,Jaipur Lions,Home,Windy,0,5,32,7,13,13,3,0,56527,68,Away Win,5,-5,5,20,-36,36,2024,4,Friday
MTC-22392,2024-04-19,Premier Division,Pune Warriors,Goa Sharks,Home,Clear,0,1,58,3,1,18,6,0,24126,42,Away Win,1,-1,1,4,16,16,2024,4,Friday
MTC-20147,2024-04-19,Cup Series,Hyderabad Falcons,Pune Warriors,Away,Rainy,0,3,46,13,14,13,0,0,22297,54,Away Win,3,-3,3,27,-8,8,2024,4,Friday
MTC-23128,2024-04-19,Cup Series,Jaipur Lions,Hyderabad Falcons,Neutral,Rainy,1,0,40,4,12,21,1,1,3839,60,Home Win,1,1,1,16,-20,20,2024,4,Friday
MTC-22937,2024-04-20,Cup Series,Hyderabad Falcons,Jaipur Lions,Neutral,Clear,3,1,46,13,8,6,6,1,28806,54,Home Win,4,2,2,21,-8,8,2024,4,Saturday
MTC-20886,2024-04-20,Premier Division,Bengaluru FC,Chennai Titans,Neutral,Rainy,1,3,36,13,12,6,3,1,64721,64,Away Win,4,-2,2,25,-28,28,2024,4,Saturday
MTC-23208,2024-04-20,Premier Division,Hyderabad Falcons,Goa Sharks,Home,Windy,5,5,43,3,9,10,2,1,16091,57,Draw,10,0,0,12,-14,14,2024,4,Saturday
MTC-21576,2024-04-21,Premier Division,Goa Sharks,Jaipur Lions,Away,Clear,5,4,41,13,7,24,3,0,59266,59,Home Win,9,1,1,20,-18,18,2024,4,Sunday
MTC-21868,2024-04-21,Premier Division,Delhi Dynamos,Bengaluru FC,Home,Windy,0,4,55,5,0,13,1,0,17515,45,Away Win,4,-4,4,5,10,10,2024,4,Sunday
MTC-22997,2024-04-22,Premier Division,Kolkata Strikers,Pune Warriors,Neutral,Rainy,1,1,54,6,2,17,0,1,48056,46,Draw,2,0,0,8,8,8,2024,4,Monday
MTC-21834,2024-04-22,Premier Division,Chennai Titans,Hyderabad Falcons,Neutral,Windy,1,4,56,4,3,20,6,1,47175,44,Away Win,5,-3,3,7,12,12,2024,4,Monday
MTC-21473,2024-04-22,Championship League,Pune Warriors,Bengaluru FC,Neutral,Cloudy,3,3,30,2,14,20,6,0,46059,70,Draw,6,0,0,16,-40,40,2024,4,Monday
MTC-22438,2024-04-22,Premier Division,Jaipur Lions,Delhi Dynamos,Home,Clear,5,2,32,13,10,9,4,0,24671,68,Home Win,7,3,3,23,-36,36,2024,4,Monday
MTC-21541,2024-04-22,Championship League,Kerala Blasters,Chennai Titans,Neutral,Rainy,3,3,33,5,10,17,2,1,25816,67,Draw,6,0,0,15,-34,34,2024,4,Monday
MTC-21411,2024-04-22,Cup Series,Delhi Dynamos,Kerala Blasters,Neutral,Windy,4,3,52,10,11,6,6,1,3699,48,Home Win,7,1,1,21,4,4,2024,4,Monday
MTC-20550,2024-04-23,Championship League,Chennai Titans,Jaipur Lions,Away,Clear,5,0,36,4,5,21,1,0,46962,64,Home Win,5,5,5,9,-28,28,2024,4,Tuesday
MTC-20514,2024-04-23,Cup Series,Chennai Titans,Kolkata Strikers,Home,Windy,3,2,35,4,9,16,0,0,33683,65,Home Win,5,1,1,13,-30,30,2024,4,Tuesday
MTC-20412,2024-04-23,Championship League,Bengaluru FC,Mumbai United,Away,Rainy,4,4,63,2,13,17,0,1,25188,37,Draw,8,0,0,15,26,26,2024,4,Tuesday
MTC-20378,2024-04-25,Cup Series,Goa Sharks,Kerala Blasters,Neutral,Clear,0,3,52,14,10,19,2,1,53393,48,Away Win,3,-3,3,24,4,4,2024,4,Thursday
MTC-21554,2024-04-25,Championship League,Chennai Titans,Kerala Blasters,Neutral,Windy,4,3,39,11,4,6,2,1,37192,61,Home Win,7,1,1,15,-22,22,2024,4,Thursday
MTC-21786,2024-04-26,Premier Division,Pune Warriors,Chennai Titans,Away,Rainy,4,5,49,1,8,19,4,0,33965,51,Away Win,9,-1,1,9,-2,2,2024,4,Friday
MTC-23689,2024-04-27,Premier Division,Kerala Blasters,Kolkata Strikers,Home,Clear,1,0,66,7,0,13,2,0,17161,34,Home Win,1,1,1,7,32,32,2024,4,Saturday
MTC-22834,2024-04-27,Premier Division,Delhi Dynamos,Bengaluru FC,Neutral,Windy,2,5,33,3,0,8,4,0,30652,67,Away Win,7,-3,3,3,-34,34,2024,4,Saturday
MTC-21414,2024-04-27,Cup Series,Goa Sharks,Hyderabad Falcons,Away,Cloudy,1,5,56,6,10,10,6,0,53990,44,Away Win,6,-4,4,16,12,12,2024,4,Saturday
MTC-22359,2024-04-28,Premier Division,Delhi Dynamos,Bengaluru FC,Home,Clear,2,2,53,7,6,17,0,1,60498,47,Draw,4,0,0,13,6,6,2024,4,Sunday
MTC-22889,2024-04-28,Cup Series,Bengaluru FC,Hyderabad Falcons,Home,Clear,5,3,53,2,9,13,4,0,56425,47,Home Win,8,2,2,11,6,6,2024,4,Sunday
MTC-23743,2024-04-28,Cup Series,Hyderabad Falcons,Pune Warriors,Neutral,Windy,1,4,53,13,10,20,6,0,61419,47,Away Win,5,-3,3,23,6,6,2024,4,Sunday
MTC-22728,2024-04-28,Cup Series,Kolkata Strikers,Delhi Dynamos,Home,Windy,3,3,62,2,13,10,6,0,26221,38,Draw,6,0,0,15,24,24,2024,4,Sunday
MTC-22812,2024-04-29,Championship League,Delhi Dynamos,Jaipur Lions,Away,Cloudy,2,3,63,7,2,20,3,1,11829,37,Away Win,5,-1,1,9,26,26,2024,4,Monday
MTC-20739,2024-04-29,Championship League,Delhi Dynamos,Goa Sharks,Neutral,Clear,5,4,70,10,13,21,0,1,60732,30,Home Win,9,1,1,23,40,40,2024,4,Monday
MTC-20468,2024-04-30,Championship League,Delhi Dynamos,Goa Sharks,Neutral,Rainy,3,3,60,1,3,19,0,1,22960,40,Draw,6,0,0,4,20,20,2024,4,Tuesday
MTC-22169,2024-04-30,Cup Series,Mumbai United,Delhi Dynamos,Neutral,Cloudy,5,3,31,8,6,11,1,1,62907,69,Home Win,8,2,2,14,-38,38,2024,4,Tuesday
MTC-20690,2024-04-30,Championship League,Jaipur Lions,Pune Warriors,Home,Cloudy,2,2,38,14,10,13,0,1,18479,62,Draw,4,0,0,24,-24,24,2024,4,Tuesday
MTC-20464,2024-05-01,Championship League,Chennai Titans,Jaipur Lions,Neutral,Cloudy,1,2,51,3,12,20,2,1,60263,49,Away Win,3,-1,1,15,2,2,2024,5,Wednesday
MTC-22474,2024-05-01,Championship League,Mumbai United,Kerala Blasters,Home,Rainy,0,1,32,5,13,16,2,0,39513,68,Away Win,1,-1,1,18,-36,36,2024,5,Wednesday
MTC-22113,2024-05-01,Cup Series,Pune Warriors,Jaipur Lions,Home,Clear,4,0,31,7,7,24,6,0,42100,69,Home Win,4,4,4,14,-38,38,2024,5,Wednesday
MTC-20124,2024-05-01,Championship League,Pune Warriors,Kerala Blasters,Home,Clear,2,5,41,11,9,15,5,1,18999,59,Away Win,7,-3,3,20,-18,18,2024,5,Wednesday
MTC-20421,2024-05-02,Cup Series,Chennai Titans,Mumbai United,Home,Cloudy,2,4,36,4,6,16,2,1,22170,64,Away Win,6,-2,2,10,-28,28,2024,5,Thursday
MTC-21909,2024-05-02,Cup Series,Hyderabad Falcons,Pune Warriors,Neutral,Windy,2,5,54,9,8,14,4,0,21801,46,Away Win,7,-3,3,17,8,8,2024,5,Thursday
MTC-20623,2024-05-02,Cup Series,Chennai Titans,Jaipur Lions,Neutral,Cloudy,3,5,45,5,2,9,6,0,43087,55,Away Win,8,-2,2,7,-10,10,2024,5,Thursday
MTC-23302,2024-05-02,Cup Series,Chennai Titans,Delhi Dynamos,Away,Rainy,5,2,70,2,14,7,2,0,17657,30,Home Win,7,3,3,16,40,40,2024,5,Thursday
MTC-23415,2024-05-03,Premier Division,Bengaluru FC,Pune Warriors,Home,Windy,1,0,40,2,0,8,3,0,21356,60,Home Win,1,1,1,2,-20,20,2024,5,Friday
MTC-20708,2024-05-03,Premier Division,Kerala Blasters,Chennai Titans,Home,Cloudy,3,0,49,0,8,12,4,1,22536,51,Home Win,3,3,3,8,-2,2,2024,5,Friday
MTC-21919,2024-05-04,Championship League,Mumbai United,Kolkata Strikers,Home,Rainy,2,4,47,7,9,10,5,1,35711,53,Away Win,6,-2,2,16,-6,6,2024,5,Saturday
MTC-20672,2024-05-04,Cup Series,Kerala Blasters,Bengaluru FC,Away,Cloudy,4,5,64,2,3,15,2,0,45138,36,Away Win,9,-1,1,5,28,28,2024,5,Saturday
MTC-20321,2024-05-04,Cup Series,Bengaluru FC,Delhi Dynamos,Neutral,Clear,3,0,60,6,13,13,0,0,35176,40,Home Win,3,3,3,19,20,20,2024,5,Saturday
MTC-20355,2024-05-04,Premier Division,Kerala Blasters,Hyderabad Falcons,Neutral,Windy,0,0,31,11,3,12,6,1,9885,69,Draw,0,0,0,14,-38,38,2024,5,Saturday
MTC-22961,2024-05-05,Cup Series,Mumbai United,Kerala Blasters,Home,Rainy,2,1,65,6,13,16,1,0,23607,35,Home Win,3,1,1,19,30,30,2024,5,Sunday
MTC-20506,2024-05-05,Cup Series,Goa Sharks,Mumbai United,Neutral,Clear,4,5,58,1,12,22,1,0,21915,42,Away Win,9,-1,1,13,16,16,2024,5,Sunday
MTC-23416,2024-05-05,Premier Division,Bengaluru FC,Delhi Dynamos,Neutral,Rainy,2,1,69,5,9,18,1,0,58682,31,Home Win,3,1,1,14,38,38,2024,5,Sunday
MTC-23144,2024-05-05,Cup Series,Hyderabad Falcons,Jaipur Lions,Neutral,Windy,1,3,43,1,8,21,3,1,53299,57,Away Win,4,-2,2,9,-14,14,2024,5,Sunday
MTC-21410,2024-05-06,Championship League,Kolkata Strikers,Goa Sharks,Away,Cloudy,2,2,49,2,6,5,0,1,9580,51,Draw,4,0,0,8,-2,2,2024,5,Monday
MTC-21040,2024-05-06,Championship League,Chennai Titans,Hyderabad Falcons,Home,Cloudy,4,1,39,14,10,17,1,0,47525,61,Home Win,5,3,3,24,-22,22,2024,5,Monday
MTC-21018,2024-05-06,Championship League,Pune Warriors,Goa Sharks,Home,Cloudy,1,0,58,9,10,23,5,0,46291,42,Home Win,1,1,1,19,16,16,2024,5,Monday
MTC-21983,2024-05-06,Cup Series,Mumbai United,Kerala Blasters,Neutral,Cloudy,1,4,34,1,6,22,1,1,9657,66,Away Win,5,-3,3,7,-32,32,2024,5,Monday
MTC-21968,2024-05-06,Premier Division,Bengaluru FC,Hyderabad Falcons,Neutral,Clear,5,5,35,9,4,21,0,1,8716,65,Draw,10,0,0,13,-30,30,2024,5,Monday
MTC-20330,2024-05-07,Championship League,Jaipur Lions,Bengaluru FC,Home,Windy,3,4,60,10,14,17,6,0,19392,40,Away Win,7,-1,1,24,20,20,2024,5,Tuesday
MTC-20040,2024-05-07,Premier Division,Kolkata Strikers,Bengaluru FC,Neutral,Rainy,5,1,46,11,0,14,3,0,16632,54,Home Win,6,4,4,11,-8,8,2024,5,Tuesday
MTC-22088,2024-05-07,Premier Division,Pune Warriors,Kolkata Strikers,Home,Rainy,5,1,43,1,5,22,3,1,33017,57,Home Win,6,4,4,6,-14,14,2024,5,Tuesday
MTC-23007,2024-05-07,Championship League,Delhi Dynamos,Chennai Titans,Neutral,Rainy,5,5,56,1,7,8,1,1,32405,44,Draw,10,0,0,8,12,12,2024,5,Tuesday
MTC-22197,2024-05-08,Cup Series,Jaipur Lions,Chennai Titans,Away,Windy,4,1,68,0,2,24,1,1,12177,32,Home Win,5,3,3,2,36,36,2024,5,Wednesday
MTC-21774,2024-05-08,Championship League,Delhi Dynamos,Mumbai United,Neutral,Clear,2,3,63,14,0,19,5,0,25425,37,Away Win,5,-1,1,14,26,26,2024,5,Wednesday
MTC-21722,2024-05-08,Cup Series,Kerala Blasters,Delhi Dynamos,Home,Rainy,2,2,33,10,2,12,3,0,13515,67,Draw,4,0,0,12,-34,34,2024,5,Wednesday
MTC-21930,2024-05-08,Premier Division,Goa Sharks,Chennai Titans,Away,Clear,4,2,67,1,13,5,0,1,19119,33,Home Win,6,2,2,14,34,34,2024,5,Wednesday
MTC-21924,2024-05-08,Cup Series,Chennai Titans,Goa Sharks,Neutral,Rainy,2,5,52,13,7,10,0,1,46129,48,Away Win,7,-3,3,20,4,4,2024,5,Wednesday
MTC-23505,2024-05-08,Championship League,Jaipur Lions,Delhi Dynamos,Neutral,Windy,4,5,54,11,0,17,2,1,38178,46,Away Win,9,-1,1,11,8,8,2024,5,Wednesday
MTC-22825,2024-05-08,Premier Division,Kerala Blasters,Chennai Titans,Away,Rainy,2,3,35,10,13,22,4,0,54196,65,Away Win,5,-1,1,23,-30,30,2024,5,Wednesday
MTC-23427,2024-05-09,Championship League,Kolkata Strikers,Delhi Dynamos,Away,Rainy,4,5,40,11,6,22,0,0,25102,60,Away Win,9,-1,1,17,-20,20,2024,5,Thursday
MTC-23520,2024-05-09,Cup Series,Bengaluru FC,Delhi Dynamos,Home,Rainy,1,3,64,11,5,5,4,0,45520,36,Away Win,4,-2,2,16,28,28,2024,5,Thursday
MTC-21226,2024-05-09,Championship League,Delhi Dynamos,Pune Warriors,Neutral,Clear,2,4,58,9,8,22,6,1,9310,42,Away Win,6,-2,2,17,16,16,2024,5,Thursday
MTC-20002,2024-05-09,Premier Division,Hyderabad Falcons,Chennai Titans,Home,Rainy,1,4,52,8,8,24,3,0,47609,48,Away Win,5,-3,3,16,4,4,2024,5,Thursday
MTC-20871,2024-05-09,Cup Series,Mumbai United,Pune Warriors,Neutral,Cloudy,1,0,67,2,7,21,5,0,48790,33,Home Win,1,1,1,9,34,34,2024,5,Thursday
MTC-22714,2024-05-10,Premier Division,Bengaluru FC,Pune Warriors,Neutral,Cloudy,2,1,67,12,1,9,0,0,27354,33,Home Win,3,1,1,13,34,34,2024,5,Friday
MTC-20825,2024-05-10,Cup Series,Jaipur Lions,Bengaluru FC,Home,Clear,0,4,46,2,10,5,3,0,17257,54,Away Win,4,-4,4,12,-8,8,2024,5,Friday
MTC-23552,2024-05-10,Premier Division,Goa Sharks,Bengaluru FC,Neutral,Clear,4,4,61,3,1,17,4,0,11920,39,Draw,8,0,0,4,22,22,2024,5,Friday
MTC-22992,2024-05-10,Cup Series,Pune Warriors,Jaipur Lions,Home,Clear,0,5,60,2,12,12,4,1,6541,40,Away Win,5,-5,5,14,20,20,2024,5,Friday
MTC-20605,2024-05-10,Championship League,Goa Sharks,Bengaluru FC,Home,Clear,5,3,68,13,1,12,0,0,20831,32,Home Win,8,2,2,14,36,36,2024,5,Friday
MTC-21073,2024-05-11,Cup Series,Delhi Dynamos,Kolkata Strikers,Away,Cloudy,0,3,30,3,2,17,0,0,53017,70,Away Win,3,-3,3,5,-40,40,2024,5,Saturday
MTC-20947,2024-05-11,Premier Division,Pune Warriors,Goa Sharks,Home,Rainy,2,0,62,2,14,13,4,0,21426,38,Home Win,2,2,2,16,24,24,2024,5,Saturday
MTC-23139,2024-05-11,Cup Series,Bengaluru FC,Hyderabad Falcons,Neutral,Cloudy,4,5,56,1,3,12,0,1,5126,44,Away Win,9,-1,1,4,12,12,2024,5,Saturday
MTC-20585,2024-05-11,Championship League,Goa Sharks,Chennai Titans,Neutral,Clear,5,0,40,8,3,5,1,1,23822,60,Home Win,5,5,5,11,-20,20,2024,5,Saturday
MTC-22063,2024-05-12,Premier Division,Kerala Blasters,Chennai Titans,Neutral,Clear,3,4,56,4,2,24,0,1,18764,44,Away Win,7,-1,1,6,12,12,2024,5,Sunday
MTC-20427,2024-05-12,Cup Series,Hyderabad Falcons,Goa Sharks,Home,Clear,4,5,61,4,13,13,4,1,21812,39,Away Win,9,-1,1,17,22,22,2024,5,Sunday
MTC-21064,2024-05-12,Championship League,Hyderabad Falcons,Bengaluru FC,Home,Clear,1,3,54,3,4,17,3,1,44073,46,Away Win,4,-2,2,7,8,8,2024,5,Sunday
MTC-23655,2024-05-12,Championship League,Jaipur Lions,Kerala Blasters,Home,Rainy,4,5,51,13,2,8,0,1,61066,49,Away Win,9,-1,1,15,2,2,2024,5,Sunday
MTC-23160,2024-05-12,Cup Series,Bengaluru FC,Goa Sharks,Away,Rainy,4,4,33,3,5,10,5,0,36701,67,Draw,8,0,0,8,-34,34,2024,5,Sunday
MTC-22427,2024-05-13,Premier Division,Jaipur Lions,Pune Warriors,Away,Windy,4,1,62,1,0,9,0,1,63869,38,Home Win,5,3,3,1,24,24,2024,5,Monday
MTC-21445,2024-05-13,Premier Division,Jaipur Lions,Bengaluru FC,Neutral,Cloudy,2,4,42,5,13,6,1,1,28466,58,Away Win,6,-2,2,18,-16,16,2024,5,Monday
MTC-22379,2024-05-13,Premier Division,Jaipur Lions,Hyderabad Falcons,Away,Windy,1,4,35,1,0,17,3,0,52698,65,Away Win,5,-3,3,1,-30,30,2024,5,Monday
MTC-21729,2024-05-13,Cup Series,Chennai Titans,Bengaluru FC,Away,Windy,0,4,45,6,3,18,5,1,32554,55,Away Win,4,-4,4,9,-10,10,2024,5,Monday
MTC-22786,2024-05-13,Premier Division,Kolkata Strikers,Bengaluru FC,Neutral,Cloudy,0,3,51,10,1,6,3,0,8387,49,Away Win,3,-3,3,11,2,2,2024,5,Monday
MTC-22693,2024-05-14,Premier Division,Bengaluru FC,Pune Warriors,Home,Clear,5,1,68,4,3,10,6,1,62376,32,Home Win,6,4,4,7,36,36,2024,5,Tuesday
MTC-21842,2024-05-14,Premier Division,Jaipur Lions,Mumbai United,Away,Windy,2,1,50,10,8,7,6,0,45864,50,Home Win,3,1,1,18,0,0,2024,5,Tuesday
MTC-21468,2024-05-14,Championship League,Goa Sharks,Chennai Titans,Neutral,Clear,4,4,62,9,14,20,2,0,9407,38,Draw,8,0,0,23,24,24,2024,5,Tuesday
MTC-22695,2024-05-15,Premier Division,Chennai Titans,Hyderabad Falcons,Home,Clear,1,4,30,9,9,18,1,0,37767,70,Away Win,5,-3,3,18,-40,40,2024,5,Wednesday
MTC-22324,2024-05-15,Cup Series,Mumbai United,Goa Sharks,Away,Windy,2,5,54,0,10,6,0,0,60096,46,Away Win,7,-3,3,10,8,8,2024,5,Wednesday
MTC-21065,2024-05-15,Championship League,Kolkata Strikers,Delhi Dynamos,Home,Rainy,2,3,64,7,5,24,3,1,21425,36,Away Win,5,-1,1,12,28,28,2024,5,Wednesday
MTC-21943,2024-05-15,Cup Series,Jaipur Lions,Pune Warriors,Home,Rainy,0,1,48,7,13,7,4,0,43058,52,Away Win,1,-1,1,20,-4,4,2024,5,Wednesday
MTC-20382,2024-05-16,Premier Division,Jaipur Lions,Kolkata Strikers,Neutral,Clear,4,2,55,3,14,15,6,0,25296,45,Home Win,6,2,2,17,10,10,2024,5,Thursday
MTC-21314,2024-05-16,Championship League,Chennai Titans,Bengaluru FC,Away,Clear,2,0,34,6,8,18,1,0,23406,66,Home Win,2,2,2,14,-32,32,2024,5,Thursday
MTC-20908,2024-05-17,Premier Division,Hyderabad Falcons,Goa Sharks,Neutral,Rainy,2,1,37,3,13,7,4,0,45684,63,Home Win,3,1,1,16,-26,26,2024,5,Friday
MTC-21685,2024-05-17,Cup Series,Pune Warriors,Delhi Dynamos,Away,Rainy,5,5,32,4,14,8,6,0,3036,68,Draw,10,0,0,18,-36,36,2024,5,Friday
MTC-23316,2024-05-17,Championship League,Bengaluru FC,Delhi Dynamos,Away,Clear,4,4,64,11,4,13,1,1,22625,36,Draw,8,0,0,15,28,28,2024,5,Friday
MTC-22094,2024-05-17,Cup Series,Kerala Blasters,Jaipur Lions,Away,Clear,2,4,61,11,5,19,6,1,38007,39,Away Win,6,-2,2,16,22,22,2024,5,Friday
MTC-21546,2024-05-18,Cup Series,Mumbai United,Hyderabad Falcons,Away,Rainy,4,4,38,9,7,24,1,1,3790,62,Draw,8,0,0,16,-24,24,2024,5,Saturday
MTC-21561,2024-05-18,Premier Division,Goa Sharks,Delhi Dynamos,Neutral,Clear,1,5,33,11,8,19,5,0,36026,67,Away Win,6,-4,4,19,-34,34,2024,5,Saturday
MTC-21585,2024-05-19,Cup Series,Jaipur Lions,Delhi Dynamos,Home,Cloudy,4,2,70,11,12,14,3,1,12012,30,Home Win,6,2,2,23,40,40,2024,5,Sunday
MTC-22598,2024-05-19,Premier Division,Chennai Titans,Hyderabad Falcons,Away,Clear,3,1,61,11,10,13,0,1,62785,39,Home Win,4,2,2,21,22,22,2024,5,Sunday
MTC-23473,2024-05-20,Championship League,Bengaluru FC,Goa Sharks,Neutral,Clear,3,5,34,11,12,17,5,1,35740,66,Away Win,8,-2,2,23,-32,32,2024,5,Monday
MTC-21921,2024-05-21,Cup Series,Kolkata Strikers,Bengaluru FC,Neutral,Rainy,5,4,33,0,8,14,5,1,19124,67,Home Win,9,1,1,8,-34,34,2024,5,Tuesday
MTC-23154,2024-05-21,Championship League,Goa Sharks,Jaipur Lions,Neutral,Clear,0,5,67,2,8,18,5,0,53097,33,Away Win,5,-5,5,10,34,34,2024,5,Tuesday
MTC-23557,2024-05-21,Cup Series,Mumbai United,Goa Sharks,Neutral,Cloudy,2,0,36,13,8,12,0,0,63194,64,Home Win,2,2,2,21,-28,28,2024,5,Tuesday
MTC-22028,2024-05-21,Cup Series,Goa Sharks,Chennai Titans,Neutral,Windy,2,5,32,8,6,23,6,1,33297,68,Away Win,7,-3,3,14,-36,36,2024,5,Tuesday
MTC-21639,2024-05-21,Premier Division,Kolkata Strikers,Kerala Blasters,Home,Cloudy,3,3,58,6,2,22,6,1,15075,42,Draw,6,0,0,8,16,16,2024,5,Tuesday
MTC-20296,2024-05-22,Premier Division,Delhi Dynamos,Bengaluru FC,Away,Windy,2,4,54,7,9,15,2,0,54298,46,Away Win,6,-2,2,16,8,8,2024,5,Wednesday
MTC-23263,2024-05-22,Premier Division,Mumbai United,Goa Sharks,Home,Rainy,4,5,30,7,0,22,6,1,50216,70,Away Win,9,-1,1,7,-40,40,2024,5,Wednesday
MTC-23629,2024-05-22,Cup Series,Chennai Titans,Mumbai United,Away,Clear,3,4,41,13,3,15,0,1,16537,59,Away Win,7,-1,1,16,-18,18,2024,5,Wednesday
MTC-23468,2024-05-22,Championship League,Hyderabad Falcons,Delhi Dynamos,Away,Windy,3,1,58,5,11,5,0,1,29204,42,Home Win,4,2,2,16,16,16,2024,5,Wednesday
MTC-23077,2024-05-23,Championship League,Pune Warriors,Kolkata Strikers,Away,Windy,0,2,39,13,14,8,1,0,36504,61,Away Win,2,-2,2,27,-22,22,2024,5,Thursday
MTC-22246,2024-05-23,Cup Series,Bengaluru FC,Jaipur Lions,Neutral,Clear,4,3,36,5,2,21,1,0,14445,64,Home Win,7,1,1,7,-28,28,2024,5,Thursday
MTC-22689,2024-05-23,Premier Division,Mumbai United,Bengaluru FC,Neutral,Cloudy,5,2,45,4,1,10,1,1,24919,55,Home Win,7,3,3,5,-10,10,2024,5,Thursday
MTC-20804,2024-05-23,Premier Division,Pune Warriors,Kerala Blasters,Away,Rainy,5,5,31,5,1,12,5,0,28465,69,Draw,10,0,0,6,-38,38,2024,5,Thursday
MTC-23451,2024-05-23,Premier Division,Pune Warriors,Kerala Blasters,Neutral,Windy,5,3,43,2,8,14,2,0,59371,57,Home Win,8,2,2,10,-14,14,2024,5,Thursday
MTC-21302,2024-05-23,Premier Division,Bengaluru FC,Delhi Dynamos,Home,Cloudy,4,3,64,1,9,14,3,0,53360,36,Home Win,7,1,1,10,28,28,2024,5,Thursday
MTC-20240,2024-05-23,Premier Division,Jaipur Lions,Delhi Dynamos,Away,Cloudy,4,4,49,9,6,23,2,1,61193,51,Draw,8,0,0,15,-2,2,2024,5,Thursday
MTC-21496,2024-05-23,Cup Series,Kolkata Strikers,Goa Sharks,Neutral,Windy,2,4,46,11,6,21,4,1,45216,54,Away Win,6,-2,2,17,-8,8,2024,5,Thursday
MTC-20329,2024-05-23,Championship League,Hyderabad Falcons,Goa Sharks,Neutral,Clear,4,4,59,3,0,13,0,1,41926,41,Draw,8,0,0,3,18,18,2024,5,Thursday
MTC-22895,2024-05-23,Premier Division,Jaipur Lions,Goa Sharks,Away,Rainy,3,4,37,0,4,5,1,1,23918,63,Away Win,7,-1,1,4,-26,26,2024,5,Thursday
MTC-21949,2024-05-23,Championship League,Kolkata Strikers,Hyderabad Falcons,Away,Clear,1,3,67,2,7,23,2,1,60147,33,Away Win,4,-2,2,9,34,34,2024,5,Thursday
MTC-22082,2024-05-24,Championship League,Chennai Titans,Kerala Blasters,Neutral,Clear,3,2,45,13,2,10,0,1,2228,55,Home Win,5,1,1,15,-10,10,2024,5,Friday
MTC-23603,2024-05-24,Cup Series,Pune Warriors,Bengaluru FC,Home,Rainy,2,3,55,11,1,21,0,0,44336,45,Away Win,5,-1,1,12,10,10,2024,5,Friday
MTC-22785,2024-05-24,Championship League,Hyderabad Falcons,Goa Sharks,Away,Clear,0,1,60,12,10,23,1,1,31539,40,Away Win,1,-1,1,22,20,20,2024,5,Friday
MTC-22768,2024-05-24,Cup Series,Mumbai United,Chennai Titans,Away,Rainy,3,3,62,4,11,13,1,0,58719,38,Draw,6,0,0,15,24,24,2024,5,Friday
MTC-23707,2024-05-24,Premier Division,Chennai Titans,Kerala Blasters,Away,Rainy,5,4,51,5,12,6,0,1,39863,49,Home Win,9,1,1,17,2,2,2024,5,Friday
MTC-23314,2024-05-25,Championship League,Hyderabad Falcons,Kolkata Strikers,Home,Clear,1,3,45,3,12,9,2,0,54728,55,Away Win,4,-2,2,15,-10,10,2024,5,Saturday
MTC-22820,2024-05-25,Cup Series,Delhi Dynamos,Pune Warriors,Home,Windy,2,4,65,5,1,24,0,1,54688,35,Away Win,6,-2,2,6,30,30,2024,5,Saturday
MTC-23381,2024-05-25,Championship League,Mumbai United,Delhi Dynamos,Home,Clear,0,2,52,1,10,13,1,1,45606,48,Away Win,2,-2,2,11,4,4,2024,5,Saturday
MTC-20064,2024-05-26,Premier Division,Jaipur Lions,Delhi Dynamos,Neutral,Windy,3,2,43,5,14,15,0,1,28419,57,Home Win,5,1,1,19,-14,14,2024,5,Sunday
MTC-23606,2024-05-26,Premier Division,Chennai Titans,Delhi Dynamos,Away,Windy,1,2,38,8,2,22,2,1,33759,62,Away Win,3,-1,1,10,-24,24,2024,5,Sunday
MTC-22431,2024-05-26,Cup Series,Goa Sharks,Bengaluru FC,Away,Windy,1,4,45,14,4,5,4,1,36269,55,Away Win,5,-3,3,18,-10,10,2024,5,Sunday
MTC-20754,2024-05-26,Championship League,Goa Sharks,Mumbai United,Home,Windy,5,3,42,9,3,23,0,1,4774,58,Home Win,8,2,2,12,-16,16,2024,5,Sunday
MTC-20639,2024-05-26,Cup Series,Goa Sharks,Jaipur Lions,Neutral,Cloudy,5,0,47,0,0,11,3,1,45366,53,Home Win,5,5,5,0,-6,6,2024,5,Sunday
MTC-22251,2024-05-27,Cup Series,Goa Sharks,Chennai Titans,Away,Windy,0,4,34,6,9,22,5,1,22736,66,Away Win,4,-4,4,15,-32,32,2024,5,Monday
MTC-20455,2024-05-27,Cup Series,Hyderabad Falcons,Kerala Blasters,Home,Rainy,1,2,37,10,11,14,5,0,37043,63,Away Win,3,-1,1,21,-26,26,2024,5,Monday
MTC-22060,2024-05-27,Premier Division,Goa Sharks,Chennai Titans,Away,Cloudy,1,0,45,8,4,13,6,1,31334,55,Home Win,1,1,1,12,-10,10,2024,5,Monday
MTC-20260,2024-05-27,Championship League,Chennai Titans,Mumbai United,Neutral,Cloudy,0,1,52,6,8,24,2,1,53652,48,Away Win,1,-1,1,14,4,4,2024,5,Monday
MTC-20914,2024-05-27,Championship League,Bengaluru FC,Delhi Dynamos,Away,Clear,2,2,30,3,5,17,1,0,38850,70,Draw,4,0,0,8,-40,40,2024,5,Monday
MTC-22830,2024-05-28,Cup Series,Bengaluru FC,Kolkata Strikers,Away,Cloudy,2,2,41,3,6,13,5,0,34407,59,Draw,4,0,0,9,-18,18,2024,5,Tuesday
MTC-22867,2024-05-28,Cup Series,Kerala Blasters,Hyderabad Falcons,Home,Clear,5,2,66,5,2,20,3,0,30813,34,Home Win,7,3,3,7,32,32,2024,5,Tuesday
MTC-22481,2024-05-29,Cup Series,Mumbai United,Delhi Dynamos,Neutral,Cloudy,1,5,40,0,3,12,4,0,59211,60,Away Win,6,-4,4,3,-20,20,2024,5,Wednesday
MTC-22206,2024-05-29,Cup Series,Bengaluru FC,Kolkata Strikers,Home,Cloudy,5,0,58,11,5,8,1,1,48624,42,Home Win,5,5,5,16,16,16,2024,5,Wednesday
MTC-22210,2024-05-29,Premier Division,Chennai Titans,Delhi Dynamos,Neutral,Cloudy,1,0,58,10,3,16,0,0,24679,42,Home Win,1,1,1,13,16,16,2024,5,Wednesday
MTC-23670,2024-05-29,Premier Division,Kerala Blasters,Delhi Dynamos,Away,Windy,3,1,50,10,4,24,3,0,14002,50,Home Win,4,2,2,14,0,0,2024,5,Wednesday
MTC-22616,2024-05-29,Championship League,Mumbai United,Pune Warriors,Away,Rainy,4,0,57,9,10,17,6,1,50191,43,Home Win,4,4,4,19,14,14,2024,5,Wednesday
MTC-22160,2024-05-29,Cup Series,Jaipur Lions,Hyderabad Falcons,Away,Clear,3,3,37,14,2,15,1,0,12859,63,Draw,6,0,0,16,-26,26,2024,5,Wednesday
MTC-21392,2024-05-29,Cup Series,Bengaluru FC,Hyderabad Falcons,Away,Rainy,3,5,63,0,7,17,2,1,29824,37,Away Win,8,-2,2,7,26,26,2024,5,Wednesday
MTC-22957,2024-05-30,Premier Division,Jaipur Lions,Goa Sharks,Neutral,Rainy,4,0,47,4,9,24,4,0,17321,53,Home Win,4,4,4,13,-6,6,2024,5,Thursday
MTC-23047,2024-05-31,Championship League,Hyderabad Falcons,Kerala Blasters,Home,Cloudy,1,1,43,5,3,19,2,1,44543,57,Draw,2,0,0,8,-14,14,2024,5,Friday
MTC-22318,2024-05-31,Championship League,Goa Sharks,Hyderabad Falcons,Home,Rainy,4,4,54,5,8,16,4,0,14449,46,Draw,8,0,0,13,8,8,2024,5,Friday
MTC-22295,2024-05-31,Premier Division,Pune Warriors,Goa Sharks,Away,Rainy,5,2,38,11,13,17,0,1,57388,62,Home Win,7,3,3,24,-24,24,2024,5,Friday
MTC-23644,2024-06-01,Cup Series,Mumbai United,Chennai Titans,Neutral,Clear,0,1,69,0,14,23,0,0,3202,31,Away Win,1,-1,1,14,38,38,2024,6,Saturday
MTC-20005,2024-06-01,Cup Series,Goa Sharks,Kerala Blasters,Away,Cloudy,5,2,36,5,5,5,1,1,37829,64,Home Win,7,3,3,10,-28,28,2024,6,Saturday
MTC-23273,2024-06-01,Championship League,Hyderabad Falcons,Delhi Dynamos,Home,Cloudy,4,4,65,12,0,9,2,1,44735,35,Draw,8,0,0,12,30,30,2024,6,Saturday
MTC-20444,2024-06-01,Championship League,Pune Warriors,Kerala Blasters,Home,Rainy,1,5,55,14,2,6,0,0,2116,45,Away Win,6,-4,4,16,10,10,2024,6,Saturday
MTC-23029,2024-06-03,Premier Division,Chennai Titans,Delhi Dynamos,Away,Clear,4,2,63,14,2,22,0,0,53374,37,Home Win,6,2,2,16,26,26,2024,6,Monday
MTC-20744,2024-06-03,Premier Division,Pune Warriors,Mumbai United,Neutral,Cloudy,4,0,47,0,11,6,2,0,60822,53,Home Win,4,4,4,11,-6,6,2024,6,Monday
MTC-21876,2024-06-04,Premier Division,Goa Sharks,Kerala Blasters,Home,Rainy,5,2,36,12,9,12,1,0,53495,64,Home Win,7,3,3,21,-28,28,2024,6,Tuesday
MTC-22826,2024-06-05,Premier Division,Pune Warriors,Mumbai United,Away,Rainy,3,0,66,14,14,5,0,1,50035,34,Home Win,3,3,3,28,32,32,2024,6,Wednesday
MTC-21724,2024-06-05,Premier Division,Bengaluru FC,Hyderabad Falcons,Home,Clear,3,0,44,3,11,11,6,1,42233,56,Home Win,3,3,3,14,-12,12,2024,6,Wednesday
MTC-21533,2024-06-05,Cup Series,Bengaluru FC,Hyderabad Falcons,Away,Windy,0,5,40,6,10,16,3,0,58770,60,Away Win,5,-5,5,16,-20,20,2024,6,Wednesday
MTC-21991,2024-06-05,Premier Division,Kerala Blasters,Jaipur Lions,Away,Rainy,1,5,58,4,11,10,4,0,59047,42,Away Win,6,-4,4,15,16,16,2024,6,Wednesday
MTC-21232,2024-06-06,Cup Series,Jaipur Lions,Mumbai United,Neutral,Clear,2,3,67,7,7,20,2,1,46351,33,Away Win,5,-1,1,14,34,34,2024,6,Thursday
MTC-23518,2024-06-06,Championship League,Mumbai United,Pune Warriors,Neutral,Windy,1,4,30,12,2,8,5,0,44996,70,Away Win,5,-3,3,14,-40,40,2024,6,Thursday
MTC-23773,2024-06-07,Premier Division,Bengaluru FC,Goa Sharks,Home,Windy,1,3,58,9,1,9,1,0,58013,42,Away Win,4,-2,2,10,16,16,2024,6,Friday
MTC-20349,2024-06-07,Cup Series,Mumbai United,Bengaluru FC,Away,Clear,0,0,61,12,8,8,5,0,30764,39,Draw,0,0,0,20,22,22,2024,6,Friday
MTC-23054,2024-06-07,Premier Division,Delhi Dynamos,Mumbai United,Neutral,Rainy,5,5,53,5,12,11,3,0,8493,47,Draw,10,0,0,17,6,6,2024,6,Friday
MTC-23582,2024-06-08,Premier Division,Goa Sharks,Bengaluru FC,Home,Cloudy,2,5,49,3,12,19,6,1,48116,51,Away Win,7,-3,3,15,-2,2,2024,6,Saturday
MTC-21486,2024-06-08,Cup Series,Kerala Blasters,Hyderabad Falcons,Away,Rainy,5,0,53,14,10,23,2,1,50639,47,Home Win,5,5,5,24,6,6,2024,6,Saturday
MTC-22925,2024-06-08,Premier Division,Delhi Dynamos,Kerala Blasters,Home,Rainy,1,2,55,13,4,14,4,0,51357,45,Away Win,3,-1,1,17,10,10,2024,6,Saturday
MTC-20896,2024-06-08,Championship League,Delhi Dynamos,Mumbai United,Home,Clear,1,3,36,10,14,8,6,0,31512,64,Away Win,4,-2,2,24,-28,28,2024,6,Saturday
MTC-22335,2024-06-08,Championship League,Kerala Blasters,Hyderabad Falcons,Home,Clear,4,0,45,8,14,15,2,0,52950,55,Home Win,4,4,4,22,-10,10,2024,6,Saturday
MTC-23205,2024-06-08,Cup Series,Delhi Dynamos,Jaipur Lions,Neutral,Cloudy,1,0,40,12,9,20,4,1,55415,60,Home Win,1,1,1,21,-20,20,2024,6,Saturday
MTC-22305,2024-06-09,Cup Series,Pune Warriors,Kolkata Strikers,Away,Cloudy,5,5,51,2,4,20,6,1,37037,49,Draw,10,0,0,6,2,2,2024,6,Sunday
MTC-22007,2024-06-09,Premier Division,Pune Warriors,Chennai Titans,Home,Cloudy,2,2,53,1,9,6,2,1,23041,47,Draw,4,0,0,10,6,6,2024,6,Sunday
MTC-22237,2024-06-09,Championship League,Jaipur Lions,Pune Warriors,Home,Rainy,4,5,39,12,6,15,6,0,6475,61,Away Win,9,-1,1,18,-22,22,2024,6,Sunday
MTC-21133,2024-06-09,Championship League,Delhi Dynamos,Goa Sharks,Home,Rainy,2,3,53,11,1,22,3,0,26250,47,Away Win,5,-1,1,12,6,6,2024,6,Sunday
MTC-21191,2024-06-10,Championship League,Pune Warriors,Mumbai United,Neutral,Windy,5,5,49,0,12,12,0,1,27097,51,Draw,10,0,0,12,-2,2,2024,6,Monday
MTC-23090,2024-06-10,Premier Division,Pune Warriors,Kolkata Strikers,Away,Rainy,4,2,31,2,0,10,6,0,63917,69,Home Win,6,2,2,2,-38,38,2024,6,Monday
MTC-20282,2024-06-11,Cup Series,Pune Warriors,Jaipur Lions,Home,Rainy,1,2,69,10,11,21,2,0,61193,31,Away Win,3,-1,1,21,38,38,2024,6,Tuesday
MTC-20445,2024-06-11,Cup Series,Pune Warriors,Hyderabad Falcons,Away,Clear,1,4,37,6,14,21,1,0,38746,63,Away Win,5,-3,3,20,-26,26,2024,6,Tuesday
MTC-22135,2024-06-11,Premier Division,Delhi Dynamos,Pune Warriors,Away,Clear,4,5,31,9,6,12,6,1,5644,69,Away Win,9,-1,1,15,-38,38,2024,6,Tuesday
MTC-23236,2024-06-11,Premier Division,Kolkata Strikers,Jaipur Lions,Neutral,Windy,4,2,68,13,0,13,1,1,47995,32,Home Win,6,2,2,13,36,36,2024,6,Tuesday
MTC-21460,2024-06-11,Cup Series,Hyderabad Falcons,Kerala Blasters,Home,Cloudy,5,2,56,6,0,23,2,1,7754,44,Home Win,7,3,3,6,12,12,2024,6,Tuesday
MTC-22220,2024-06-11,Premier Division,Bengaluru FC,Kerala Blasters,Away,Clear,5,4,66,4,1,12,1,1,28295,34,Home Win,9,1,1,5,32,32,2024,6,Tuesday
MTC-22589,2024-06-12,Premier Division,Delhi Dynamos,Kolkata Strikers,Neutral,Windy,1,1,32,4,11,5,6,1,59091,68,Draw,2,0,0,15,-36,36,2024,6,Wednesday
MTC-21771,2024-06-12,Cup Series,Bengaluru FC,Hyderabad Falcons,Neutral,Clear,0,4,68,5,7,22,5,1,9946,32,Away Win,4,-4,4,12,36,36,2024,6,Wednesday
MTC-21196,2024-06-12,Championship League,Bengaluru FC,Kolkata Strikers,Neutral,Rainy,5,3,48,8,5,21,4,1,3078,52,Home Win,8,2,2,13,-4,4,2024,6,Wednesday
MTC-23488,2024-06-13,Cup Series,Kerala Blasters,Goa Sharks,Home,Clear,2,5,65,8,9,24,0,0,34473,35,Away Win,7,-3,3,17,30,30,2024,6,Thursday
MTC-23758,2024-06-13,Premier Division,Kolkata Strikers,Mumbai United,Away,Clear,2,4,39,2,7,21,6,0,58898,61,Away Win,6,-2,2,9,-22,22,2024,6,Thursday
MTC-20473,2024-06-13,Championship League,Hyderabad Falcons,Chennai Titans,Away,Rainy,4,2,36,13,13,11,4,0,20193,64,Home Win,6,2,2,26,-28,28,2024,6,Thursday
MTC-21584,2024-06-14,Premier Division,Chennai Titans,Goa Sharks,Away,Windy,4,3,59,10,9,22,6,0,10534,41,Home Win,7,1,1,19,18,18,2024,6,Friday
MTC-21203,2024-06-14,Championship League,Goa Sharks,Pune Warriors,Away,Windy,0,5,55,10,12,22,1,0,20979,45,Away Win,5,-5,5,22,10,10,2024,6,Friday
MTC-23121,2024-06-14,Cup Series,Kerala Blasters,Delhi Dynamos,Neutral,Rainy,5,5,46,11,5,9,3,1,42347,54,Draw,10,0,0,16,-8,8,2024,6,Friday
MTC-22279,2024-06-14,Premier Division,Pune Warriors,Mumbai United,Home,Cloudy,5,1,31,14,9,18,6,0,25213,69,Home Win,6,4,4,23,-38,38,2024,6,Friday
MTC-21923,2024-06-15,Championship League,Hyderabad Falcons,Kerala Blasters,Home,Windy,1,4,61,7,2,19,3,1,35195,39,Away Win,5,-3,3,9,22,22,2024,6,Saturday
MTC-22241,2024-06-15,Championship League,Goa Sharks,Delhi Dynamos,Home,Rainy,1,2,51,7,7,22,6,0,51154,49,Away Win,3,-1,1,14,2,2,2024,6,Saturday
MTC-21383,2024-06-15,Championship League,Mumbai United,Delhi Dynamos,Home,Cloudy,5,5,54,5,14,10,0,0,6116,46,Draw,10,0,0,19,8,8,2024,6,Saturday
MTC-20302,2024-06-15,Championship League,Goa Sharks,Bengaluru FC,Home,Clear,2,1,64,11,1,21,6,0,39912,36,Home Win,3,1,1,12,28,28,2024,6,Saturday
MTC-22049,2024-06-15,Premier Division,Jaipur Lions,Pune Warriors,Home,Windy,2,2,42,11,14,11,6,0,55047,58,Draw,4,0,0,25,-16,16,2024,6,Saturday
MTC-20653,2024-06-15,Premier Division,Mumbai United,Chennai Titans,Away,Rainy,3,1,67,10,4,17,4,0,42655,33,Home Win,4,2,2,14,34,34,2024,6,Saturday
MTC-20752,2024-06-15,Cup Series,Kerala Blasters,Hyderabad Falcons,Neutral,Clear,4,3,70,14,7,9,5,1,26220,30,Home Win,7,1,1,21,40,40,2024,6,Saturday
MTC-20560,2024-06-15,Cup Series,Kerala Blasters,Bengaluru FC,Away,Rainy,4,3,32,4,6,17,6,1,55835,68,Home Win,7,1,1,10,-36,36,2024,6,Saturday
MTC-23045,2024-06-16,Cup Series,Kerala Blasters,Hyderabad Falcons,Away,Clear,3,3,51,6,9,20,6,0,44500,49,Draw,6,0,0,15,2,2,2024,6,Sunday
MTC-23012,2024-06-16,Cup Series,Kerala Blasters,Goa Sharks,Away,Clear,2,2,65,13,8,18,0,0,34748,35,Draw,4,0,0,21,30,30,2024,6,Sunday
MTC-23448,2024-06-16,Championship League,Pune Warriors,Mumbai United,Away,Windy,3,2,57,12,6,14,0,0,62056,43,Home Win,5,1,1,18,14,14,2024,6,Sunday
MTC-22614,2024-06-16,Cup Series,Jaipur Lions,Delhi Dynamos,Away,Rainy,1,4,42,9,7,20,1,0,26997,58,Away Win,5,-3,3,16,-16,16,2024,6,Sunday
MTC-21655,2024-06-16,Championship League,Bengaluru FC,Mumbai United,Home,Cloudy,4,4,43,1,8,10,6,0,13403,57,Draw,8,0,0,9,-14,14,2024,6,Sunday
MTC-20662,2024-06-17,Premier Division,Jaipur Lions,Goa Sharks,Neutral,Cloudy,5,1,44,12,0,12,3,0,14034,56,Home Win,6,4,4,12,-12,12,2024,6,Monday
MTC-21326,2024-06-17,Cup Series,Goa Sharks,Chennai Titans,Neutral,Clear,3,1,63,8,0,22,5,1,52897,37,Home Win,4,2,2,8,26,26,2024,6,Monday
MTC-23753,2024-06-17,Championship League,Chennai Titans,Jaipur Lions,Away,Cloudy,2,4,57,0,1,18,2,1,43952,43,Away Win,6,-2,2,1,14,14,2024,6,Monday
MTC-20360,2024-06-17,Cup Series,Jaipur Lions,Bengaluru FC,Home,Windy,0,5,46,14,9,9,6,0,49214,54,Away Win,5,-5,5,23,-8,8,2024,6,Monday
MTC-23395,2024-06-18,Championship League,Hyderabad Falcons,Pune Warriors,Away,Cloudy,0,3,31,2,12,8,4,1,46773,69,Away Win,3,-3,3,14,-38,38,2024,6,Tuesday
MTC-21506,2024-06-18,Championship League,Kolkata Strikers,Hyderabad Falcons,Away,Windy,1,4,50,11,7,22,3,0,56800,50,Away Win,5,-3,3,18,0,0,2024,6,Tuesday
MTC-23519,2024-06-18,Premier Division,Mumbai United,Jaipur Lions,Neutral,Clear,1,1,66,7,6,19,1,1,28901,34,Draw,2,0,0,13,32,32,2024,6,Tuesday
MTC-21677,2024-06-18,Cup Series,Bengaluru FC,Kerala Blasters,Neutral,Clear,1,1,58,13,12,7,2,0,21412,42,Draw,2,0,0,25,16,16,2024,6,Tuesday
MTC-21154,2024-06-18,Championship League,Jaipur Lions,Pune Warriors,Home,Rainy,3,4,51,1,1,6,5,0,34937,49,Away Win,7,-1,1,2,2,2,2024,6,Tuesday
MTC-22852,2024-06-19,Championship League,Chennai Titans,Goa Sharks,Neutral,Rainy,2,2,51,3,9,19,5,0,21328,49,Draw,4,0,0,12,2,2,2024,6,Wednesday
MTC-22257,2024-06-19,Cup Series,Goa Sharks,Chennai Titans,Home,Clear,3,3,45,10,4,17,5,0,12899,55,Draw,6,0,0,14,-10,10,2024,6,Wednesday
MTC-21836,2024-06-19,Championship League,Kerala Blasters,Kolkata Strikers,Neutral,Cloudy,0,5,49,13,2,23,6,0,61957,51,Away Win,5,-5,5,15,-2,2,2024,6,Wednesday
MTC-21156,2024-06-20,Premier Division,Chennai Titans,Goa Sharks,Away,Clear,1,1,60,13,3,8,1,0,43094,40,Draw,2,0,0,16,20,20,2024,6,Thursday
MTC-21068,2024-06-20,Championship League,Chennai Titans,Mumbai United,Away,Cloudy,1,1,58,2,1,14,6,0,18759,42,Draw,2,0,0,3,16,16,2024,6,Thursday
MTC-20958,2024-06-20,Championship League,Delhi Dynamos,Goa Sharks,Home,Clear,3,4,39,6,5,6,1,1,56179,61,Away Win,7,-1,1,11,-22,22,2024,6,Thursday
MTC-21454,2024-06-20,Cup Series,Delhi Dynamos,Hyderabad Falcons,Home,Clear,2,4,50,3,8,11,3,1,11620,50,Away Win,6,-2,2,11,0,0,2024,6,Thursday
MTC-21652,2024-06-21,Championship League,Pune Warriors,Delhi Dynamos,Away,Windy,4,3,46,7,5,17,2,1,13712,54,Home Win,7,1,1,12,-8,8,2024,6,Friday
MTC-21107,2024-06-21,Cup Series,Delhi Dynamos,Goa Sharks,Home,Cloudy,3,4,47,10,13,19,2,0,61394,53,Away Win,7,-1,1,23,-6,6,2024,6,Friday
MTC-22079,2024-06-21,Premier Division,Mumbai United,Hyderabad Falcons,Neutral,Cloudy,5,0,60,5,13,13,0,1,7375,40,Home Win,5,5,5,18,20,20,2024,6,Friday
MTC-21569,2024-06-21,Premier Division,Hyderabad Falcons,Jaipur Lions,Away,Windy,0,2,55,5,6,6,2,0,54453,45,Away Win,2,-2,2,11,10,10,2024,6,Friday
MTC-21498,2024-06-23,Premier Division,Pune Warriors,Hyderabad Falcons,Home,Cloudy,2,5,62,11,11,6,1,1,17018,38,Away Win,7,-3,3,22,24,24,2024,6,Sunday
MTC-22365,2024-06-23,Premier Division,Kolkata Strikers,Jaipur Lions,Home,Clear,1,1,46,2,10,22,5,1,8580,54,Draw,2,0,0,12,-8,8,2024,6,Sunday
MTC-21838,2024-06-24,Championship League,Jaipur Lions,Pune Warriors,Away,Cloudy,4,0,53,5,6,21,1,0,19951,47,Home Win,4,4,4,11,6,6,2024,6,Monday
MTC-21183,2024-06-24,Premier Division,Pune Warriors,Kolkata Strikers,Neutral,Windy,4,2,55,9,4,12,0,1,45688,45,Home Win,6,2,2,13,10,10,2024,6,Monday
MTC-23684,2024-06-24,Premier Division,Goa Sharks,Pune Warriors,Away,Rainy,5,5,30,2,2,12,3,1,27641,70,Draw,10,0,0,4,-40,40,2024,6,Monday
MTC-22874,2024-06-24,Championship League,Pune Warriors,Delhi Dynamos,Away,Windy,4,0,35,12,2,5,6,1,26625,65,Home Win,4,4,4,14,-30,30,2024,6,Monday
MTC-20000,2024-06-25,Championship League,Jaipur Lions,Hyderabad Falcons,Away,Cloudy,2,4,66,14,12,15,3,0,34942,34,Away Win,6,-2,2,26,32,32,2024,6,Tuesday
MTC-21117,2024-06-25,Premier Division,Delhi Dynamos,Kerala Blasters,Home,Clear,0,1,47,6,0,24,4,0,19981,53,Away Win,1,-1,1,6,-6,6,2024,6,Tuesday
MTC-20502,2024-06-25,Cup Series,Hyderabad Falcons,Kolkata Strikers,Away,Rainy,4,4,45,1,11,17,2,0,63234,55,Draw,8,0,0,12,-10,10,2024,6,Tuesday
MTC-22679,2024-06-25,Championship League,Hyderabad Falcons,Goa Sharks,Home,Rainy,1,2,53,8,6,16,2,0,58629,47,Away Win,3,-1,1,14,6,6,2024,6,Tuesday
MTC-20069,2024-06-25,Premier Division,Hyderabad Falcons,Pune Warriors,Neutral,Windy,0,5,68,13,14,9,4,0,50231,32,Away Win,5,-5,5,27,36,36,2024,6,Tuesday
MTC-21466,2024-06-25,Championship League,Jaipur Lions,Delhi Dynamos,Away,Rainy,3,4,69,9,0,11,2,0,30655,31,Away Win,7,-1,1,9,38,38,2024,6,Tuesday
MTC-21665,2024-06-25,Premier Division,Chennai Titans,Goa Sharks,Neutral,Windy,2,3,65,6,12,14,3,0,62223,35,Away Win,5,-1,1,18,30,30,2024,6,Tuesday
MTC-20610,2024-06-26,Premier Division,Bengaluru FC,Mumbai United,Away,Cloudy,3,3,51,14,6,24,5,0,54144,49,Draw,6,0,0,20,2,2,2024,6,Wednesday
MTC-23078,2024-06-26,Cup Series,Bengaluru FC,Pune Warriors,Away,Cloudy,3,1,59,3,10,19,0,0,34002,41,Home Win,4,2,2,13,18,18,2024,6,Wednesday
MTC-23303,2024-06-26,Cup Series,Goa Sharks,Bengaluru FC,Neutral,Cloudy,0,1,45,6,6,5,1,0,14820,55,Away Win,1,-1,1,12,-10,10,2024,6,Wednesday
MTC-21378,2024-06-26,Premier Division,Goa Sharks,Hyderabad Falcons,Away,Clear,2,5,66,4,13,14,2,1,22051,34,Away Win,7,-3,3,17,32,32,2024,6,Wednesday
MTC-22306,2024-06-26,Premier Division,Delhi Dynamos,Jaipur Lions,Home,Clear,5,4,47,9,1,13,4,1,29651,53,Home Win,9,1,1,10,-6,6,2024,6,Wednesday
MTC-22635,2024-06-27,Championship League,Bengaluru FC,Kerala Blasters,Neutral,Windy,3,1,59,3,1,8,1,1,36215,41,Home Win,4,2,2,4,18,18,2024,6,Thursday
MTC-21574,2024-06-27,Premier Division,Jaipur Lions,Goa Sharks,Away,Cloudy,4,2,40,4,5,15,0,1,9650,60,Home Win,6,2,2,9,-20,20,2024,6,Thursday
MTC-20225,2024-06-28,Championship League,Delhi Dynamos,Hyderabad Falcons,Away,Windy,3,1,69,6,7,18,3,0,46731,31,Home Win,4,2,2,13,38,38,2024,6,Friday
MTC-22070,2024-06-28,Championship League,Mumbai United,Delhi Dynamos,Home,Clear,0,4,70,9,0,11,2,1,32845,30,Away Win,4,-4,4,9,40,40,2024,6,Friday
MTC-20320,2024-06-28,Cup Series,Kolkata Strikers,Hyderabad Falcons,Away,Windy,1,1,62,14,10,7,4,0,48964,38,Draw,2,0,0,24,24,24,2024,6,Friday
MTC-23581,2024-06-28,Championship League,Bengaluru FC,Kerala Blasters,Away,Cloudy,2,3,37,2,12,17,2,0,13278,63,Away Win,5,-1,1,14,-26,26,2024,6,Friday
MTC-23184,2024-06-28,Championship League,Mumbai United,Kerala Blasters,Away,Clear,3,4,37,14,6,10,4,1,45364,63,Away Win,7,-1,1,20,-26,26,2024,6,Friday
MTC-21044,2024-06-28,Championship League,Kerala Blasters,Bengaluru FC,Home,Windy,5,3,30,3,2,8,5,0,40143,70,Home Win,8,2,2,5,-40,40,2024,6,Friday
MTC-22681,2024-06-29,Cup Series,Chennai Titans,Goa Sharks,Home,Cloudy,4,0,69,13,7,13,4,0,59533,31,Home Win,4,4,4,20,38,38,2024,6,Saturday
MTC-23274,2024-06-29,Championship League,Delhi Dynamos,Mumbai United,Neutral,Windy,2,1,48,9,2,20,0,1,2369,52,Home Win,3,1,1,11,-4,4,2024,6,Saturday
MTC-20644,2024-06-29,Premier Division,Chennai Titans,Kolkata Strikers,Home,Clear,1,1,47,8,11,8,0,0,55425,53,Draw,2,0,0,19,-6,6,2024,6,Saturday
MTC-20659,2024-06-29,Premier Division,Delhi Dynamos,Pune Warriors,Neutral,Cloudy,0,4,32,9,2,20,4,1,25297,68,Away Win,4,-4,4,11,-36,36,2024,6,Saturday
MTC-22595,2024-06-29,Cup Series,Goa Sharks,Kerala Blasters,Neutral,Rainy,0,2,52,5,2,14,1,1,23075,48,Away Win,2,-2,2,7,4,4,2024,6,Saturday
MTC-23325,2024-06-29,Cup Series,Goa Sharks,Bengaluru FC,Neutral,Rainy,1,3,41,2,1,19,6,0,46173,59,Away Win,4,-2,2,3,-18,18,2024,6,Saturday
MTC-21800,2024-06-29,Championship League,Jaipur Lions,Delhi Dynamos,Neutral,Windy,0,5,68,11,1,18,3,0,15903,32,Away Win,5,-5,5,12,36,36,2024,6,Saturday
MTC-23493,2024-06-29,Cup Series,Mumbai United,Jaipur Lions,Neutral,Cloudy,0,2,46,12,5,9,1,1,39457,54,Away Win,2,-2,2,17,-8,8,2024,6,Saturday
MTC-21189,2024-06-29,Championship League,Chennai Titans,Pune Warriors,Away,Rainy,3,0,42,2,11,16,2,0,27078,58,Home Win,3,3,3,13,-16,16,2024,6,Saturday
MTC-21961,2024-06-30,Championship League,Chennai Titans,Mumbai United,Home,Clear,1,3,37,6,4,12,0,0,61457,63,Away Win,4,-2,2,10,-26,26,2024,6,Sunday
MTC-23321,2024-06-30,Cup Series,Bengaluru FC,Kerala Blasters,Away,Windy,5,0,56,7,4,16,6,1,28829,44,Home Win,5,5,5,11,12,12,2024,6,Sunday
MTC-20840,2024-06-30,Championship League,Mumbai United,Chennai Titans,Away,Clear,5,2,54,7,3,8,1,0,28339,46,Home Win,7,3,3,10,8,8,2024,6,Sunday
MTC-21322,2024-06-30,Cup Series,Hyderabad Falcons,Delhi Dynamos,Home,Rainy,0,2,41,13,2,10,0,0,64956,59,Away Win,2,-2,2,15,-18,18,2024,6,Sunday
MTC-22760,2024-06-30,Cup Series,Jaipur Lions,Mumbai United,Away,Cloudy,0,5,65,9,12,14,5,0,56319,35,Away Win,5,-5,5,21,30,30,2024,6,Sunday
MTC-22234,2024-07-01,Championship League,Jaipur Lions,Mumbai United,Home,Cloudy,1,0,49,1,10,6,1,1,15654,51,Home Win,1,1,1,11,-2,2,2024,7,Monday
MTC-21008,2024-07-02,Premier Division,Kerala Blasters,Goa Sharks,Away,Cloudy,0,5,33,3,14,7,3,0,4996,67,Away Win,5,-5,5,17,-34,34,2024,7,Tuesday
MTC-20809,2024-07-02,Premier Division,Mumbai United,Kolkata Strikers,Away,Windy,0,0,43,8,4,21,3,1,6472,57,Draw,0,0,0,12,-14,14,2024,7,Tuesday
MTC-20288,2024-07-02,Premier Division,Chennai Titans,Kolkata Strikers,Neutral,Cloudy,4,1,43,4,2,16,5,1,19941,57,Home Win,5,3,3,6,-14,14,2024,7,Tuesday
MTC-23285,2024-07-02,Cup Series,Delhi Dynamos,Chennai Titans,Home,Clear,2,1,45,9,5,20,2,0,49790,55,Home Win,3,1,1,14,-10,10,2024,7,Tuesday
MTC-22887,2024-07-03,Championship League,Chennai Titans,Kolkata Strikers,Neutral,Cloudy,4,4,50,12,11,16,4,1,8777,50,Draw,8,0,0,23,0,0,2024,7,Wednesday
MTC-22757,2024-07-03,Championship League,Jaipur Lions,Bengaluru FC,Home,Rainy,1,2,41,14,6,16,4,1,50653,59,Away Win,3,-1,1,20,-18,18,2024,7,Wednesday
MTC-23712,2024-07-03,Premier Division,Hyderabad Falcons,Chennai Titans,Neutral,Clear,5,3,56,2,8,5,3,0,7447,44,Home Win,8,2,2,10,12,12,2024,7,Wednesday
MTC-23386,2024-07-03,Premier Division,Kerala Blasters,Pune Warriors,Home,Cloudy,5,4,46,2,3,22,3,1,58795,54,Home Win,9,1,1,5,-8,8,2024,7,Wednesday
MTC-22042,2024-07-03,Championship League,Chennai Titans,Bengaluru FC,Home,Clear,3,0,46,10,1,16,0,0,37462,54,Home Win,3,3,3,11,-8,8,2024,7,Wednesday
MTC-21049,2024-07-04,Premier Division,Pune Warriors,Hyderabad Falcons,Neutral,Cloudy,2,5,39,10,6,6,4,1,32422,61,Away Win,7,-3,3,16,-22,22,2024,7,Thursday
MTC-23598,2024-07-05,Championship League,Delhi Dynamos,Bengaluru FC,Neutral,Cloudy,5,3,54,8,9,7,3,0,52947,46,Home Win,8,2,2,17,8,8,2024,7,Friday
MTC-21572,2024-07-05,Premier Division,Delhi Dynamos,Chennai Titans,Away,Rainy,2,1,65,3,11,15,1,1,3659,35,Home Win,3,1,1,14,30,30,2024,7,Friday
MTC-21619,2024-07-05,Cup Series,Jaipur Lions,Kolkata Strikers,Home,Rainy,4,3,52,13,6,11,2,0,17521,48,Home Win,7,1,1,19,4,4,2024,7,Friday
MTC-23528,2024-07-05,Premier Division,Chennai Titans,Kerala Blasters,Neutral,Clear,3,0,33,11,8,14,4,1,6204,67,Home Win,3,3,3,19,-34,34,2024,7,Friday
MTC-22526,2024-07-05,Championship League,Bengaluru FC,Delhi Dynamos,Home,Cloudy,4,3,67,0,4,21,4,1,54769,33,Home Win,7,1,1,4,34,34,2024,7,Friday
MTC-22837,2024-07-06,Cup Series,Delhi Dynamos,Kolkata Strikers,Neutral,Clear,1,0,45,13,14,10,4,0,36934,55,Home Win,1,1,1,27,-10,10,2024,7,Saturday
MTC-21620,2024-07-06,Championship League,Kolkata Strikers,Goa Sharks,Home,Cloudy,4,0,34,4,0,15,1,0,52599,66,Home Win,4,4,4,4,-32,32,2024,7,Saturday
MTC-22174,2024-07-06,Premier Division,Delhi Dynamos,Chennai Titans,Away,Clear,3,1,49,12,9,12,3,1,64004,51,Home Win,4,2,2,21,-2,2,2024,7,Saturday
MTC-23793,2024-07-07,Championship League,Hyderabad Falcons,Delhi Dynamos,Home,Cloudy,3,5,34,8,7,15,6,1,30879,66,Away Win,8,-2,2,15,-32,32,2024,7,Sunday
MTC-20633,2024-07-07,Cup Series,Jaipur Lions,Kolkata Strikers,Away,Rainy,2,1,31,11,10,19,3,0,9705,69,Home Win,3,1,1,21,-38,38,2024,7,Sunday
MTC-21928,2024-07-07,Premier Division,Goa Sharks,Jaipur Lions,Neutral,Clear,2,2,65,6,13,24,2,0,18776,35,Draw,4,0,0,19,30,30,2024,7,Sunday
MTC-23344,2024-07-08,Premier Division,Kolkata Strikers,Bengaluru FC,Home,Windy,0,4,39,13,5,7,4,1,56542,61,Away Win,4,-4,4,18,-22,22,2024,7,Monday
MTC-22846,2024-07-08,Premier Division,Kolkata Strikers,Bengaluru FC,Home,Windy,1,1,56,4,4,17,2,1,43777,44,Draw,2,0,0,8,12,12,2024,7,Monday
MTC-22938,2024-07-08,Championship League,Bengaluru FC,Kerala Blasters,Away,Clear,3,5,59,3,9,12,5,0,29567,41,Away Win,8,-2,2,12,18,18,2024,7,Monday
MTC-22473,2024-07-08,Cup Series,Kerala Blasters,Pune Warriors,Away,Clear,5,5,32,3,8,15,1,1,59117,68,Draw,10,0,0,11,-36,36,2024,7,Monday
MTC-20114,2024-07-08,Premier Division,Kolkata Strikers,Chennai Titans,Home,Windy,1,5,39,13,2,24,0,1,63383,61,Away Win,6,-4,4,15,-22,22,2024,7,Monday
MTC-21808,2024-07-10,Cup Series,Jaipur Lions,Mumbai United,Neutral,Cloudy,3,4,30,7,7,15,1,0,52641,70,Away Win,7,-1,1,14,-40,40,2024,7,Wednesday
MTC-23091,2024-07-10,Championship League,Chennai Titans,Delhi Dynamos,Neutral,Rainy,4,2,66,11,6,11,1,0,49979,34,Home Win,6,2,2,17,32,32,2024,7,Wednesday
MTC-23479,2024-07-10,Cup Series,Bengaluru FC,Delhi Dynamos,Home,Cloudy,1,4,54,4,13,24,1,0,20909,46,Away Win,5,-3,3,17,8,8,2024,7,Wednesday
MTC-23070,2024-07-10,Championship League,Kerala Blasters,Kolkata Strikers,Neutral,Clear,5,5,60,10,12,24,3,0,8579,40,Draw,10,0,0,22,20,20,2024,7,Wednesday
MTC-21263,2024-07-10,Championship League,Kerala Blasters,Pune Warriors,Away,Clear,3,2,40,13,14,23,3,0,11521,60,Home Win,5,1,1,27,-20,20,2024,7,Wednesday
MTC-22685,2024-07-10,Premier Division,Kolkata Strikers,Mumbai United,Home,Clear,5,0,49,0,0,17,4,1,29400,51,Home Win,5,5,5,0,-2,2,2024,7,Wednesday
MTC-23092,2024-07-11,Premier Division,Chennai Titans,Kerala Blasters,Home,Clear,1,0,70,0,1,24,6,1,55391,30,Home Win,1,1,1,1,40,40,2024,7,Thursday
MTC-22646,2024-07-11,Championship League,Delhi Dynamos,Bengaluru FC,Home,Cloudy,3,4,43,10,1,8,0,0,25425,57,Away Win,7,-1,1,11,-14,14,2024,7,Thursday
MTC-20232,2024-07-11,Premier Division,Goa Sharks,Kolkata Strikers,Away,Cloudy,5,3,40,4,7,22,3,0,40733,60,Home Win,8,2,2,11,-20,20,2024,7,Thursday
MTC-22981,2024-07-11,Premier Division,Chennai Titans,Pune Warriors,Neutral,Cloudy,2,3,65,10,1,15,2,0,38062,35,Away Win,5,-1,1,11,30,30,2024,7,Thursday
MTC-20195,2024-07-11,Premier Division,Chennai Titans,Kerala Blasters,Away,Clear,1,3,50,11,11,15,2,1,9271,50,Away Win,4,-2,2,22,0,0,2024,7,Thursday
MTC-21356,2024-07-11,Championship League,Kolkata Strikers,Mumbai United,Neutral,Rainy,5,4,56,9,9,19,5,0,50092,44,Home Win,9,1,1,18,12,12,2024,7,Thursday
MTC-23636,2024-07-12,Premier Division,Kerala Blasters,Mumbai United,Away,Cloudy,0,0,57,7,0,14,0,1,52156,43,Draw,0,0,0,7,14,14,2024,7,Friday
MTC-20814,2024-07-12,Championship League,Kolkata Strikers,Bengaluru FC,Home,Cloudy,3,2,52,5,13,9,1,0,25265,48,Home Win,5,1,1,18,4,4,2024,7,Friday
MTC-23259,2024-07-12,Cup Series,Delhi Dynamos,Kolkata Strikers,Neutral,Rainy,5,1,38,1,11,13,0,0,29638,62,Home Win,6,4,4,12,-24,24,2024,7,Friday
MTC-22746,2024-07-12,Cup Series,Jaipur Lions,Goa Sharks,Neutral,Rainy,1,5,43,1,10,9,3,0,62785,57,Away Win,6,-4,4,11,-14,14,2024,7,Friday
MTC-23074,2024-07-12,Premier Division,Delhi Dynamos,Kolkata Strikers,Neutral,Rainy,2,2,46,9,11,5,1,1,40898,54,Draw,4,0,0,20,-8,8,2024,7,Friday
MTC-22193,2024-07-12,Championship League,Mumbai United,Pune Warriors,Home,Rainy,4,5,64,5,14,7,5,1,59537,36,Away Win,9,-1,1,19,28,28,2024,7,Friday
MTC-23763,2024-07-13,Cup Series,Chennai Titans,Goa Sharks,Home,Windy,5,0,57,5,3,23,5,0,58285,43,Home Win,5,5,5,8,14,14,2024,7,Saturday
MTC-20480,2024-07-13,Championship League,Kerala Blasters,Delhi Dynamos,Away,Clear,5,5,36,1,7,9,0,1,20092,64,Draw,10,0,0,8,-28,28,2024,7,Saturday
MTC-20238,2024-07-13,Cup Series,Kerala Blasters,Chennai Titans,Neutral,Cloudy,0,4,66,9,1,22,6,0,16597,34,Away Win,4,-4,4,10,32,32,2024,7,Saturday
MTC-23262,2024-07-14,Premier Division,Goa Sharks,Bengaluru FC,Away,Cloudy,5,1,61,6,13,10,2,0,35540,39,Home Win,6,4,4,19,22,22,2024,7,Sunday
MTC-20203,2024-07-15,Premier Division,Hyderabad Falcons,Kolkata Strikers,Home,Windy,2,2,48,9,3,18,3,0,41739,52,Draw,4,0,0,12,-4,4,2024,7,Monday
MTC-21199,2024-07-15,Cup Series,Kolkata Strikers,Kerala Blasters,Home,Clear,2,3,48,13,12,12,0,1,7122,52,Away Win,5,-1,1,25,-4,4,2024,7,Monday
MTC-22272,2024-07-15,Cup Series,Kolkata Strikers,Goa Sharks,Neutral,Clear,5,2,48,2,8,22,4,1,33688,52,Home Win,7,3,3,10,-4,4,2024,7,Monday
MTC-23556,2024-07-15,Championship League,Kerala Blasters,Kolkata Strikers,Away,Clear,1,5,70,10,8,13,1,0,41044,30,Away Win,6,-4,4,18,40,40,2024,7,Monday
MTC-21679,2024-07-15,Championship League,Hyderabad Falcons,Chennai Titans,Neutral,Clear,4,0,33,12,6,8,6,1,9585,67,Home Win,4,4,4,18,-34,34,2024,7,Monday
MTC-20341,2024-07-16,Premier Division,Kolkata Strikers,Goa Sharks,Away,Clear,5,4,51,0,13,8,6,0,48063,49,Home Win,9,1,1,13,2,2,2024,7,Tuesday
MTC-21204,2024-07-16,Championship League,Mumbai United,Delhi Dynamos,Away,Windy,4,0,56,7,10,17,0,1,33527,44,Home Win,4,4,4,17,12,12,2024,7,Tuesday
MTC-20969,2024-07-16,Premier Division,Chennai Titans,Jaipur Lions,Away,Cloudy,3,0,49,12,8,14,6,1,35172,51,Home Win,3,3,3,20,-2,2,2024,7,Tuesday
MTC-22325,2024-07-16,Championship League,Jaipur Lions,Chennai Titans,Neutral,Rainy,4,4,42,11,14,7,6,1,21732,58,Draw,8,0,0,25,-16,16,2024,7,Tuesday
MTC-21793,2024-07-17,Championship League,Hyderabad Falcons,Pune Warriors,Neutral,Cloudy,2,5,69,10,6,17,1,0,31682,31,Away Win,7,-3,3,16,38,38,2024,7,Wednesday
MTC-23088,2024-07-17,Cup Series,Kolkata Strikers,Mumbai United,Away,Windy,4,3,58,8,2,10,2,1,54273,42,Home Win,7,1,1,10,16,16,2024,7,Wednesday
MTC-20600,2024-07-17,Cup Series,Chennai Titans,Jaipur Lions,Away,Rainy,1,0,61,4,10,16,1,1,27223,39,Home Win,1,1,1,14,22,22,2024,7,Wednesday
MTC-20758,2024-07-17,Cup Series,Pune Warriors,Kerala Blasters,Neutral,Rainy,1,3,45,1,10,20,1,0,16758,55,Away Win,4,-2,2,11,-10,10,2024,7,Wednesday
MTC-20743,2024-07-17,Championship League,Delhi Dynamos,Mumbai United,Neutral,Windy,4,4,42,12,10,17,3,1,5794,58,Draw,8,0,0,22,-16,16,2024,7,Wednesday
MTC-23203,2024-07-17,Cup Series,Pune Warriors,Jaipur Lions,Home,Windy,5,3,44,5,4,23,4,1,18860,56,Home Win,8,2,2,9,-12,12,2024,7,Wednesday
MTC-22989,2024-07-17,Premier Division,Kolkata Strikers,Pune Warriors,Home,Windy,1,5,52,5,2,8,1,1,63545,48,Away Win,6,-4,4,7,4,4,2024,7,Wednesday
MTC-20998,2024-07-17,Championship League,Mumbai United,Jaipur Lions,Neutral,Cloudy,0,4,50,14,7,17,1,1,26179,50,Away Win,4,-4,4,21,0,0,2024,7,Wednesday
MTC-22604,2024-07-18,Premier Division,Bengaluru FC,Chennai Titans,Neutral,Rainy,2,2,47,1,1,18,4,1,15600,53,Draw,4,0,0,2,-6,6,2024,7,Thursday
MTC-21646,2024-07-18,Premier Division,Mumbai United,Jaipur Lions,Away,Clear,2,3,39,11,5,18,5,1,44328,61,Away Win,5,-1,1,16,-22,22,2024,7,Thursday
MTC-23646,2024-07-18,Premier Division,Kerala Blasters,Bengaluru FC,Home,Cloudy,5,1,65,8,4,5,6,0,50309,35,Home Win,6,4,4,12,30,30,2024,7,Thursday
MTC-22991,2024-07-18,Premier Division,Goa Sharks,Kolkata Strikers,Home,Clear,4,0,55,1,9,7,1,1,61176,45,Home Win,4,4,4,10,10,10,2024,7,Thursday
MTC-20520,2024-07-18,Championship League,Delhi Dynamos,Pune Warriors,Home,Clear,3,2,69,14,13,7,2,1,15656,31,Home Win,5,1,1,27,38,38,2024,7,Thursday
MTC-20916,2024-07-18,Championship League,Delhi Dynamos,Goa Sharks,Neutral,Windy,5,2,37,1,2,17,4,1,22290,63,Home Win,7,3,3,3,-26,26,2024,7,Thursday
MTC-21966,2024-07-19,Premier Division,Pune Warriors,Bengaluru FC,Neutral,Rainy,1,5,49,3,4,14,6,1,45512,51,Away Win,6,-4,4,7,-2,2,2024,7,Friday
MTC-22023,2024-07-19,Cup Series,Delhi Dynamos,Kolkata Strikers,Home,Windy,1,0,61,10,13,9,1,0,20836,39,Home Win,1,1,1,23,22,22,2024,7,Friday
MTC-23526,2024-07-20,Championship League,Jaipur Lions,Hyderabad Falcons,Away,Cloudy,1,2,42,1,8,19,5,0,5597,58,Away Win,3,-1,1,9,-16,16,2024,7,Saturday
MTC-23467,2024-07-20,Championship League,Kolkata Strikers,Goa Sharks,Home,Rainy,5,0,39,3,5,16,3,0,18031,61,Home Win,5,5,5,8,-22,22,2024,7,Saturday
MTC-21057,2024-07-21,Cup Series,Bengaluru FC,Chennai Titans,Home,Windy,0,5,68,2,4,11,2,0,15126,32,Away Win,5,-5,5,6,36,36,2024,7,Sunday
MTC-22457,2024-07-21,Championship League,Jaipur Lions,Kerala Blasters,Away,Windy,3,3,58,2,12,24,6,1,6800,42,Draw,6,0,0,14,16,16,2024,7,Sunday
MTC-20401,2024-07-21,Premier Division,Kerala Blasters,Hyderabad Falcons,Neutral,Rainy,2,4,57,3,4,15,1,1,27151,43,Away Win,6,-2,2,7,14,14,2024,7,Sunday
MTC-20438,2024-07-22,Premier Division,Kerala Blasters,Bengaluru FC,Neutral,Clear,5,4,46,9,4,15,3,1,21778,54,Home Win,9,1,1,13,-8,8,2024,7,Monday
MTC-21622,2024-07-22,Championship League,Hyderabad Falcons,Goa Sharks,Neutral,Cloudy,3,2,58,7,9,16,1,0,46837,42,Home Win,5,1,1,16,16,16,2024,7,Monday
MTC-21004,2024-07-22,Premier Division,Kolkata Strikers,Goa Sharks,Neutral,Clear,3,1,58,10,13,8,1,1,16403,42,Home Win,4,2,2,23,16,16,2024,7,Monday
MTC-20780,2024-07-22,Championship League,Kerala Blasters,Kolkata Strikers,Neutral,Cloudy,5,0,33,10,6,6,1,0,20624,67,Home Win,5,5,5,16,-34,34,2024,7,Monday
MTC-22626,2024-07-22,Premier Division,Bengaluru FC,Mumbai United,Home,Rainy,5,5,30,8,12,23,5,0,4827,70,Draw,10,0,0,20,-40,40,2024,7,Monday
MTC-20386,2024-07-23,Championship League,Chennai Titans,Kerala Blasters,Home,Windy,5,4,62,6,10,13,5,0,45202,38,Home Win,9,1,1,16,24,24,2024,7,Tuesday
MTC-21883,2024-07-23,Premier Division,Kolkata Strikers,Goa Sharks,Neutral,Clear,1,3,50,14,10,7,1,0,35625,50,Away Win,4,-2,2,24,0,0,2024,7,Tuesday
MTC-21647,2024-07-23,Cup Series,Pune Warriors,Jaipur Lions,Home,Windy,1,1,67,4,0,22,2,0,19289,33,Draw,2,0,0,4,34,34,2024,7,Tuesday
MTC-23419,2024-07-24,Cup Series,Pune Warriors,Hyderabad Falcons,Home,Clear,4,1,37,2,11,12,2,0,9942,63,Home Win,5,3,3,13,-26,26,2024,7,Wednesday
MTC-23106,2024-07-24,Premier Division,Kerala Blasters,Bengaluru FC,Home,Cloudy,1,5,39,10,14,11,6,1,52406,61,Away Win,6,-4,4,24,-22,22,2024,7,Wednesday
MTC-20557,2024-07-25,Premier Division,Goa Sharks,Hyderabad Falcons,Away,Windy,0,1,41,14,6,10,1,0,11055,59,Away Win,1,-1,1,20,-18,18,2024,7,Thursday
MTC-21339,2024-07-25,Championship League,Pune Warriors,Bengaluru FC,Away,Cloudy,0,4,32,2,3,5,1,1,48025,68,Away Win,4,-4,4,5,-36,36,2024,7,Thursday
MTC-23641,2024-07-25,Championship League,Kerala Blasters,Bengaluru FC,Away,Cloudy,1,5,33,9,13,20,2,0,46520,67,Away Win,6,-4,4,22,-34,34,2024,7,Thursday
MTC-21139,2024-07-25,Cup Series,Kolkata Strikers,Pune Warriors,Home,Clear,0,3,54,11,13,9,2,0,11656,46,Away Win,3,-3,3,24,8,8,2024,7,Thursday
MTC-23564,2024-07-25,Championship League,Hyderabad Falcons,Goa Sharks,Home,Cloudy,0,0,54,4,11,8,4,0,10201,46,Draw,0,0,0,15,8,8,2024,7,Thursday
MTC-21823,2024-07-26,Premier Division,Kerala Blasters,Bengaluru FC,Away,Clear,4,5,35,2,4,10,2,0,6509,65,Away Win,9,-1,1,6,-30,30,2024,7,Friday
MTC-20220,2024-07-26,Championship League,Pune Warriors,Hyderabad Falcons,Home,Rainy,5,2,42,5,0,21,6,1,21012,58,Home Win,7,3,3,5,-16,16,2024,7,Friday
MTC-20842,2024-07-26,Premier Division,Pune Warriors,Kerala Blasters,Away,Cloudy,1,1,42,10,10,20,6,1,31116,58,Draw,2,0,0,20,-16,16,2024,7,Friday
MTC-20452,2024-07-26,Championship League,Kolkata Strikers,Chennai Titans,Home,Rainy,0,0,57,8,9,15,0,1,30207,43,Draw,0,0,0,17,14,14,2024,7,Friday
MTC-22344,2024-07-26,Premier Division,Chennai Titans,Delhi Dynamos,Home,Clear,4,2,51,2,2,12,6,0,10538,49,Home Win,6,2,2,4,2,2,2024,7,Friday
MTC-22314,2024-07-26,Premier Division,Kerala Blasters,Kolkata Strikers,Home,Cloudy,5,0,59,11,6,10,3,0,64751,41,Home Win,5,5,5,17,18,18,2024,7,Friday
MTC-22823,2024-07-26,Championship League,Hyderabad Falcons,Mumbai United,Home,Clear,3,1,40,6,4,10,1,0,38274,60,Home Win,4,2,2,10,-20,20,2024,7,Friday
MTC-23475,2024-07-27,Championship League,Jaipur Lions,Goa Sharks,Away,Clear,2,2,43,9,12,5,0,1,24752,57,Draw,4,0,0,21,-14,14,2024,7,Saturday
MTC-23156,2024-07-27,Premier Division,Pune Warriors,Chennai Titans,Neutral,Windy,0,3,63,4,14,5,1,0,21686,37,Away Win,3,-3,3,18,26,26,2024,7,Saturday
MTC-21167,2024-07-27,Premier Division,Chennai Titans,Kerala Blasters,Neutral,Windy,2,4,51,14,9,16,2,0,10273,49,Away Win,6,-2,2,23,2,2,2024,7,Saturday
MTC-23189,2024-07-27,Premier Division,Kerala Blasters,Chennai Titans,Home,Clear,3,0,43,13,0,24,3,1,48022,57,Home Win,3,3,3,13,-14,14,2024,7,Saturday
MTC-20346,2024-07-27,Premier Division,Mumbai United,Pune Warriors,Neutral,Windy,3,3,43,8,13,9,6,0,35958,57,Draw,6,0,0,21,-14,14,2024,7,Saturday
MTC-20952,2024-07-27,Premier Division,Goa Sharks,Kerala Blasters,Away,Clear,0,2,62,3,6,9,4,1,8727,38,Away Win,2,-2,2,9,24,24,2024,7,Saturday
MTC-20890,2024-07-27,Cup Series,Goa Sharks,Delhi Dynamos,Home,Rainy,4,2,59,11,3,17,5,1,22873,41,Home Win,6,2,2,14,18,18,2024,7,Saturday
MTC-22613,2024-07-28,Cup Series,Mumbai United,Jaipur Lions,Home,Rainy,3,4,37,3,9,12,4,0,32604,63,Away Win,7,-1,1,12,-26,26,2024,7,Sunday
MTC-22707,2024-07-28,Championship League,Hyderabad Falcons,Kolkata Strikers,Neutral,Cloudy,4,1,52,6,14,16,3,1,27977,48,Home Win,5,3,3,20,4,4,2024,7,Sunday
MTC-21698,2024-07-28,Championship League,Delhi Dynamos,Bengaluru FC,Neutral,Clear,3,1,54,4,3,7,4,1,9004,46,Home Win,4,2,2,7,8,8,2024,7,Sunday
MTC-21169,2024-07-29,Cup Series,Mumbai United,Jaipur Lions,Away,Cloudy,1,5,65,2,4,18,4,1,61571,35,Away Win,6,-4,4,6,30,30,2024,7,Monday
MTC-21114,2024-07-29,Championship League,Bengaluru FC,Jaipur Lions,Home,Rainy,5,1,45,9,10,20,0,0,62714,55,Home Win,6,4,4,19,-10,10,2024,7,Monday
MTC-22047,2024-07-29,Cup Series,Kolkata Strikers,Goa Sharks,Away,Windy,5,3,44,10,8,18,3,0,3235,56,Home Win,8,2,2,18,-12,12,2024,7,Monday
MTC-22495,2024-07-29,Premier Division,Hyderabad Falcons,Kerala Blasters,Neutral,Clear,3,4,36,13,11,11,6,0,58062,64,Away Win,7,-1,1,24,-28,28,2024,7,Monday
MTC-21704,2024-07-29,Cup Series,Goa Sharks,Bengaluru FC,Home,Rainy,0,4,46,3,7,10,2,0,49931,54,Away Win,4,-4,4,10,-8,8,2024,7,Monday
MTC-20492,2024-07-30,Championship League,Kerala Blasters,Delhi Dynamos,Home,Rainy,4,4,59,13,8,19,6,0,17519,41,Draw,8,0,0,21,18,18,2024,7,Tuesday
MTC-22716,2024-07-30,Championship League,Kolkata Strikers,Hyderabad Falcons,Away,Windy,4,1,47,13,3,5,2,0,8051,53,Home Win,5,3,3,16,-6,6,2024,7,Tuesday
MTC-22573,2024-07-30,Championship League,Chennai Titans,Delhi Dynamos,Home,Windy,0,1,70,13,2,15,5,0,39310,30,Away Win,1,-1,1,15,40,40,2024,7,Tuesday
MTC-21563,2024-07-30,Cup Series,Kolkata Strikers,Pune Warriors,Home,Cloudy,5,4,36,9,13,20,0,1,37326,64,Home Win,9,1,1,22,-28,28,2024,7,Tuesday
MTC-23039,2024-07-30,Cup Series,Delhi Dynamos,Mumbai United,Away,Cloudy,4,4,42,3,12,8,6,0,48578,58,Draw,8,0,0,15,-16,16,2024,7,Tuesday
MTC-20918,2024-07-30,Cup Series,Jaipur Lions,Kolkata Strikers,Away,Cloudy,0,2,38,0,5,12,6,0,36371,62,Away Win,2,-2,2,5,-24,24,2024,7,Tuesday
MTC-20141,2024-07-30,Premier Division,Hyderabad Falcons,Pune Warriors,Away,Windy,0,2,67,5,11,16,6,0,24499,33,Away Win,2,-2,2,16,34,34,2024,7,Tuesday
MTC-22084,2024-07-30,Premier Division,Jaipur Lions,Delhi Dynamos,Neutral,Rainy,0,2,37,6,11,11,1,0,58055,63,Away Win,2,-2,2,17,-26,26,2024,7,Tuesday
MTC-22086,2024-07-30,Championship League,Pune Warriors,Jaipur Lions,Away,Rainy,1,5,46,10,9,15,2,0,35082,54,Away Win,6,-4,4,19,-8,8,2024,7,Tuesday
MTC-20061,2024-07-31,Premier Division,Kolkata Strikers,Kerala Blasters,Home,Cloudy,5,1,66,9,8,23,6,1,3012,34,Home Win,6,4,4,17,32,32,2024,7,Wednesday
MTC-20079,2024-07-31,Premier Division,Delhi Dynamos,Hyderabad Falcons,Away,Cloudy,2,4,39,2,8,7,5,0,33236,61,Away Win,6,-2,2,10,-22,22,2024,7,Wednesday
MTC-23141,2024-07-31,Premier Division,Kolkata Strikers,Chennai Titans,Neutral,Windy,4,1,48,13,11,19,1,0,52575,52,Home Win,5,3,3,24,-4,4,2024,7,Wednesday
MTC-22443,2024-08-01,Championship League,Delhi Dynamos,Mumbai United,Neutral,Windy,0,1,41,1,5,12,1,0,34006,59,Away Win,1,-1,1,6,-18,18,2024,8,Thursday
MTC-20867,2024-08-01,Cup Series,Pune Warriors,Jaipur Lions,Neutral,Clear,0,3,58,2,4,11,2,1,61818,42,Away Win,3,-3,3,6,16,16,2024,8,Thursday
MTC-23227,2024-08-01,Premier Division,Hyderabad Falcons,Delhi Dynamos,Home,Windy,3,5,39,12,10,6,5,1,55439,61,Away Win,8,-2,2,22,-22,22,2024,8,Thursday
MTC-23438,2024-08-02,Cup Series,Delhi Dynamos,Hyderabad Falcons,Away,Cloudy,1,2,30,5,3,20,1,0,23051,70,Away Win,3,-1,1,8,-40,40,2024,8,Friday
MTC-21570,2024-08-02,Cup Series,Bengaluru FC,Jaipur Lions,Neutral,Cloudy,0,3,46,4,6,10,3,1,27762,54,Away Win,3,-3,3,10,-8,8,2024,8,Friday
MTC-21807,2024-08-02,Championship League,Kerala Blasters,Mumbai United,Neutral,Windy,1,3,67,9,4,15,2,0,58268,33,Away Win,4,-2,2,13,34,34,2024,8,Friday
MTC-22779,2024-08-02,Cup Series,Kolkata Strikers,Goa Sharks,Neutral,Clear,2,5,33,3,14,5,4,1,41173,67,Away Win,7,-3,3,17,-34,34,2024,8,Friday
MTC-22468,2024-08-02,Cup Series,Chennai Titans,Hyderabad Falcons,Home,Cloudy,1,1,62,14,9,9,3,1,34120,38,Draw,2,0,0,23,24,24,2024,8,Friday
MTC-23567,2024-08-03,Championship League,Chennai Titans,Mumbai United,Home,Clear,5,4,40,0,0,11,6,1,8031,60,Home Win,9,1,1,0,-20,20,2024,8,Saturday
MTC-21138,2024-08-03,Championship League,Kerala Blasters,Goa Sharks,Away,Cloudy,1,4,31,9,10,9,0,0,62831,69,Away Win,5,-3,3,19,-38,38,2024,8,Saturday
MTC-22076,2024-08-03,Cup Series,Kolkata Strikers,Pune Warriors,Away,Rainy,4,3,45,5,14,16,6,1,6857,55,Home Win,7,1,1,19,-10,10,2024,8,Saturday
MTC-23781,2024-08-04,Championship League,Pune Warriors,Mumbai United,Home,Windy,2,0,65,12,5,18,1,0,10267,35,Home Win,2,2,2,17,30,30,2024,8,Sunday
MTC-21754,2024-08-04,Premier Division,Kerala Blasters,Goa Sharks,Away,Windy,0,4,59,9,0,9,3,1,29931,41,Away Win,4,-4,4,9,18,18,2024,8,Sunday
MTC-23772,2024-08-04,Cup Series,Hyderabad Falcons,Kolkata Strikers,Away,Clear,0,0,44,1,8,23,6,0,4097,56,Draw,0,0,0,9,-12,12,2024,8,Sunday
MTC-22675,2024-08-04,Championship League,Hyderabad Falcons,Kolkata Strikers,Neutral,Windy,5,2,31,10,5,21,5,0,48822,69,Home Win,7,3,3,15,-38,38,2024,8,Sunday
MTC-23095,2024-08-05,Championship League,Kerala Blasters,Jaipur Lions,Neutral,Cloudy,5,3,39,12,14,22,4,0,23391,61,Home Win,8,2,2,26,-22,22,2024,8,Monday
MTC-20954,2024-08-05,Cup Series,Bengaluru FC,Delhi Dynamos,Home,Clear,3,1,49,3,2,16,6,0,57207,51,Home Win,4,2,2,5,-2,2,2024,8,Monday
MTC-21149,2024-08-05,Premier Division,Hyderabad Falcons,Kolkata Strikers,Home,Clear,2,4,64,4,11,10,3,1,6628,36,Away Win,6,-2,2,15,28,28,2024,8,Monday
MTC-21893,2024-08-05,Championship League,Kolkata Strikers,Jaipur Lions,Away,Cloudy,1,1,51,4,8,14,6,1,43641,49,Draw,2,0,0,12,2,2,2024,8,Monday
MTC-20507,2024-08-05,Cup Series,Bengaluru FC,Kerala Blasters,Away,Clear,0,5,59,3,12,22,2,0,21597,41,Away Win,5,-5,5,15,18,18,2024,8,Monday
MTC-22699,2024-08-06,Premier Division,Hyderabad Falcons,Bengaluru FC,Home,Cloudy,1,5,37,9,13,22,5,1,26049,63,Away Win,6,-4,4,22,-26,26,2024,8,Tuesday
MTC-21503,2024-08-06,Championship League,Hyderabad Falcons,Jaipur Lions,Home,Cloudy,0,2,31,3,13,24,3,0,13601,69,Away Win,2,-2,2,16,-38,38,2024,8,Tuesday
MTC-22741,2024-08-06,Premier Division,Kerala Blasters,Kolkata Strikers,Away,Clear,2,3,60,12,2,6,2,1,13466,40,Away Win,5,-1,1,14,20,20,2024,8,Tuesday
MTC-22394,2024-08-06,Cup Series,Delhi Dynamos,Chennai Titans,Home,Rainy,2,1,55,12,5,12,6,1,61600,45,Home Win,3,1,1,17,10,10,2024,8,Tuesday
MTC-20451,2024-08-07,Championship League,Mumbai United,Delhi Dynamos,Home,Cloudy,0,2,54,2,1,14,5,0,37068,46,Away Win,2,-2,2,3,8,8,2024,8,Wednesday
MTC-20390,2024-08-07,Championship League,Delhi Dynamos,Hyderabad Falcons,Away,Clear,0,0,56,14,7,23,5,0,39916,44,Draw,0,0,0,21,12,12,2024,8,Wednesday
MTC-23113,2024-08-07,Premier Division,Kerala Blasters,Jaipur Lions,Home,Cloudy,2,4,70,0,4,19,4,0,6954,30,Away Win,6,-2,2,4,40,40,2024,8,Wednesday
MTC-22921,2024-08-07,Championship League,Delhi Dynamos,Goa Sharks,Away,Clear,5,2,39,13,14,21,4,0,36178,61,Home Win,7,3,3,27,-22,22,2024,8,Wednesday
MTC-22966,2024-08-08,Premier Division,Bengaluru FC,Hyderabad Falcons,Home,Clear,3,5,67,0,6,9,4,1,3974,33,Away Win,8,-2,2,6,34,34,2024,8,Thursday
MTC-21840,2024-08-08,Cup Series,Jaipur Lions,Goa Sharks,Away,Cloudy,3,2,62,6,2,6,5,1,12146,38,Home Win,5,1,1,8,24,24,2024,8,Thursday
MTC-22316,2024-08-08,Championship League,Delhi Dynamos,Jaipur Lions,Neutral,Clear,0,0,58,8,10,24,6,0,37346,42,Draw,0,0,0,18,16,16,2024,8,Thursday
MTC-20997,2024-08-08,Championship League,Kolkata Strikers,Goa Sharks,Away,Rainy,5,3,33,5,7,18,4,1,49381,67,Home Win,8,2,2,12,-34,34,2024,8,Thursday
MTC-22391,2024-08-08,Premier Division,Pune Warriors,Jaipur Lions,Away,Clear,2,3,61,2,13,7,4,0,58162,39,Away Win,5,-1,1,15,22,22,2024,8,Thursday
MTC-21877,2024-08-09,Premier Division,Mumbai United,Kolkata Strikers,Neutral,Rainy,2,3,51,12,10,5,6,0,56142,49,Away Win,5,-1,1,22,2,2,2024,8,Friday
MTC-20570,2024-08-09,Premier Division,Kerala Blasters,Bengaluru FC,Away,Rainy,1,1,37,5,1,12,3,1,43785,63,Draw,2,0,0,6,-26,26,2024,8,Friday
MTC-21504,2024-08-09,Championship League,Bengaluru FC,Delhi Dynamos,Home,Cloudy,1,4,53,5,9,22,5,0,38999,47,Away Win,5,-3,3,14,6,6,2024,8,Friday
MTC-22267,2024-08-09,Premier Division,Hyderabad Falcons,Delhi Dynamos,Away,Clear,2,4,64,12,3,12,2,1,16531,36,Away Win,6,-2,2,15,28,28,2024,8,Friday
MTC-22073,2024-08-09,Cup Series,Mumbai United,Delhi Dynamos,Home,Cloudy,1,1,69,7,4,14,2,1,2001,31,Draw,2,0,0,11,38,38,2024,8,Friday
MTC-21964,2024-08-09,Premier Division,Bengaluru FC,Mumbai United,Neutral,Windy,2,0,59,0,0,20,1,1,14434,41,Home Win,2,2,2,0,18,18,2024,8,Friday
MTC-21182,2024-08-10,Premier Division,Chennai Titans,Bengaluru FC,Away,Clear,0,1,62,8,4,13,6,1,16057,38,Away Win,1,-1,1,12,24,24,2024,8,Saturday
MTC-21659,2024-08-10,Cup Series,Chennai Titans,Hyderabad Falcons,Home,Clear,5,0,58,6,1,10,2,0,19991,42,Home Win,5,5,5,7,16,16,2024,8,Saturday
MTC-20801,2024-08-11,Cup Series,Chennai Titans,Jaipur Lions,Neutral,Clear,2,2,62,13,12,22,0,1,54358,38,Draw,4,0,0,25,24,24,2024,8,Sunday
MTC-23774,2024-08-11,Championship League,Hyderabad Falcons,Pune Warriors,Away,Windy,4,3,34,13,10,14,1,0,16518,66,Home Win,7,1,1,23,-32,32,2024,8,Sunday
MTC-22772,2024-08-11,Cup Series,Bengaluru FC,Hyderabad Falcons,Home,Clear,2,1,42,2,10,16,5,0,19644,58,Home Win,3,1,1,12,-16,16,2024,8,Sunday
MTC-22542,2024-08-11,Championship League,Kolkata Strikers,Hyderabad Falcons,Neutral,Clear,2,3,35,8,13,6,4,0,56588,65,Away Win,5,-1,1,21,-30,30,2024,8,Sunday
MTC-21023,2024-08-11,Championship League,Goa Sharks,Bengaluru FC,Neutral,Clear,1,2,48,9,5,11,5,0,19645,52,Away Win,3,-1,1,14,-4,4,2024,8,Sunday
MTC-21471,2024-08-11,Premier Division,Kolkata Strikers,Mumbai United,Away,Rainy,0,5,50,2,12,7,0,1,41443,50,Away Win,5,-5,5,14,0,0,2024,8,Sunday
MTC-23376,2024-08-11,Championship League,Hyderabad Falcons,Chennai Titans,Home,Windy,5,5,64,4,3,20,3,0,32659,36,Draw,10,0,0,7,28,28,2024,8,Sunday
MTC-22168,2024-08-12,Cup Series,Kolkata Strikers,Hyderabad Falcons,Home,Cloudy,5,4,50,3,14,17,4,0,3226,50,Home Win,9,1,1,17,0,0,2024,8,Monday
MTC-20853,2024-08-13,Premier Division,Kolkata Strikers,Chennai Titans,Away,Rainy,4,4,37,11,14,22,4,0,22924,63,Draw,8,0,0,25,-26,26,2024,8,Tuesday
MTC-23117,2024-08-13,Premier Division,Chennai Titans,Goa Sharks,Home,Cloudy,1,1,48,13,3,12,3,1,49716,52,Draw,2,0,0,16,-4,4,2024,8,Tuesday
MTC-23264,2024-08-13,Championship League,Chennai Titans,Hyderabad Falcons,Away,Clear,0,0,60,4,9,17,2,0,45402,40,Draw,0,0,0,13,20,20,2024,8,Tuesday
MTC-20793,2024-08-14,Premier Division,Goa Sharks,Kerala Blasters,Neutral,Windy,1,2,56,14,12,10,6,0,10720,44,Away Win,3,-1,1,26,12,12,2024,8,Wednesday
MTC-22780,2024-08-14,Cup Series,Jaipur Lions,Hyderabad Falcons,Neutral,Windy,4,1,39,4,0,10,1,0,53090,61,Home Win,5,3,3,4,-22,22,2024,8,Wednesday
MTC-21053,2024-08-14,Championship League,Bengaluru FC,Chennai Titans,Neutral,Cloudy,5,2,40,13,11,23,2,0,28796,60,Home Win,7,3,3,24,-20,20,2024,8,Wednesday
MTC-22878,2024-08-14,Premier Division,Goa Sharks,Delhi Dynamos,Home,Windy,0,4,49,14,11,13,1,0,53082,51,Away Win,4,-4,4,25,-2,2,2024,8,Wednesday
MTC-23166,2024-08-14,Championship League,Kerala Blasters,Hyderabad Falcons,Home,Rainy,2,2,49,1,6,7,6,1,33370,51,Draw,4,0,0,7,-2,2,2024,8,Wednesday
MTC-22949,2024-08-14,Cup Series,Kolkata Strikers,Chennai Titans,Neutral,Cloudy,2,2,49,12,11,14,0,0,23644,51,Draw,4,0,0,23,-2,2,2024,8,Wednesday
MTC-21578,2024-08-14,Premier Division,Kerala Blasters,Pune Warriors,Away,Windy,3,3,38,7,7,5,6,0,9716,62,Draw,6,0,0,14,-24,24,2024,8,Wednesday
MTC-21527,2024-08-14,Championship League,Mumbai United,Kerala Blasters,Home,Rainy,2,2,47,5,5,20,3,1,12313,53,Draw,4,0,0,10,-6,6,2024,8,Wednesday
MTC-21142,2024-08-15,Cup Series,Hyderabad Falcons,Kolkata Strikers,Away,Cloudy,4,3,67,8,8,21,5,1,55641,33,Home Win,7,1,1,16,34,34,2024,8,Thursday
MTC-21540,2024-08-15,Premier Division,Bengaluru FC,Hyderabad Falcons,Home,Rainy,1,0,43,2,11,7,0,0,56309,57,Home Win,1,1,1,13,-14,14,2024,8,Thursday
MTC-22301,2024-08-15,Premier Division,Chennai Titans,Jaipur Lions,Neutral,Windy,3,5,44,11,11,15,5,1,20175,56,Away Win,8,-2,2,22,-12,12,2024,8,Thursday
MTC-21663,2024-08-15,Cup Series,Chennai Titans,Kerala Blasters,Away,Rainy,0,3,66,14,3,17,4,1,31642,34,Away Win,3,-3,3,17,32,32,2024,8,Thursday
MTC-22857,2024-08-15,Cup Series,Mumbai United,Goa Sharks,Neutral,Cloudy,3,5,50,2,7,15,2,0,24643,50,Away Win,8,-2,2,9,0,0,2024,8,Thursday
MTC-21519,2024-08-15,Championship League,Kolkata Strikers,Jaipur Lions,Neutral,Rainy,2,3,42,9,14,11,2,0,52819,58,Away Win,5,-1,1,23,-16,16,2024,8,Thursday
MTC-21082,2024-08-16,Cup Series,Bengaluru FC,Goa Sharks,Neutral,Windy,4,0,47,3,5,9,5,0,31547,53,Home Win,4,4,4,8,-6,6,2024,8,Friday
MTC-23081,2024-08-16,Cup Series,Bengaluru FC,Kolkata Strikers,Away,Rainy,1,0,60,2,2,10,6,1,31487,40,Home Win,1,1,1,4,20,20,2024,8,Friday
MTC-20564,2024-08-16,Cup Series,Goa Sharks,Kerala Blasters,Home,Windy,3,3,37,2,2,7,5,1,33299,63,Draw,6,0,0,4,-26,26,2024,8,Friday
MTC-20156,2024-08-16,Championship League,Jaipur Lions,Delhi Dynamos,Home,Clear,2,2,60,8,11,17,3,0,22891,40,Draw,4,0,0,19,20,20,2024,8,Friday
MTC-20925,2024-08-16,Cup Series,Pune Warriors,Bengaluru FC,Away,Clear,4,3,42,3,10,16,5,1,2363,58,Home Win,7,1,1,13,-16,16,2024,8,Friday
MTC-23011,2024-08-16,Premier Division,Bengaluru FC,Goa Sharks,Away,Rainy,5,5,36,0,0,18,1,0,32272,64,Draw,10,0,0,0,-28,28,2024,8,Friday
MTC-21377,2024-08-17,Premier Division,Kolkata Strikers,Pune Warriors,Neutral,Clear,2,0,39,6,12,14,4,0,11918,61,Home Win,2,2,2,18,-22,22,2024,8,Saturday
MTC-21171,2024-08-17,Premier Division,Kerala Blasters,Pune Warriors,Neutral,Windy,4,5,64,0,9,21,1,1,25063,36,Away Win,9,-1,1,9,28,28,2024,8,Saturday
MTC-23666,2024-08-18,Championship League,Hyderabad Falcons,Delhi Dynamos,Home,Rainy,3,3,70,9,14,18,0,0,35971,30,Draw,6,0,0,23,40,40,2024,8,Sunday
MTC-20735,2024-08-18,Cup Series,Goa Sharks,Kerala Blasters,Home,Windy,0,2,52,3,6,24,2,0,60401,48,Away Win,2,-2,2,9,4,4,2024,8,Sunday
MTC-21367,2024-08-18,Championship League,Goa Sharks,Kerala Blasters,Home,Cloudy,5,5,68,4,13,17,5,0,32874,32,Draw,10,0,0,17,36,36,2024,8,Sunday
MTC-22723,2024-08-19,Premier Division,Bengaluru FC,Pune Warriors,Away,Clear,3,2,46,10,13,15,5,1,38412,54,Home Win,5,1,1,23,-8,8,2024,8,Monday
MTC-21713,2024-08-19,Premier Division,Hyderabad Falcons,Goa Sharks,Home,Rainy,5,0,63,0,0,18,2,1,3793,37,Home Win,5,5,5,0,26,26,2024,8,Monday
MTC-23422,2024-08-19,Premier Division,Hyderabad Falcons,Kerala Blasters,Neutral,Rainy,5,1,49,10,7,17,1,1,40926,51,Home Win,6,4,4,17,-2,2,2024,8,Monday
MTC-22492,2024-08-19,Cup Series,Kerala Blasters,Delhi Dynamos,Neutral,Rainy,5,2,30,1,3,20,1,1,18643,70,Home Win,7,3,3,4,-40,40,2024,8,Monday
MTC-22913,2024-08-19,Cup Series,Jaipur Lions,Bengaluru FC,Away,Windy,1,4,57,2,10,16,0,0,63771,43,Away Win,5,-3,3,12,14,14,2024,8,Monday
MTC-20071,2024-08-19,Championship League,Bengaluru FC,Kerala Blasters,Away,Rainy,0,1,43,3,11,7,5,1,55345,57,Away Win,1,-1,1,14,-14,14,2024,8,Monday
MTC-23307,2024-08-20,Cup Series,Jaipur Lions,Bengaluru FC,Neutral,Rainy,5,4,44,10,11,21,0,0,51152,56,Home Win,9,1,1,21,-12,12,2024,8,Tuesday
MTC-23243,2024-08-20,Premier Division,Kerala Blasters,Mumbai United,Neutral,Cloudy,1,4,53,3,12,7,5,1,59207,47,Away Win,5,-3,3,15,6,6,2024,8,Tuesday
MTC-20218,2024-08-20,Cup Series,Jaipur Lions,Delhi Dynamos,Neutral,Windy,2,2,30,13,14,18,2,1,34784,70,Draw,4,0,0,27,-40,40,2024,8,Tuesday
MTC-21617,2024-08-20,Cup Series,Kolkata Strikers,Delhi Dynamos,Home,Clear,0,5,56,3,1,21,2,0,10668,44,Away Win,5,-5,5,4,12,12,2024,8,Tuesday
MTC-23112,2024-08-20,Premier Division,Jaipur Lions,Chennai Titans,Away,Cloudy,4,1,52,10,5,12,6,0,59934,48,Home Win,5,3,3,15,4,4,2024,8,Tuesday
MTC-22037,2024-08-20,Premier Division,Kolkata Strikers,Delhi Dynamos,Away,Windy,2,5,60,13,3,13,2,1,27013,40,Away Win,7,-3,3,16,20,20,2024,8,Tuesday
MTC-23739,2024-08-21,Championship League,Mumbai United,Bengaluru FC,Neutral,Cloudy,5,0,46,7,9,20,1,0,34030,54,Home Win,5,5,5,16,-8,8,2024,8,Wednesday
MTC-22549,2024-08-21,Premier Division,Goa Sharks,Kerala Blasters,Away,Rainy,1,0,42,13,6,5,6,0,17503,58,Home Win,1,1,1,19,-16,16,2024,8,Wednesday
MTC-21537,2024-08-21,Premier Division,Goa Sharks,Pune Warriors,Home,Cloudy,0,2,30,8,10,16,6,0,33671,70,Away Win,2,-2,2,18,-40,40,2024,8,Wednesday
MTC-20212,2024-08-21,Premier Division,Mumbai United,Kolkata Strikers,Away,Rainy,5,2,50,6,0,12,4,1,13010,50,Home Win,7,3,3,6,0,0,2024,8,Wednesday
MTC-23230,2024-08-22,Premier Division,Goa Sharks,Hyderabad Falcons,Home,Windy,4,4,63,8,14,11,3,1,47852,37,Draw,8,0,0,22,26,26,2024,8,Thursday
MTC-21083,2024-08-22,Cup Series,Hyderabad Falcons,Delhi Dynamos,Home,Windy,1,3,69,4,9,11,5,1,6700,31,Away Win,4,-2,2,13,38,38,2024,8,Thursday
MTC-23222,2024-08-22,Cup Series,Bengaluru FC,Delhi Dynamos,Neutral,Clear,4,3,68,1,10,11,0,0,50549,32,Home Win,7,1,1,11,36,36,2024,8,Thursday
MTC-20184,2024-08-22,Championship League,Pune Warriors,Goa Sharks,Neutral,Windy,3,1,39,13,6,15,2,1,16496,61,Home Win,4,2,2,19,-22,22,2024,8,Thursday
MTC-21137,2024-08-23,Championship League,Kolkata Strikers,Jaipur Lions,Home,Clear,4,2,31,7,7,13,4,1,15850,69,Home Win,6,2,2,14,-38,38,2024,8,Friday
MTC-21732,2024-08-23,Championship League,Chennai Titans,Bengaluru FC,Home,Rainy,4,3,39,9,0,24,4,1,26903,61,Home Win,7,1,1,9,-22,22,2024,8,Friday
MTC-23542,2024-08-23,Championship League,Bengaluru FC,Delhi Dynamos,Neutral,Rainy,1,1,36,5,12,19,6,1,14237,64,Draw,2,0,0,17,-28,28,2024,8,Friday
MTC-21610,2024-08-23,Championship League,Goa Sharks,Mumbai United,Neutral,Windy,2,0,42,12,2,17,4,0,7247,58,Home Win,2,2,2,14,-16,16,2024,8,Friday
MTC-20042,2024-08-24,Cup Series,Kerala Blasters,Kolkata Strikers,Away,Windy,3,5,31,4,1,15,1,1,23861,69,Away Win,8,-2,2,5,-38,38,2024,8,Saturday
MTC-20466,2024-08-24,Premier Division,Kolkata Strikers,Delhi Dynamos,Home,Windy,2,5,51,9,0,10,3,0,5405,49,Away Win,7,-3,3,9,2,2,2024,8,Saturday
MTC-21416,2024-08-24,Cup Series,Delhi Dynamos,Kolkata Strikers,Neutral,Clear,1,5,65,7,6,15,6,0,2525,35,Away Win,6,-4,4,13,30,30,2024,8,Saturday
MTC-20149,2024-08-24,Championship League,Delhi Dynamos,Jaipur Lions,Away,Cloudy,4,2,50,5,2,11,6,0,60979,50,Home Win,6,2,2,7,0,0,2024,8,Saturday
MTC-23799,2024-08-24,Premier Division,Kolkata Strikers,Goa Sharks,Home,Cloudy,1,2,65,2,3,5,1,0,38647,35,Away Win,3,-1,1,5,30,30,2024,8,Saturday
MTC-23218,2024-08-24,Championship League,Delhi Dynamos,Goa Sharks,Away,Rainy,4,4,44,8,7,18,6,1,21367,56,Draw,8,0,0,15,-12,12,2024,8,Saturday
MTC-22880,2024-08-24,Championship League,Kolkata Strikers,Goa Sharks,Away,Windy,4,5,37,11,14,22,5,0,58868,63,Away Win,9,-1,1,25,-26,26,2024,8,Saturday
MTC-23583,2024-08-25,Premier Division,Kolkata Strikers,Delhi Dynamos,Neutral,Cloudy,5,4,45,6,4,22,1,1,37025,55,Home Win,9,1,1,10,-10,10,2024,8,Sunday
MTC-23659,2024-08-25,Premier Division,Pune Warriors,Jaipur Lions,Home,Rainy,1,4,57,10,1,15,3,0,42314,43,Away Win,5,-3,3,11,14,14,2024,8,Sunday
MTC-22821,2024-08-25,Premier Division,Goa Sharks,Kerala Blasters,Away,Cloudy,2,2,33,8,9,16,3,1,47166,67,Draw,4,0,0,17,-34,34,2024,8,Sunday
MTC-20715,2024-08-25,Cup Series,Kolkata Strikers,Pune Warriors,Home,Cloudy,1,0,37,4,5,8,1,1,43089,63,Home Win,1,1,1,9,-26,26,2024,8,Sunday
MTC-21316,2024-08-25,Premier Division,Hyderabad Falcons,Mumbai United,Neutral,Rainy,1,2,39,7,8,10,1,1,24924,61,Away Win,3,-1,1,15,-22,22,2024,8,Sunday
MTC-23540,2024-08-25,Cup Series,Jaipur Lions,Chennai Titans,Away,Clear,0,2,52,10,7,9,2,1,16638,48,Away Win,2,-2,2,17,4,4,2024,8,Sunday
MTC-22975,2024-08-25,Championship League,Goa Sharks,Pune Warriors,Neutral,Windy,5,4,36,6,3,23,3,0,50503,64,Home Win,9,1,1,9,-28,28,2024,8,Sunday
MTC-22178,2024-08-25,Championship League,Pune Warriors,Delhi Dynamos,Away,Clear,0,0,61,12,0,23,6,1,3507,39,Draw,0,0,0,12,22,22,2024,8,Sunday
MTC-20106,2024-08-25,Cup Series,Hyderabad Falcons,Bengaluru FC,Home,Rainy,4,5,47,13,8,16,2,1,9862,53,Away Win,9,-1,1,21,-6,6,2024,8,Sunday
MTC-20167,2024-08-26,Cup Series,Delhi Dynamos,Chennai Titans,Neutral,Cloudy,5,2,37,11,5,8,1,1,52710,63,Home Win,7,3,3,16,-26,26,2024,8,Monday
MTC-22640,2024-08-26,Championship League,Delhi Dynamos,Pune Warriors,Away,Rainy,1,3,68,11,9,8,2,0,15701,32,Away Win,4,-2,2,20,36,36,2024,8,Monday
MTC-20178,2024-08-26,Premier Division,Bengaluru FC,Jaipur Lions,Neutral,Clear,3,1,55,0,2,10,1,1,32250,45,Home Win,4,2,2,2,10,10,2024,8,Monday
MTC-21560,2024-08-26,Cup Series,Kolkata Strikers,Goa Sharks,Neutral,Clear,4,1,52,5,4,10,2,1,50780,48,Home Win,5,3,3,9,4,4,2024,8,Monday
MTC-21641,2024-08-27,Cup Series,Delhi Dynamos,Goa Sharks,Home,Cloudy,2,5,56,14,3,5,5,1,39405,44,Away Win,7,-3,3,17,12,12,2024,8,Tuesday
MTC-20072,2024-08-27,Cup Series,Goa Sharks,Bengaluru FC,Home,Clear,1,4,41,10,9,8,3,1,48911,59,Away Win,5,-3,3,19,-18,18,2024,8,Tuesday
MTC-23757,2024-08-27,Premier Division,Chennai Titans,Kerala Blasters,Home,Clear,5,4,38,9,1,8,2,1,42181,62,Home Win,9,1,1,10,-24,24,2024,8,Tuesday
MTC-22200,2024-08-27,Championship League,Kolkata Strikers,Hyderabad Falcons,Neutral,Cloudy,3,0,49,13,3,15,2,1,24678,51,Home Win,3,3,3,16,-2,2,2024,8,Tuesday
MTC-23500,2024-08-27,Cup Series,Hyderabad Falcons,Mumbai United,Neutral,Windy,5,5,53,3,10,10,4,0,63476,47,Draw,10,0,0,13,6,6,2024,8,Tuesday
MTC-20431,2024-08-27,Premier Division,Chennai Titans,Hyderabad Falcons,Home,Cloudy,0,3,66,8,3,15,2,1,31170,34,Away Win,3,-3,3,11,32,32,2024,8,Tuesday
MTC-21571,2024-08-27,Cup Series,Delhi Dynamos,Jaipur Lions,Away,Clear,2,3,60,5,13,23,2,0,24700,40,Away Win,5,-1,1,18,20,20,2024,8,Tuesday
MTC-22588,2024-08-28,Premier Division,Goa Sharks,Pune Warriors,Neutral,Rainy,5,2,32,11,6,6,3,0,38400,68,Home Win,7,3,3,17,-36,36,2024,8,Wednesday
MTC-21335,2024-08-28,Cup Series,Jaipur Lions,Pune Warriors,Home,Windy,3,1,48,2,10,20,2,1,62843,52,Home Win,4,2,2,12,-4,4,2024,8,Wednesday
MTC-20458,2024-08-28,Championship League,Hyderabad Falcons,Kolkata Strikers,Neutral,Cloudy,5,5,68,6,0,7,4,1,16720,32,Draw,10,0,0,6,36,36,2024,8,Wednesday
MTC-20851,2024-08-28,Premier Division,Jaipur Lions,Pune Warriors,Home,Windy,3,0,61,0,9,21,1,1,57998,39,Home Win,3,3,3,9,22,22,2024,8,Wednesday
MTC-22776,2024-08-28,Cup Series,Delhi Dynamos,Mumbai United,Home,Rainy,2,5,68,4,2,21,6,0,6983,32,Away Win,7,-3,3,6,36,36,2024,8,Wednesday
MTC-20258,2024-08-28,Championship League,Chennai Titans,Hyderabad Falcons,Home,Cloudy,1,3,60,4,12,9,5,0,56728,40,Away Win,4,-2,2,16,20,20,2024,8,Wednesday
MTC-22087,2024-08-28,Cup Series,Kolkata Strikers,Mumbai United,Neutral,Rainy,3,5,30,0,5,19,1,0,60509,70,Away Win,8,-2,2,5,-40,40,2024,8,Wednesday
MTC-21013,2024-08-28,Championship League,Chennai Titans,Hyderabad Falcons,Away,Rainy,2,0,50,8,1,8,0,0,50957,50,Home Win,2,2,2,9,0,0,2024,8,Wednesday
MTC-22501,2024-08-29,Cup Series,Kerala Blasters,Chennai Titans,Away,Windy,1,1,51,0,13,7,2,0,45553,49,Draw,2,0,0,13,2,2,2024,8,Thursday
MTC-21733,2024-08-29,Premier Division,Mumbai United,Pune Warriors,Home,Cloudy,3,3,41,5,9,6,4,0,46986,59,Draw,6,0,0,14,-18,18,2024,8,Thursday
MTC-22281,2024-08-29,Premier Division,Pune Warriors,Chennai Titans,Away,Cloudy,0,3,39,4,9,13,5,1,64423,61,Away Win,3,-3,3,13,-22,22,2024,8,Thursday
MTC-22051,2024-08-29,Championship League,Bengaluru FC,Hyderabad Falcons,Neutral,Rainy,0,2,57,8,1,18,2,1,12555,43,Away Win,2,-2,2,9,14,14,2024,8,Thursday
MTC-22579,2024-08-29,Premier Division,Chennai Titans,Delhi Dynamos,Home,Windy,2,1,44,7,11,10,1,0,51249,56,Home Win,3,1,1,18,-12,12,2024,8,Thursday
MTC-22535,2024-08-30,Cup Series,Delhi Dynamos,Chennai Titans,Home,Clear,3,2,58,0,4,17,2,0,45082,42,Home Win,5,1,1,4,16,16,2024,8,Friday
MTC-22507,2024-08-30,Championship League,Mumbai United,Chennai Titans,Neutral,Rainy,5,3,38,4,2,11,2,0,3685,62,Home Win,8,2,2,6,-24,24,2024,8,Friday
MTC-20336,2024-08-30,Premier Division,Chennai Titans,Mumbai United,Away,Clear,2,3,47,3,14,19,0,0,37190,53,Away Win,5,-1,1,17,-6,6,2024,8,Friday
MTC-21048,2024-08-30,Premier Division,Delhi Dynamos,Chennai Titans,Away,Windy,3,0,31,9,14,13,5,1,61412,69,Home Win,3,3,3,23,-38,38,2024,8,Friday
MTC-21457,2024-08-30,Premier Division,Mumbai United,Delhi Dynamos,Neutral,Rainy,5,5,55,8,11,7,6,1,19641,45,Draw,10,0,0,19,10,10,2024,8,Friday
MTC-22603,2024-08-31,Premier Division,Goa Sharks,Pune Warriors,Away,Clear,3,1,63,6,12,23,6,1,62534,37,Home Win,4,2,2,18,26,26,2024,8,Saturday
MTC-21941,2024-09-01,Championship League,Delhi Dynamos,Chennai Titans,Away,Windy,3,2,37,14,10,20,3,1,17254,63,Home Win,5,1,1,24,-26,26,2024,9,Sunday
MTC-22582,2024-09-01,Championship League,Pune Warriors,Mumbai United,Home,Windy,4,4,49,0,4,14,1,1,47839,51,Draw,8,0,0,4,-2,2,2024,9,Sunday
MTC-21593,2024-09-01,Cup Series,Kolkata Strikers,Mumbai United,Away,Cloudy,0,3,50,2,12,23,5,1,46060,50,Away Win,3,-3,3,14,0,0,2024,9,Sunday
MTC-22898,2024-09-02,Championship League,Pune Warriors,Hyderabad Falcons,Home,Cloudy,4,4,67,5,1,6,5,0,44351,33,Draw,8,0,0,6,34,34,2024,9,Monday
MTC-21042,2024-09-02,Premier Division,Bengaluru FC,Hyderabad Falcons,Home,Windy,5,2,41,13,14,11,2,0,4250,59,Home Win,7,3,3,27,-18,18,2024,9,Monday
MTC-23405,2024-09-02,Cup Series,Delhi Dynamos,Goa Sharks,Home,Windy,3,2,43,9,4,20,5,0,31223,57,Home Win,5,1,1,13,-14,14,2024,9,Monday
MTC-20010,2024-09-02,Premier Division,Bengaluru FC,Kolkata Strikers,Away,Windy,5,5,40,7,9,9,3,0,53503,60,Draw,10,0,0,16,-20,20,2024,9,Monday
MTC-20437,2024-09-02,Premier Division,Delhi Dynamos,Goa Sharks,Neutral,Clear,2,3,65,2,0,22,6,0,32503,35,Away Win,5,-1,1,2,30,30,2024,9,Monday
MTC-23638,2024-09-03,Championship League,Pune Warriors,Kerala Blasters,Home,Cloudy,2,5,35,2,10,21,5,0,19623,65,Away Win,7,-3,3,12,-30,30,2024,9,Tuesday
MTC-23305,2024-09-03,Championship League,Mumbai United,Kolkata Strikers,Away,Windy,1,4,59,2,8,19,3,0,5477,41,Away Win,5,-3,3,10,18,18,2024,9,Tuesday
MTC-21967,2024-09-03,Championship League,Mumbai United,Goa Sharks,Neutral,Clear,0,1,59,14,3,17,0,1,63607,41,Away Win,1,-1,1,17,18,18,2024,9,Tuesday
MTC-22561,2024-09-03,Premier Division,Bengaluru FC,Pune Warriors,Neutral,Rainy,2,3,36,3,7,20,0,1,53893,64,Away Win,5,-1,1,10,-28,28,2024,9,Tuesday
MTC-23494,2024-09-03,Premier Division,Jaipur Lions,Bengaluru FC,Home,Clear,5,4,54,14,7,6,3,1,56279,46,Home Win,9,1,1,21,8,8,2024,9,Tuesday
MTC-23014,2024-09-04,Championship League,Jaipur Lions,Goa Sharks,Neutral,Cloudy,5,2,66,0,2,13,3,1,57918,34,Home Win,7,3,3,2,32,32,2024,9,Wednesday
MTC-22290,2024-09-04,Cup Series,Mumbai United,Kerala Blasters,Away,Windy,4,1,45,9,13,14,0,1,45566,55,Home Win,5,3,3,22,-10,10,2024,9,Wednesday
MTC-20926,2024-09-04,Cup Series,Mumbai United,Hyderabad Falcons,Neutral,Clear,4,0,42,13,0,10,6,0,60069,58,Home Win,4,4,4,13,-16,16,2024,9,Wednesday
MTC-20781,2024-09-05,Championship League,Goa Sharks,Kerala Blasters,Home,Rainy,2,4,58,6,1,21,4,1,21341,42,Away Win,6,-2,2,7,16,16,2024,9,Thursday
MTC-22630,2024-09-05,Cup Series,Delhi Dynamos,Pune Warriors,Neutral,Windy,2,1,42,8,5,23,3,1,64574,58,Home Win,3,1,1,13,-16,16,2024,9,Thursday
MTC-20275,2024-09-05,Premier Division,Pune Warriors,Delhi Dynamos,Away,Clear,4,2,36,13,4,9,1,0,49593,64,Home Win,6,2,2,17,-28,28,2024,9,Thursday
MTC-22396,2024-09-05,Championship League,Mumbai United,Kolkata Strikers,Home,Clear,4,1,69,2,13,16,1,0,46189,31,Home Win,5,3,3,15,38,38,2024,9,Thursday
MTC-23345,2024-09-05,Premier Division,Mumbai United,Kolkata Strikers,Away,Windy,3,2,64,8,7,8,6,0,61897,36,Home Win,5,1,1,15,28,28,2024,9,Thursday
MTC-21031,2024-09-06,Championship League,Kolkata Strikers,Chennai Titans,Home,Windy,2,5,46,8,6,13,4,0,22645,54,Away Win,7,-3,3,14,-8,8,2024,9,Friday
MTC-20025,2024-09-06,Cup Series,Bengaluru FC,Hyderabad Falcons,Away,Windy,2,2,66,10,10,21,2,1,38978,34,Draw,4,0,0,20,32,32,2024,9,Friday
MTC-23577,2024-09-06,Championship League,Chennai Titans,Hyderabad Falcons,Away,Windy,0,2,33,0,6,14,0,0,55723,67,Away Win,2,-2,2,6,-34,34,2024,9,Friday
MTC-21796,2024-09-06,Championship League,Hyderabad Falcons,Bengaluru FC,Neutral,Windy,4,4,47,4,4,10,1,1,51556,53,Draw,8,0,0,8,-6,6,2024,9,Friday
MTC-23188,2024-09-06,Championship League,Mumbai United,Goa Sharks,Home,Windy,4,5,67,5,3,20,0,1,64805,33,Away Win,9,-1,1,8,34,34,2024,9,Friday
MTC-22288,2024-09-06,Premier Division,Goa Sharks,Mumbai United,Away,Clear,3,5,54,3,9,11,6,1,24575,46,Away Win,8,-2,2,12,8,8,2024,9,Friday
MTC-20624,2024-09-06,Premier Division,Jaipur Lions,Mumbai United,Home,Windy,0,0,49,1,6,20,0,0,40590,51,Draw,0,0,0,7,-2,2,2024,9,Friday
MTC-23338,2024-09-06,Championship League,Hyderabad Falcons,Bengaluru FC,Neutral,Windy,3,0,30,12,4,5,1,1,24502,70,Home Win,3,3,3,16,-40,40,2024,9,Friday
MTC-20136,2024-09-06,Championship League,Kolkata Strikers,Kerala Blasters,Neutral,Clear,5,0,35,2,4,12,2,1,29626,65,Home Win,5,5,5,6,-30,30,2024,9,Friday
MTC-20522,2024-09-06,Cup Series,Delhi Dynamos,Pune Warriors,Home,Clear,3,0,55,11,11,15,1,1,31308,45,Home Win,3,3,3,22,10,10,2024,9,Friday
MTC-22678,2024-09-06,Cup Series,Delhi Dynamos,Jaipur Lions,Neutral,Clear,5,4,34,13,10,7,6,1,50843,66,Home Win,9,1,1,23,-32,32,2024,9,Friday
MTC-21246,2024-09-07,Premier Division,Goa Sharks,Kerala Blasters,Away,Rainy,4,5,47,4,7,21,1,0,31135,53,Away Win,9,-1,1,11,-6,6,2024,9,Saturday
MTC-21081,2024-09-07,Championship League,Jaipur Lions,Goa Sharks,Home,Rainy,0,0,44,10,5,5,3,0,30621,56,Draw,0,0,0,15,-12,12,2024,9,Saturday
MTC-20245,2024-09-08,Premier Division,Goa Sharks,Hyderabad Falcons,Home,Clear,3,4,41,11,0,17,6,1,52912,59,Away Win,7,-1,1,11,-18,18,2024,9,Sunday
MTC-21715,2024-09-09,Cup Series,Jaipur Lions,Mumbai United,Neutral,Cloudy,5,0,47,12,4,15,4,0,32526,53,Home Win,5,5,5,16,-6,6,2024,9,Monday
MTC-21085,2024-09-09,Championship League,Hyderabad Falcons,Kerala Blasters,Home,Windy,4,0,33,8,3,11,4,1,44630,67,Home Win,4,4,4,11,-34,34,2024,9,Monday
MTC-22451,2024-09-09,Premier Division,Pune Warriors,Jaipur Lions,Neutral,Cloudy,4,5,70,9,12,17,3,0,50784,30,Away Win,9,-1,1,21,40,40,2024,9,Monday
MTC-22543,2024-09-09,Cup Series,Jaipur Lions,Bengaluru FC,Away,Clear,2,2,65,13,13,21,6,1,10219,35,Draw,4,0,0,26,30,30,2024,9,Monday
MTC-20608,2024-09-09,Championship League,Chennai Titans,Delhi Dynamos,Away,Rainy,5,4,68,11,8,12,3,1,32705,32,Home Win,9,1,1,19,36,36,2024,9,Monday
MTC-21488,2024-09-09,Championship League,Kolkata Strikers,Pune Warriors,Away,Windy,5,0,66,3,10,10,3,1,23724,34,Home Win,5,5,5,13,32,32,2024,9,Monday
MTC-23566,2024-09-10,Premier Division,Goa Sharks,Jaipur Lions,Away,Cloudy,3,1,40,10,4,20,3,0,7070,60,Home Win,4,2,2,14,-20,20,2024,9,Tuesday
MTC-23311,2024-09-10,Championship League,Bengaluru FC,Kolkata Strikers,Home,Clear,0,4,31,6,5,12,3,1,41639,69,Away Win,4,-4,4,11,-38,38,2024,9,Tuesday
MTC-21030,2024-09-10,Premier Division,Kolkata Strikers,Mumbai United,Home,Rainy,3,1,59,0,10,20,3,0,27561,41,Home Win,4,2,2,10,18,18,2024,9,Tuesday
MTC-20702,2024-09-10,Premier Division,Pune Warriors,Bengaluru FC,Home,Clear,2,3,48,1,8,24,2,0,3960,52,Away Win,5,-1,1,9,-4,4,2024,9,Tuesday
MTC-23142,2024-09-10,Championship League,Pune Warriors,Mumbai United,Neutral,Cloudy,5,2,31,0,2,10,5,0,33204,69,Home Win,7,3,3,2,-38,38,2024,9,Tuesday
MTC-23136,2024-09-10,Premier Division,Mumbai United,Bengaluru FC,Away,Clear,4,1,49,11,2,9,3,1,11473,51,Home Win,5,3,3,13,-2,2,2024,9,Tuesday
MTC-21581,2024-09-10,Championship League,Jaipur Lions,Mumbai United,Neutral,Rainy,5,3,30,5,11,13,4,1,40138,70,Home Win,8,2,2,16,-40,40,2024,9,Tuesday
MTC-20158,2024-09-10,Premier Division,Bengaluru FC,Kolkata Strikers,Away,Rainy,1,3,63,7,1,19,5,1,41673,37,Away Win,4,-2,2,8,26,26,2024,9,Tuesday
MTC-22978,2024-09-11,Cup Series,Mumbai United,Pune Warriors,Neutral,Clear,1,4,37,11,12,23,1,0,25335,63,Away Win,5,-3,3,23,-26,26,2024,9,Wednesday
MTC-21230,2024-09-11,Cup Series,Mumbai United,Kolkata Strikers,Home,Windy,0,0,66,5,13,16,3,0,36642,34,Draw,0,0,0,18,32,32,2024,9,Wednesday
MTC-23049,2024-09-11,Championship League,Jaipur Lions,Mumbai United,Neutral,Cloudy,0,3,68,13,11,7,1,1,57575,32,Away Win,3,-3,3,24,36,36,2024,9,Wednesday
MTC-22022,2024-09-11,Premier Division,Goa Sharks,Pune Warriors,Home,Clear,1,2,58,7,3,16,0,1,30744,42,Away Win,3,-1,1,10,16,16,2024,9,Wednesday
MTC-23027,2024-09-11,Championship League,Pune Warriors,Kerala Blasters,Home,Clear,1,5,48,10,11,15,3,1,55708,52,Away Win,6,-4,4,21,-4,4,2024,9,Wednesday
MTC-20074,2024-09-12,Championship League,Kolkata Strikers,Hyderabad Falcons,Home,Cloudy,4,0,39,12,6,23,4,1,57868,61,Home Win,4,4,4,18,-22,22,2024,9,Thursday
MTC-22342,2024-09-12,Premier Division,Bengaluru FC,Hyderabad Falcons,Away,Clear,2,0,44,0,5,14,4,1,50298,56,Home Win,2,2,2,5,-12,12,2024,9,Thursday
MTC-20636,2024-09-12,Cup Series,Goa Sharks,Kerala Blasters,Home,Clear,3,4,37,3,0,20,6,0,26601,63,Away Win,7,-1,1,3,-26,26,2024,9,Thursday
MTC-20877,2024-09-12,Championship League,Pune Warriors,Delhi Dynamos,Home,Windy,3,0,67,13,1,22,6,0,13774,33,Home Win,3,3,3,14,34,34,2024,9,Thursday
MTC-20599,2024-09-12,Premier Division,Chennai Titans,Delhi Dynamos,Home,Windy,5,4,59,10,4,9,6,1,9410,41,Home Win,9,1,1,14,18,18,2024,9,Thursday
MTC-23403,2024-09-13,Cup Series,Goa Sharks,Bengaluru FC,Away,Rainy,0,0,55,9,6,19,5,1,50138,45,Draw,0,0,0,15,10,10,2024,9,Friday
MTC-20461,2024-09-13,Premier Division,Chennai Titans,Kolkata Strikers,Neutral,Rainy,3,0,58,14,8,5,4,1,16738,42,Home Win,3,3,3,22,16,16,2024,9,Friday
MTC-21292,2024-09-13,Championship League,Delhi Dynamos,Chennai Titans,Neutral,Windy,3,3,47,2,6,14,5,1,48202,53,Draw,6,0,0,8,-6,6,2024,9,Friday
MTC-22471,2024-09-13,Premier Division,Mumbai United,Goa Sharks,Home,Rainy,5,0,43,7,5,9,2,0,4673,57,Home Win,5,5,5,12,-14,14,2024,9,Friday
MTC-22187,2024-09-13,Cup Series,Jaipur Lions,Kolkata Strikers,Neutral,Windy,1,4,38,12,1,10,6,1,16563,62,Away Win,5,-3,3,13,-24,24,2024,9,Friday
MTC-20216,2024-09-13,Cup Series,Kerala Blasters,Hyderabad Falcons,Neutral,Cloudy,4,4,55,10,0,5,0,1,28727,45,Draw,8,0,0,10,10,10,2024,9,Friday
MTC-21234,2024-09-14,Premier Division,Mumbai United,Hyderabad Falcons,Home,Windy,2,4,59,1,5,5,2,1,27347,41,Away Win,6,-2,2,6,18,18,2024,9,Saturday
MTC-20003,2024-09-14,Cup Series,Kerala Blasters,Hyderabad Falcons,Away,Rainy,1,5,58,6,10,13,1,0,32869,42,Away Win,6,-4,4,16,16,16,2024,9,Saturday
MTC-21449,2024-09-14,Cup Series,Bengaluru FC,Pune Warriors,Neutral,Rainy,4,5,41,6,10,21,1,1,40166,59,Away Win,9,-1,1,16,-18,18,2024,9,Saturday
MTC-22933,2024-09-14,Premier Division,Delhi Dynamos,Mumbai United,Neutral,Cloudy,0,0,36,3,2,11,6,1,18701,64,Draw,0,0,0,5,-28,28,2024,9,Saturday
MTC-22224,2024-09-14,Cup Series,Mumbai United,Kerala Blasters,Away,Rainy,5,4,49,10,5,8,3,1,39283,51,Home Win,9,1,1,15,-2,2,2024,9,Saturday
MTC-21313,2024-09-14,Championship League,Kolkata Strikers,Pune Warriors,Neutral,Clear,2,3,70,5,14,18,3,0,7988,30,Away Win,5,-1,1,19,40,40,2024,9,Saturday
MTC-22996,2024-09-14,Cup Series,Chennai Titans,Goa Sharks,Away,Rainy,3,5,70,13,5,23,6,0,27096,30,Away Win,8,-2,2,18,40,40,2024,9,Saturday
MTC-20479,2024-09-15,Premier Division,Jaipur Lions,Kolkata Strikers,Neutral,Cloudy,0,3,55,4,10,12,0,0,20894,45,Away Win,3,-3,3,14,10,10,2024,9,Sunday
MTC-23252,2024-09-15,Cup Series,Hyderabad Falcons,Chennai Titans,Home,Clear,1,1,42,10,10,8,5,1,62600,58,Draw,2,0,0,20,-16,16,2024,9,Sunday
MTC-23036,2024-09-15,Championship League,Bengaluru FC,Kerala Blasters,Away,Rainy,4,4,48,9,11,16,4,1,20765,52,Draw,8,0,0,20,-4,4,2024,9,Sunday
MTC-21110,2024-09-15,Championship League,Jaipur Lions,Pune Warriors,Away,Rainy,3,3,52,8,9,23,5,1,31167,48,Draw,6,0,0,17,4,4,2024,9,Sunday
MTC-20396,2024-09-15,Championship League,Pune Warriors,Goa Sharks,Home,Cloudy,0,3,43,14,12,13,4,0,62671,57,Away Win,3,-3,3,26,-14,14,2024,9,Sunday
MTC-22648,2024-09-15,Premier Division,Goa Sharks,Chennai Titans,Home,Cloudy,4,1,52,14,8,9,6,0,3397,48,Home Win,5,3,3,22,4,4,2024,9,Sunday
MTC-21779,2024-09-15,Cup Series,Delhi Dynamos,Mumbai United,Neutral,Windy,2,4,39,3,3,21,4,0,7594,61,Away Win,6,-2,2,6,-22,22,2024,9,Sunday
MTC-21667,2024-09-16,Cup Series,Hyderabad Falcons,Jaipur Lions,Away,Cloudy,2,0,70,10,7,24,0,0,35210,30,Home Win,2,2,2,17,40,40,2024,9,Monday
MTC-22132,2024-09-16,Championship League,Kerala Blasters,Chennai Titans,Away,Windy,2,0,61,1,12,24,5,1,36185,39,Home Win,2,2,2,13,22,22,2024,9,Monday
MTC-21607,2024-09-16,Premier Division,Kolkata Strikers,Pune Warriors,Neutral,Windy,1,1,31,13,7,16,6,1,11103,69,Draw,2,0,0,20,-38,38,2024,9,Monday
MTC-22641,2024-09-16,Championship League,Goa Sharks,Kerala Blasters,Away,Windy,3,2,47,11,13,22,6,1,36273,53,Home Win,5,1,1,24,-6,6,2024,9,Monday
MTC-22673,2024-09-16,Cup Series,Hyderabad Falcons,Jaipur Lions,Away,Rainy,2,1,44,7,13,10,5,1,41985,56,Home Win,3,1,1,20,-12,12,2024,9,Monday
MTC-20622,2024-09-16,Championship League,Delhi Dynamos,Hyderabad Falcons,Home,Cloudy,5,1,57,5,0,9,0,0,37869,43,Home Win,6,4,4,5,14,14,2024,9,Monday
MTC-23795,2024-09-17,Premier Division,Mumbai United,Hyderabad Falcons,Home,Rainy,4,2,47,14,11,17,0,0,25107,53,Home Win,6,2,2,25,-6,6,2024,9,Tuesday
MTC-22928,2024-09-17,Championship League,Jaipur Lions,Mumbai United,Neutral,Cloudy,1,1,58,8,2,18,2,1,29122,42,Draw,2,0,0,10,16,16,2024,9,Tuesday
MTC-23223,2024-09-17,Premier Division,Chennai Titans,Bengaluru FC,Neutral,Cloudy,0,2,54,10,12,10,5,1,13220,46,Away Win,2,-2,2,22,8,8,2024,9,Tuesday
MTC-23190,2024-09-18,Premier Division,Mumbai United,Pune Warriors,Neutral,Rainy,2,3,38,0,8,23,3,0,37612,62,Away Win,5,-1,1,8,-24,24,2024,9,Wednesday
MTC-20915,2024-09-18,Premier Division,Chennai Titans,Kerala Blasters,Away,Clear,5,2,35,8,5,5,3,0,25020,65,Home Win,7,3,3,13,-30,30,2024,9,Wednesday
MTC-20567,2024-09-18,Championship League,Pune Warriors,Jaipur Lions,Home,Cloudy,3,4,59,9,1,17,6,1,58282,41,Away Win,7,-1,1,10,18,18,2024,9,Wednesday
MTC-22372,2024-09-19,Championship League,Bengaluru FC,Chennai Titans,Away,Windy,0,4,57,1,7,5,2,1,10326,43,Away Win,4,-4,4,8,14,14,2024,9,Thursday
MTC-20272,2024-09-19,Premier Division,Bengaluru FC,Goa Sharks,Home,Cloudy,2,5,48,6,0,24,3,0,52682,52,Away Win,7,-3,3,6,-4,4,2024,9,Thursday
MTC-23546,2024-09-19,Championship League,Delhi Dynamos,Mumbai United,Home,Clear,1,3,30,4,2,7,6,1,49471,70,Away Win,4,-2,2,6,-40,40,2024,9,Thursday
MTC-22098,2024-09-19,Premier Division,Kolkata Strikers,Jaipur Lions,Away,Rainy,4,1,54,11,14,24,5,0,23725,46,Home Win,5,3,3,25,8,8,2024,9,Thursday
MTC-20283,2024-09-20,Cup Series,Pune Warriors,Kerala Blasters,Away,Rainy,3,0,56,12,12,16,6,1,48566,44,Home Win,3,3,3,24,12,12,2024,9,Friday
MTC-21459,2024-09-20,Championship League,Chennai Titans,Delhi Dynamos,Home,Rainy,1,4,70,2,12,14,1,0,5109,30,Away Win,5,-3,3,14,40,40,2024,9,Friday
MTC-21037,2024-09-20,Cup Series,Bengaluru FC,Kerala Blasters,Neutral,Clear,1,5,32,2,0,24,2,0,36957,68,Away Win,6,-4,4,2,-36,36,2024,9,Friday
MTC-22449,2024-09-21,Championship League,Pune Warriors,Bengaluru FC,Home,Windy,3,3,47,7,0,19,5,1,50416,53,Draw,6,0,0,7,-6,6,2024,9,Saturday
MTC-21543,2024-09-21,Championship League,Jaipur Lions,Bengaluru FC,Home,Clear,4,3,38,11,12,9,6,0,54366,62,Home Win,7,1,1,23,-24,24,2024,9,Saturday
MTC-22204,2024-09-21,Championship League,Bengaluru FC,Delhi Dynamos,Home,Cloudy,5,2,51,14,12,8,2,1,21269,49,Home Win,7,3,3,26,2,2,2024,9,Saturday
MTC-22799,2024-09-21,Cup Series,Mumbai United,Chennai Titans,Away,Clear,2,3,48,9,0,12,2,1,62994,52,Away Win,5,-1,1,9,-4,4,2024,9,Saturday
MTC-20931,2024-09-21,Premier Division,Chennai Titans,Pune Warriors,Neutral,Rainy,5,4,31,5,13,5,1,1,18067,69,Home Win,9,1,1,18,-38,38,2024,9,Saturday
MTC-21358,2024-09-21,Premier Division,Jaipur Lions,Bengaluru FC,Away,Clear,3,4,63,1,7,10,4,1,24787,37,Away Win,7,-1,1,8,26,26,2024,9,Saturday
MTC-21261,2024-09-22,Championship League,Pune Warriors,Jaipur Lions,Away,Cloudy,4,4,42,12,13,11,6,1,9475,58,Draw,8,0,0,25,-16,16,2024,9,Sunday
MTC-21409,2024-09-22,Premier Division,Pune Warriors,Hyderabad Falcons,Home,Cloudy,1,1,46,9,5,17,1,1,37208,54,Draw,2,0,0,14,-8,8,2024,9,Sunday
MTC-21086,2024-09-22,Cup Series,Kerala Blasters,Pune Warriors,Away,Clear,5,5,41,9,0,17,1,0,60767,59,Draw,10,0,0,9,-18,18,2024,9,Sunday
MTC-21621,2024-09-22,Cup Series,Jaipur Lions,Bengaluru FC,Neutral,Windy,4,1,35,7,4,22,1,0,44842,65,Home Win,5,3,3,11,-30,30,2024,9,Sunday
MTC-22479,2024-09-23,Championship League,Goa Sharks,Chennai Titans,Home,Clear,5,4,54,6,1,16,2,0,25888,46,Home Win,9,1,1,7,8,8,2024,9,Monday
MTC-23079,2024-09-23,Championship League,Mumbai United,Goa Sharks,Away,Clear,2,1,45,8,5,6,2,0,10517,55,Home Win,3,1,1,13,-10,10,2024,9,Monday
MTC-20154,2024-09-23,Championship League,Hyderabad Falcons,Delhi Dynamos,Neutral,Windy,1,2,56,4,0,14,1,1,61195,44,Away Win,3,-1,1,4,12,12,2024,9,Monday
MTC-22536,2024-09-23,Championship League,Kolkata Strikers,Mumbai United,Neutral,Clear,3,0,51,14,1,13,6,0,44929,49,Home Win,3,3,3,15,2,2,2024,9,Monday
MTC-21790,2024-09-23,Cup Series,Hyderabad Falcons,Bengaluru FC,Away,Cloudy,3,4,36,8,12,7,6,1,2664,64,Away Win,7,-1,1,20,-28,28,2024,9,Monday
MTC-21852,2024-09-23,Championship League,Bengaluru FC,Mumbai United,Neutral,Clear,1,5,57,2,10,7,5,1,34254,43,Away Win,6,-4,4,12,14,14,2024,9,Monday
MTC-20460,2024-09-24,Premier Division,Chennai Titans,Goa Sharks,Away,Windy,0,5,45,7,1,22,4,1,16626,55,Away Win,5,-5,5,8,-10,10,2024,9,Tuesday
MTC-20219,2024-09-24,Premier Division,Pune Warriors,Mumbai United,Away,Clear,3,0,53,12,4,8,2,0,43109,47,Home Win,3,3,3,16,6,6,2024,9,Tuesday
MTC-20741,2024-09-25,Cup Series,Delhi Dynamos,Jaipur Lions,Away,Cloudy,4,4,68,5,11,19,5,1,61090,32,Draw,8,0,0,16,36,36,2024,9,Wednesday
MTC-21728,2024-09-25,Premier Division,Pune Warriors,Chennai Titans,Away,Clear,0,3,43,3,7,20,3,0,12055,57,Away Win,3,-3,3,10,-14,14,2024,9,Wednesday
MTC-21963,2024-09-26,Cup Series,Hyderabad Falcons,Chennai Titans,Away,Windy,2,2,49,6,13,10,1,0,22887,51,Draw,4,0,0,19,-2,2,2024,9,Thursday
MTC-22046,2024-09-27,Cup Series,Jaipur Lions,Kerala Blasters,Home,Windy,5,0,63,3,4,5,3,0,35783,37,Home Win,5,5,5,7,26,26,2024,9,Friday
MTC-23412,2024-09-27,Cup Series,Mumbai United,Chennai Titans,Away,Rainy,4,0,49,11,14,13,3,1,17386,51,Home Win,4,4,4,25,-2,2,2024,9,Friday
MTC-22005,2024-09-27,Championship League,Hyderabad Falcons,Goa Sharks,Neutral,Windy,0,2,38,13,2,8,2,1,42311,62,Away Win,2,-2,2,15,-24,24,2024,9,Friday
MTC-21157,2024-09-27,Cup Series,Goa Sharks,Kerala Blasters,Away,Cloudy,4,0,67,14,1,18,2,1,7363,33,Home Win,4,4,4,15,34,34,2024,9,Friday
MTC-21178,2024-09-27,Cup Series,Goa Sharks,Kerala Blasters,Away,Rainy,4,2,48,5,7,19,1,0,48383,52,Home Win,6,2,2,12,-4,4,2024,9,Friday
MTC-20534,2024-09-28,Cup Series,Goa Sharks,Mumbai United,Home,Windy,0,4,36,8,11,21,0,1,34563,64,Away Win,4,-4,4,19,-28,28,2024,9,Saturday
MTC-20977,2024-09-28,Championship League,Jaipur Lions,Kerala Blasters,Home,Rainy,3,1,51,14,0,23,1,0,45404,49,Home Win,4,2,2,14,2,2,2024,9,Saturday
MTC-20897,2024-09-29,Championship League,Pune Warriors,Kerala Blasters,Away,Windy,0,4,35,2,12,16,2,0,38895,65,Away Win,4,-4,4,14,-30,30,2024,9,Sunday
MTC-20381,2024-09-29,Championship League,Delhi Dynamos,Hyderabad Falcons,Away,Cloudy,1,5,50,6,7,18,4,1,38747,50,Away Win,6,-4,4,13,0,0,2024,9,Sunday
MTC-22223,2024-09-29,Cup Series,Pune Warriors,Hyderabad Falcons,Away,Rainy,5,3,61,0,8,5,5,0,63925,39,Home Win,8,2,2,8,22,22,2024,9,Sunday
MTC-22260,2024-09-30,Premier Division,Bengaluru FC,Hyderabad Falcons,Away,Clear,2,4,39,2,10,8,5,0,33741,61,Away Win,6,-2,2,12,-22,22,2024,9,Monday
MTC-23374,2024-09-30,Premier Division,Chennai Titans,Delhi Dynamos,Home,Cloudy,4,5,52,0,11,21,4,1,23885,48,Away Win,9,-1,1,11,4,4,2024,9,Monday
MTC-20293,2024-09-30,Championship League,Mumbai United,Bengaluru FC,Neutral,Clear,3,0,32,12,6,7,2,0,61815,68,Home Win,3,3,3,18,-36,36,2024,9,Monday
MTC-23786,2024-09-30,Premier Division,Kolkata Strikers,Chennai Titans,Neutral,Cloudy,3,2,47,9,14,10,5,0,25021,53,Home Win,5,1,1,23,-6,6,2024,9,Monday
MTC-21194,2024-09-30,Cup Series,Chennai Titans,Mumbai United,Away,Cloudy,0,2,43,4,2,13,2,0,7510,57,Away Win,2,-2,2,6,-14,14,2024,9,Monday
MTC-20339,2024-09-30,Championship League,Jaipur Lions,Delhi Dynamos,Home,Windy,3,4,70,8,3,10,3,1,18255,30,Away Win,7,-1,1,11,40,40,2024,9,Monday
MTC-21920,2024-09-30,Premier Division,Chennai Titans,Jaipur Lions,Neutral,Windy,1,5,43,14,13,10,2,0,17543,57,Away Win,6,-4,4,27,-14,14,2024,9,Monday
MTC-21130,2024-10-01,Premier Division,Goa Sharks,Delhi Dynamos,Neutral,Clear,0,4,59,3,7,20,2,0,30065,41,Away Win,4,-4,4,10,18,18,2024,10,Tuesday
MTC-22871,2024-10-01,Premier Division,Goa Sharks,Pune Warriors,Away,Clear,0,4,39,8,13,9,5,0,6024,61,Away Win,4,-4,4,21,-22,22,2024,10,Tuesday
MTC-20965,2024-10-01,Cup Series,Kolkata Strikers,Delhi Dynamos,Away,Clear,4,2,36,14,6,16,5,1,50677,64,Home Win,6,2,2,20,-28,28,2024,10,Tuesday
MTC-22303,2024-10-01,Championship League,Pune Warriors,Goa Sharks,Home,Clear,3,0,38,10,6,23,4,1,61401,62,Home Win,3,3,3,16,-24,24,2024,10,Tuesday
MTC-20248,2024-10-01,Premier Division,Mumbai United,Jaipur Lions,Neutral,Rainy,0,3,50,10,2,11,3,1,9361,50,Away Win,3,-3,3,12,0,0,2024,10,Tuesday
MTC-22952,2024-10-01,Championship League,Mumbai United,Delhi Dynamos,Home,Clear,5,2,48,3,8,22,6,0,64821,52,Home Win,7,3,3,11,-4,4,2024,10,Tuesday
MTC-23068,2024-10-01,Cup Series,Mumbai United,Jaipur Lions,Neutral,Clear,1,5,38,10,14,22,2,0,42373,62,Away Win,6,-4,4,24,-24,24,2024,10,Tuesday
MTC-21113,2024-10-02,Premier Division,Jaipur Lions,Kerala Blasters,Home,Clear,1,5,53,1,8,5,3,1,20629,47,Away Win,6,-4,4,9,6,6,2024,10,Wednesday
MTC-22622,2024-10-02,Premier Division,Mumbai United,Kolkata Strikers,Away,Clear,0,2,61,4,8,20,4,1,44845,39,Away Win,2,-2,2,12,22,22,2024,10,Wednesday
MTC-22805,2024-10-02,Championship League,Kerala Blasters,Delhi Dynamos,Away,Cloudy,3,1,62,10,9,15,3,0,12180,38,Home Win,4,2,2,19,24,24,2024,10,Wednesday
MTC-22560,2024-10-02,Cup Series,Chennai Titans,Goa Sharks,Home,Windy,4,3,55,2,2,19,0,0,52102,45,Home Win,7,1,1,4,10,10,2024,10,Wednesday
MTC-23319,2024-10-03,Championship League,Bengaluru FC,Delhi Dynamos,Away,Rainy,2,3,66,9,10,5,1,0,58976,34,Away Win,5,-1,1,19,32,32,2024,10,Thursday
MTC-22249,2024-10-03,Cup Series,Kerala Blasters,Jaipur Lions,Away,Rainy,2,0,45,8,2,21,6,0,26718,55,Home Win,2,2,2,10,-10,10,2024,10,Thursday
MTC-21122,2024-10-03,Championship League,Kerala Blasters,Goa Sharks,Home,Cloudy,4,4,55,14,9,13,6,1,31806,45,Draw,8,0,0,23,10,10,2024,10,Thursday
MTC-20722,2024-10-03,Premier Division,Bengaluru FC,Kolkata Strikers,Away,Windy,1,4,58,6,0,16,4,0,2867,42,Away Win,5,-3,3,6,16,16,2024,10,Thursday
MTC-22920,2024-10-03,Premier Division,Kolkata Strikers,Mumbai United,Away,Cloudy,5,5,34,0,3,5,1,0,54308,66,Draw,10,0,0,3,-32,32,2024,10,Thursday
MTC-21456,2024-10-03,Championship League,Goa Sharks,Hyderabad Falcons,Home,Windy,1,2,54,1,12,19,1,0,9105,46,Away Win,3,-1,1,13,8,8,2024,10,Thursday
MTC-20675,2024-10-03,Championship League,Mumbai United,Goa Sharks,Away,Cloudy,2,0,49,7,0,7,2,1,46819,51,Home Win,2,2,2,7,-2,2,2024,10,Thursday
MTC-23399,2024-10-03,Premier Division,Kerala Blasters,Goa Sharks,Home,Clear,3,0,60,4,11,21,5,1,31364,40,Home Win,3,3,3,15,20,20,2024,10,Thursday
MTC-20863,2024-10-03,Premier Division,Mumbai United,Jaipur Lions,Neutral,Clear,3,4,41,4,5,22,1,0,64274,59,Away Win,7,-1,1,9,-18,18,2024,10,Thursday
MTC-20208,2024-10-04,Cup Series,Kolkata Strikers,Chennai Titans,Home,Cloudy,2,5,67,10,2,16,5,1,5814,33,Away Win,7,-3,3,12,34,34,2024,10,Friday
MTC-20714,2024-10-04,Championship League,Hyderabad Falcons,Mumbai United,Away,Clear,3,1,62,9,8,20,6,1,45102,38,Home Win,4,2,2,17,24,24,2024,10,Friday
MTC-22455,2024-10-05,Premier Division,Bengaluru FC,Pune Warriors,Neutral,Rainy,4,3,47,5,12,24,5,0,62357,53,Home Win,7,1,1,17,-6,6,2024,10,Saturday
MTC-20323,2024-10-05,Premier Division,Jaipur Lions,Pune Warriors,Away,Cloudy,2,5,34,8,12,9,5,1,24972,66,Away Win,7,-3,3,20,-32,32,2024,10,Saturday
MTC-21591,2024-10-05,Premier Division,Pune Warriors,Goa Sharks,Neutral,Cloudy,5,1,52,7,1,15,3,0,62546,48,Home Win,6,4,4,8,4,4,2024,10,Saturday
MTC-22179,2024-10-05,Championship League,Chennai Titans,Delhi Dynamos,Neutral,Windy,0,5,36,13,14,6,5,0,47019,64,Away Win,5,-5,5,27,-28,28,2024,10,Saturday
MTC-20517,2024-10-05,Cup Series,Pune Warriors,Kerala Blasters,Neutral,Cloudy,4,1,52,5,6,10,2,0,45272,48,Home Win,5,3,3,11,4,4,2024,10,Saturday
MTC-23284,2024-10-05,Cup Series,Chennai Titans,Kerala Blasters,Away,Cloudy,1,0,54,14,13,21,3,0,58262,46,Home Win,1,1,1,27,8,8,2024,10,Saturday
MTC-22304,2024-10-05,Premier Division,Chennai Titans,Pune Warriors,Away,Rainy,3,3,64,2,4,9,6,1,13489,36,Draw,6,0,0,6,28,28,2024,10,Saturday
MTC-23452,2024-10-07,Championship League,Goa Sharks,Chennai Titans,Home,Cloudy,3,2,63,8,1,15,2,1,39650,37,Home Win,5,1,1,9,26,26,2024,10,Monday
MTC-22450,2024-10-07,Championship League,Mumbai United,Hyderabad Falcons,Home,Rainy,5,1,57,6,13,23,4,0,16482,43,Home Win,6,4,4,19,14,14,2024,10,Monday
MTC-22963,2024-10-07,Premier Division,Kolkata Strikers,Jaipur Lions,Away,Windy,0,4,64,5,0,19,2,1,4844,36,Away Win,4,-4,4,5,28,28,2024,10,Monday
MTC-23059,2024-10-07,Championship League,Mumbai United,Kolkata Strikers,Home,Cloudy,0,4,41,13,13,24,2,0,56909,59,Away Win,4,-4,4,26,-18,18,2024,10,Monday
MTC-22370,2024-10-07,Championship League,Pune Warriors,Delhi Dynamos,Neutral,Clear,0,3,47,8,8,16,4,0,56392,53,Away Win,3,-3,3,16,-6,6,2024,10,Monday
MTC-22782,2024-10-07,Championship League,Delhi Dynamos,Pune Warriors,Neutral,Cloudy,0,5,58,2,5,15,4,1,51422,42,Away Win,5,-5,5,7,16,16,2024,10,Monday
MTC-23255,2024-10-07,Premier Division,Bengaluru FC,Pune Warriors,Home,Clear,2,0,57,9,12,9,1,0,56447,43,Home Win,2,2,2,21,14,14,2024,10,Monday
MTC-20324,2024-10-08,Cup Series,Kerala Blasters,Delhi Dynamos,Neutral,Cloudy,4,0,59,5,10,9,3,0,51970,41,Home Win,4,4,4,15,18,18,2024,10,Tuesday
MTC-22737,2024-10-08,Championship League,Kolkata Strikers,Goa Sharks,Away,Rainy,2,5,52,11,1,18,3,1,8516,48,Away Win,7,-3,3,12,4,4,2024,10,Tuesday
MTC-20756,2024-10-09,Premier Division,Kolkata Strikers,Pune Warriors,Home,Cloudy,5,3,47,5,12,11,2,0,64366,53,Home Win,8,2,2,17,-6,6,2024,10,Wednesday
MTC-21058,2024-10-09,Premier Division,Kerala Blasters,Chennai Titans,Home,Clear,2,5,46,9,11,10,4,1,31645,54,Away Win,7,-3,3,20,-8,8,2024,10,Wednesday
MTC-20617,2024-10-09,Cup Series,Mumbai United,Hyderabad Falcons,Neutral,Rainy,4,1,55,10,8,17,3,1,10566,45,Home Win,5,3,3,18,10,10,2024,10,Wednesday
MTC-22557,2024-10-10,Cup Series,Kolkata Strikers,Delhi Dynamos,Neutral,Rainy,0,2,61,10,4,9,2,0,46320,39,Away Win,2,-2,2,14,22,22,2024,10,Thursday
MTC-23595,2024-10-10,Cup Series,Jaipur Lions,Bengaluru FC,Away,Cloudy,5,4,36,14,13,21,1,0,49870,64,Home Win,9,1,1,27,-28,28,2024,10,Thursday
MTC-23631,2024-10-10,Championship League,Jaipur Lions,Mumbai United,Away,Cloudy,2,5,35,5,7,5,5,1,2930,65,Away Win,7,-3,3,12,-30,30,2024,10,Thursday
MTC-21508,2024-10-11,Cup Series,Kolkata Strikers,Kerala Blasters,Away,Clear,1,0,43,4,8,23,2,1,11640,57,Home Win,1,1,1,12,-14,14,2024,10,Friday
MTC-22033,2024-10-11,Premier Division,Pune Warriors,Chennai Titans,Neutral,Cloudy,4,5,44,14,8,18,4,0,15427,56,Away Win,9,-1,1,22,-12,12,2024,10,Friday
MTC-23667,2024-10-11,Premier Division,Goa Sharks,Jaipur Lions,Home,Cloudy,0,0,49,9,11,20,6,1,39709,51,Draw,0,0,0,20,-2,2,2024,10,Friday
MTC-21905,2024-10-11,Championship League,Kerala Blasters,Goa Sharks,Away,Windy,4,0,34,14,9,13,2,1,33248,66,Home Win,4,4,4,23,-32,32,2024,10,Friday
MTC-22067,2024-10-11,Cup Series,Mumbai United,Pune Warriors,Neutral,Cloudy,2,4,59,9,8,5,6,1,60806,41,Away Win,6,-2,2,17,18,18,2024,10,Friday
MTC-20541,2024-10-11,Premier Division,Hyderabad Falcons,Chennai Titans,Neutral,Cloudy,4,3,40,6,0,15,4,1,8840,60,Home Win,7,1,1,6,-20,20,2024,10,Friday
MTC-20875,2024-10-11,Championship League,Hyderabad Falcons,Pune Warriors,Away,Clear,2,1,30,11,2,13,1,1,52888,70,Home Win,3,1,1,13,-40,40,2024,10,Friday
MTC-22935,2024-10-12,Cup Series,Delhi Dynamos,Goa Sharks,Neutral,Windy,4,0,61,1,9,6,2,0,5894,39,Home Win,4,4,4,10,22,22,2024,10,Saturday
MTC-22403,2024-10-12,Cup Series,Goa Sharks,Mumbai United,Neutral,Windy,3,5,33,8,13,12,0,0,41250,67,Away Win,8,-2,2,21,-34,34,2024,10,Saturday
MTC-21131,2024-10-13,Premier Division,Goa Sharks,Hyderabad Falcons,Neutral,Rainy,0,1,30,8,5,23,6,1,46784,70,Away Win,1,-1,1,13,-40,40,2024,10,Sunday
MTC-23590,2024-10-13,Cup Series,Chennai Titans,Kolkata Strikers,Neutral,Cloudy,1,5,31,4,13,16,1,0,38867,69,Away Win,6,-4,4,17,-38,38,2024,10,Sunday
MTC-23454,2024-10-13,Championship League,Bengaluru FC,Jaipur Lions,Away,Rainy,0,0,42,8,9,23,5,0,58540,58,Draw,0,0,0,17,-16,16,2024,10,Sunday
MTC-22462,2024-10-13,Cup Series,Kerala Blasters,Jaipur Lions,Away,Windy,4,0,61,12,5,20,5,0,52473,39,Home Win,4,4,4,17,22,22,2024,10,Sunday
MTC-23424,2024-10-13,Championship League,Bengaluru FC,Pune Warriors,Home,Cloudy,2,1,53,3,14,14,3,0,12668,47,Home Win,3,1,1,17,6,6,2024,10,Sunday
MTC-21262,2024-10-14,Championship League,Delhi Dynamos,Chennai Titans,Neutral,Cloudy,4,3,38,9,3,10,2,1,19269,62,Home Win,7,1,1,12,-24,24,2024,10,Monday
MTC-22426,2024-10-14,Championship League,Goa Sharks,Mumbai United,Home,Rainy,0,5,34,1,9,12,6,0,13273,66,Away Win,5,-5,5,10,-32,32,2024,10,Monday
MTC-23504,2024-10-14,Championship League,Delhi Dynamos,Goa Sharks,Neutral,Clear,2,4,45,13,13,15,4,0,34729,55,Away Win,6,-2,2,26,-10,10,2024,10,Monday
MTC-22125,2024-10-15,Championship League,Jaipur Lions,Chennai Titans,Away,Windy,4,0,38,8,12,11,2,1,55675,62,Home Win,4,4,4,20,-24,24,2024,10,Tuesday
MTC-21805,2024-10-15,Cup Series,Jaipur Lions,Goa Sharks,Away,Cloudy,3,5,40,3,3,9,2,0,32819,60,Away Win,8,-2,2,6,-20,20,2024,10,Tuesday
MTC-21526,2024-10-15,Premier Division,Chennai Titans,Pune Warriors,Neutral,Clear,5,1,52,4,0,21,0,0,28638,48,Home Win,6,4,4,4,4,4,2024,10,Tuesday
MTC-22264,2024-10-15,Premier Division,Hyderabad Falcons,Jaipur Lions,Neutral,Rainy,4,3,64,3,12,14,1,0,3668,36,Home Win,7,1,1,15,28,28,2024,10,Tuesday
MTC-20363,2024-10-15,Premier Division,Kerala Blasters,Kolkata Strikers,Home,Cloudy,5,0,38,13,5,23,3,1,38801,62,Home Win,5,5,5,18,-24,24,2024,10,Tuesday
MTC-20086,2024-10-16,Championship League,Jaipur Lions,Delhi Dynamos,Neutral,Windy,3,3,56,7,0,12,1,0,64919,44,Draw,6,0,0,7,12,12,2024,10,Wednesday
MTC-21041,2024-10-16,Championship League,Chennai Titans,Kolkata Strikers,Home,Rainy,1,0,56,11,9,16,3,1,15231,44,Home Win,1,1,1,20,12,12,2024,10,Wednesday
MTC-21590,2024-10-16,Championship League,Kolkata Strikers,Chennai Titans,Neutral,Windy,2,0,39,7,6,13,4,1,48885,61,Home Win,2,2,2,13,-22,22,2024,10,Wednesday
MTC-20792,2024-10-17,Premier Division,Mumbai United,Bengaluru FC,Neutral,Clear,5,5,65,8,7,14,6,0,28376,35,Draw,10,0,0,15,30,30,2024,10,Thursday
MTC-21714,2024-10-17,Championship League,Mumbai United,Bengaluru FC,Home,Clear,4,2,61,3,2,22,2,1,48317,39,Home Win,6,2,2,5,22,22,2024,10,Thursday
MTC-22019,2024-10-17,Premier Division,Kerala Blasters,Chennai Titans,Neutral,Rainy,1,4,55,0,14,15,1,1,62437,45,Away Win,5,-3,3,14,10,10,2024,10,Thursday
MTC-21567,2024-10-17,Championship League,Jaipur Lions,Goa Sharks,Away,Cloudy,4,0,65,2,7,7,0,1,28064,35,Home Win,4,4,4,9,30,30,2024,10,Thursday
MTC-22283,2024-10-17,Premier Division,Goa Sharks,Kerala Blasters,Away,Windy,0,4,69,13,13,8,6,0,17572,31,Away Win,4,-4,4,26,38,38,2024,10,Thursday
MTC-22422,2024-10-19,Championship League,Pune Warriors,Kerala Blasters,Neutral,Cloudy,4,3,38,11,12,23,4,0,4229,62,Home Win,7,1,1,23,-24,24,2024,10,Saturday
MTC-20489,2024-10-19,Cup Series,Delhi Dynamos,Hyderabad Falcons,Away,Rainy,5,2,53,9,12,23,6,0,38478,47,Home Win,7,3,3,21,6,6,2024,10,Saturday
MTC-20960,2024-10-19,Premier Division,Chennai Titans,Goa Sharks,Home,Clear,5,5,43,4,13,11,4,1,39446,57,Draw,10,0,0,17,-14,14,2024,10,Saturday
MTC-23679,2024-10-19,Cup Series,Kerala Blasters,Bengaluru FC,Away,Clear,3,0,33,1,2,13,2,0,62745,67,Home Win,3,3,3,3,-34,34,2024,10,Saturday
MTC-21129,2024-10-19,Championship League,Bengaluru FC,Delhi Dynamos,Neutral,Windy,5,2,56,4,10,23,5,1,10857,44,Home Win,7,3,3,14,12,12,2024,10,Saturday
MTC-21939,2024-10-19,Cup Series,Hyderabad Falcons,Delhi Dynamos,Home,Windy,0,0,37,13,14,5,5,1,2812,63,Draw,0,0,0,27,-26,26,2024,10,Saturday
MTC-22310,2024-10-20,Cup Series,Kolkata Strikers,Chennai Titans,Away,Windy,5,2,54,2,3,18,5,0,58862,46,Home Win,7,3,3,5,8,8,2024,10,Sunday
MTC-22313,2024-10-20,Premier Division,Hyderabad Falcons,Bengaluru FC,Home,Rainy,0,1,44,3,4,7,6,0,60842,56,Away Win,1,-1,1,7,-12,12,2024,10,Sunday
MTC-22958,2024-10-20,Cup Series,Hyderabad Falcons,Mumbai United,Neutral,Windy,1,4,37,0,4,18,6,1,10449,63,Away Win,5,-3,3,4,-26,26,2024,10,Sunday
MTC-22856,2024-10-20,Cup Series,Pune Warriors,Delhi Dynamos,Away,Rainy,5,4,40,6,8,17,4,0,61124,60,Home Win,9,1,1,14,-20,20,2024,10,Sunday
MTC-20327,2024-10-21,Cup Series,Delhi Dynamos,Bengaluru FC,Home,Rainy,3,2,51,12,3,9,4,1,4752,49,Home Win,5,1,1,15,2,2,2024,10,Monday
MTC-20705,2024-10-21,Championship League,Mumbai United,Hyderabad Falcons,Away,Cloudy,2,2,58,3,7,24,2,1,9099,42,Draw,4,0,0,10,16,16,2024,10,Monday
MTC-23738,2024-10-21,Premier Division,Chennai Titans,Pune Warriors,Home,Windy,4,3,42,8,14,16,0,0,39630,58,Home Win,7,1,1,22,-16,16,2024,10,Monday
MTC-22969,2024-10-21,Cup Series,Delhi Dynamos,Kolkata Strikers,Home,Rainy,0,1,70,3,12,12,1,0,47579,30,Away Win,1,-1,1,15,40,40,2024,10,Monday
MTC-21492,2024-10-22,Premier Division,Kerala Blasters,Hyderabad Falcons,Home,Clear,3,5,34,14,11,6,1,0,64563,66,Away Win,8,-2,2,25,-32,32,2024,10,Tuesday
MTC-23685,2024-10-22,Premier Division,Chennai Titans,Mumbai United,Home,Cloudy,5,3,30,3,3,11,4,1,40566,70,Home Win,8,2,2,6,-40,40,2024,10,Tuesday
MTC-22540,2024-10-22,Cup Series,Hyderabad Falcons,Chennai Titans,Home,Clear,5,2,55,13,0,11,3,1,30357,45,Home Win,7,3,3,13,10,10,2024,10,Tuesday
MTC-22350,2024-10-22,Premier Division,Bengaluru FC,Delhi Dynamos,Home,Clear,4,4,59,3,4,5,3,1,23792,41,Draw,8,0,0,7,18,18,2024,10,Tuesday
MTC-20226,2024-10-22,Premier Division,Kolkata Strikers,Delhi Dynamos,Away,Clear,1,3,43,4,7,23,4,1,43271,57,Away Win,4,-2,2,11,-14,14,2024,10,Tuesday
MTC-23456,2024-10-22,Premier Division,Goa Sharks,Kolkata Strikers,Away,Clear,0,0,64,14,0,18,6,1,53396,36,Draw,0,0,0,14,28,28,2024,10,Tuesday
MTC-22032,2024-10-23,Cup Series,Kerala Blasters,Bengaluru FC,Away,Clear,5,1,54,5,10,11,1,0,14597,46,Home Win,6,4,4,15,8,8,2024,10,Wednesday
MTC-22524,2024-10-23,Championship League,Kerala Blasters,Pune Warriors,Away,Windy,5,1,58,9,9,9,6,0,23397,42,Home Win,6,4,4,18,16,16,2024,10,Wednesday
MTC-23057,2024-10-23,Cup Series,Hyderabad Falcons,Goa Sharks,Neutral,Cloudy,0,2,62,9,12,13,2,1,20538,38,Away Win,2,-2,2,21,24,24,2024,10,Wednesday
MTC-22490,2024-10-24,Premier Division,Delhi Dynamos,Chennai Titans,Away,Windy,1,0,66,5,2,7,1,1,23255,34,Home Win,1,1,1,7,32,32,2024,10,Thursday
MTC-22441,2024-10-24,Premier Division,Goa Sharks,Kolkata Strikers,Home,Windy,0,3,60,2,7,13,6,1,13767,40,Away Win,3,-3,3,9,20,20,2024,10,Thursday
MTC-21484,2024-10-24,Premier Division,Goa Sharks,Kolkata Strikers,Away,Clear,2,3,41,13,5,8,1,1,25407,59,Away Win,5,-1,1,18,-18,18,2024,10,Thursday
MTC-22813,2024-10-24,Premier Division,Hyderabad Falcons,Bengaluru FC,Away,Rainy,1,3,68,8,0,13,5,0,28333,32,Away Win,4,-2,2,8,36,36,2024,10,Thursday
MTC-21625,2024-10-24,Premier Division,Jaipur Lions,Goa Sharks,Away,Clear,3,1,40,12,2,20,5,1,2753,60,Home Win,4,2,2,14,-20,20,2024,10,Thursday
MTC-22575,2024-10-25,Cup Series,Hyderabad Falcons,Jaipur Lions,Away,Clear,0,2,35,3,11,12,4,1,56131,65,Away Win,2,-2,2,14,-30,30,2024,10,Friday
MTC-21752,2024-10-25,Premier Division,Pune Warriors,Hyderabad Falcons,Away,Rainy,1,0,48,13,7,20,4,0,59000,52,Home Win,1,1,1,20,-4,4,2024,10,Friday
MTC-23570,2024-10-26,Championship League,Delhi Dynamos,Goa Sharks,Away,Windy,3,1,46,0,4,5,1,0,27884,54,Home Win,4,2,2,4,-8,8,2024,10,Saturday
MTC-21425,2024-10-26,Premier Division,Pune Warriors,Jaipur Lions,Away,Rainy,3,0,54,13,11,7,3,0,16879,46,Home Win,3,3,3,24,8,8,2024,10,Saturday
MTC-22095,2024-10-26,Championship League,Kerala Blasters,Kolkata Strikers,Neutral,Cloudy,0,5,48,5,8,22,6,1,49389,52,Away Win,5,-5,5,13,-4,4,2024,10,Saturday
MTC-23384,2024-10-26,Cup Series,Kerala Blasters,Chennai Titans,Home,Clear,4,5,52,6,14,11,1,1,2877,48,Away Win,9,-1,1,20,4,4,2024,10,Saturday
MTC-22733,2024-10-27,Cup Series,Delhi Dynamos,Kerala Blasters,Away,Rainy,4,1,54,6,6,14,2,1,53728,46,Home Win,5,3,3,12,8,8,2024,10,Sunday
MTC-20874,2024-10-27,Premier Division,Delhi Dynamos,Hyderabad Falcons,Home,Cloudy,1,4,37,2,1,12,2,1,49188,63,Away Win,5,-3,3,3,-26,26,2024,10,Sunday
MTC-23446,2024-10-27,Championship League,Delhi Dynamos,Bengaluru FC,Away,Cloudy,4,1,38,11,7,15,4,0,64654,62,Home Win,5,3,3,18,-24,24,2024,10,Sunday
MTC-23102,2024-10-27,Cup Series,Bengaluru FC,Hyderabad Falcons,Away,Windy,3,5,46,1,4,6,0,1,29865,54,Away Win,8,-2,2,5,-8,8,2024,10,Sunday
MTC-22072,2024-10-27,Cup Series,Bengaluru FC,Kerala Blasters,Home,Rainy,3,2,56,1,1,16,0,0,44333,44,Home Win,5,1,1,2,12,12,2024,10,Sunday
MTC-22366,2024-10-28,Premier Division,Mumbai United,Kolkata Strikers,Neutral,Cloudy,5,4,69,11,1,14,6,1,24635,31,Home Win,9,1,1,12,38,38,2024,10,Monday
MTC-21237,2024-10-28,Championship League,Goa Sharks,Delhi Dynamos,Neutral,Clear,5,5,62,3,8,8,4,0,48425,38,Draw,10,0,0,11,24,24,2024,10,Monday
MTC-22532,2024-10-28,Premier Division,Kolkata Strikers,Delhi Dynamos,Home,Clear,3,1,52,9,9,24,2,0,39744,48,Home Win,4,2,2,18,4,4,2024,10,Monday
MTC-20678,2024-10-29,Championship League,Delhi Dynamos,Bengaluru FC,Neutral,Windy,1,2,57,2,12,21,1,1,36768,43,Away Win,3,-1,1,14,14,14,2024,10,Tuesday
MTC-22943,2024-10-29,Premier Division,Goa Sharks,Pune Warriors,Home,Clear,1,1,59,8,5,24,1,1,52065,41,Draw,2,0,0,13,18,18,2024,10,Tuesday
MTC-21289,2024-10-29,Premier Division,Chennai Titans,Mumbai United,Home,Clear,1,1,56,5,2,21,3,1,2660,44,Draw,2,0,0,7,12,12,2024,10,Tuesday
MTC-21024,2024-10-29,Championship League,Pune Warriors,Chennai Titans,Home,Cloudy,5,4,52,14,7,12,5,1,42041,48,Home Win,9,1,1,21,4,4,2024,10,Tuesday
MTC-22121,2024-10-29,Championship League,Goa Sharks,Delhi Dynamos,Away,Clear,5,1,48,14,12,5,1,0,57577,52,Home Win,6,4,4,26,-4,4,2024,10,Tuesday
MTC-21934,2024-10-29,Premier Division,Kerala Blasters,Delhi Dynamos,Neutral,Rainy,3,4,59,7,14,12,2,1,5756,41,Away Win,7,-1,1,21,18,18,2024,10,Tuesday
MTC-22043,2024-10-29,Championship League,Bengaluru FC,Kerala Blasters,Away,Clear,3,5,37,6,7,8,1,1,56563,63,Away Win,8,-2,2,13,-26,26,2024,10,Tuesday
MTC-21816,2024-10-29,Championship League,Chennai Titans,Hyderabad Falcons,Home,Windy,3,2,44,13,8,16,2,1,10409,56,Home Win,5,1,1,21,-12,12,2024,10,Tuesday
MTC-23060,2024-10-30,Championship League,Kerala Blasters,Hyderabad Falcons,Neutral,Clear,2,3,50,5,6,11,6,0,3579,50,Away Win,5,-1,1,11,0,0,2024,10,Wednesday
MTC-20411,2024-10-30,Cup Series,Mumbai United,Kolkata Strikers,Away,Clear,4,2,61,7,10,7,1,1,18289,39,Home Win,6,2,2,17,22,22,2024,10,Wednesday
MTC-21521,2024-10-30,Championship League,Chennai Titans,Bengaluru FC,Home,Windy,5,4,65,10,1,21,2,1,35558,35,Home Win,9,1,1,11,30,30,2024,10,Wednesday
MTC-21487,2024-10-31,Championship League,Delhi Dynamos,Bengaluru FC,Away,Windy,3,2,65,0,1,7,0,1,29623,35,Home Win,5,1,1,1,30,30,2024,10,Thursday
MTC-21946,2024-10-31,Premier Division,Jaipur Lions,Delhi Dynamos,Neutral,Rainy,3,2,32,13,5,18,2,1,29044,68,Home Win,5,1,1,18,-36,36,2024,10,Thursday
MTC-20314,2024-10-31,Cup Series,Hyderabad Falcons,Goa Sharks,Away,Rainy,1,2,50,2,2,20,2,1,10107,50,Away Win,3,-1,1,4,0,0,2024,10,Thursday
MTC-22753,2024-10-31,Championship League,Hyderabad Falcons,Mumbai United,Home,Clear,2,4,70,6,4,17,0,0,28901,30,Away Win,6,-2,2,10,40,40,2024,10,Thursday
MTC-21481,2024-10-31,Cup Series,Chennai Titans,Pune Warriors,Neutral,Rainy,4,4,33,12,9,8,3,0,31790,67,Draw,8,0,0,21,-34,34,2024,10,Thursday
MTC-22002,2024-10-31,Cup Series,Bengaluru FC,Kerala Blasters,Away,Clear,4,1,38,14,6,23,1,0,63667,62,Home Win,5,3,3,20,-24,24,2024,10,Thursday
MTC-20448,2024-11-01,Championship League,Bengaluru FC,Kerala Blasters,Home,Cloudy,3,1,48,0,5,20,5,0,59830,52,Home Win,4,2,2,5,-4,4,2024,11,Friday
MTC-21903,2024-11-02,Championship League,Bengaluru FC,Pune Warriors,Away,Windy,4,0,52,9,3,17,2,1,7138,48,Home Win,4,4,4,12,4,4,2024,11,Saturday
MTC-21564,2024-11-02,Premier Division,Kerala Blasters,Kolkata Strikers,Neutral,Rainy,5,4,38,2,3,11,1,0,23103,62,Home Win,9,1,1,5,-24,24,2024,11,Saturday
MTC-21295,2024-11-02,Premier Division,Chennai Titans,Delhi Dynamos,Home,Windy,5,2,41,2,0,17,0,0,12309,59,Home Win,7,3,3,2,-18,18,2024,11,Saturday
MTC-20126,2024-11-02,Cup Series,Jaipur Lions,Chennai Titans,Home,Rainy,3,0,49,2,13,7,2,0,43109,51,Home Win,3,3,3,15,-2,2,2024,11,Saturday
MTC-20812,2024-11-02,Premier Division,Chennai Titans,Kolkata Strikers,Neutral,Windy,5,1,30,10,6,16,4,1,42629,70,Home Win,6,4,4,16,-40,40,2024,11,Saturday
MTC-21180,2024-11-03,Cup Series,Goa Sharks,Kerala Blasters,Away,Clear,1,4,62,1,12,23,2,0,2361,38,Away Win,5,-3,3,13,24,24,2024,11,Sunday
MTC-20084,2024-11-03,Championship League,Delhi Dynamos,Chennai Titans,Neutral,Cloudy,2,0,44,2,9,19,2,1,43501,56,Home Win,2,2,2,11,-12,12,2024,11,Sunday
MTC-21933,2024-11-03,Premier Division,Chennai Titans,Mumbai United,Away,Cloudy,2,2,66,2,7,23,3,0,30732,34,Draw,4,0,0,9,32,32,2024,11,Sunday
MTC-20543,2024-11-03,Premier Division,Delhi Dynamos,Jaipur Lions,Neutral,Rainy,0,4,58,4,14,19,3,1,55813,42,Away Win,4,-4,4,18,16,16,2024,11,Sunday
MTC-22091,2024-11-04,Cup Series,Chennai Titans,Bengaluru FC,Neutral,Cloudy,0,0,62,7,1,22,6,0,22725,38,Draw,0,0,0,8,24,24,2024,11,Monday
MTC-23005,2024-11-04,Premier Division,Delhi Dynamos,Kerala Blasters,Neutral,Rainy,1,5,60,5,3,12,3,0,20011,40,Away Win,6,-4,4,8,20,20,2024,11,Monday
MTC-20108,2024-11-04,Championship League,Pune Warriors,Goa Sharks,Away,Rainy,4,3,40,3,9,14,1,0,59999,60,Home Win,7,1,1,12,-20,20,2024,11,Monday
MTC-21016,2024-11-04,Cup Series,Chennai Titans,Pune Warriors,Away,Cloudy,5,4,31,12,2,21,0,0,6512,69,Home Win,9,1,1,14,-38,38,2024,11,Monday
MTC-20855,2024-11-04,Cup Series,Kolkata Strikers,Delhi Dynamos,Away,Clear,1,1,54,7,8,23,1,1,48421,46,Draw,2,0,0,15,8,8,2024,11,Monday
MTC-20316,2024-11-05,Premier Division,Goa Sharks,Bengaluru FC,Home,Rainy,1,0,36,3,2,7,1,1,35434,64,Home Win,1,1,1,5,-28,28,2024,11,Tuesday
MTC-22666,2024-11-05,Cup Series,Chennai Titans,Kolkata Strikers,Neutral,Clear,1,2,59,7,4,19,2,1,52697,41,Away Win,3,-1,1,11,18,18,2024,11,Tuesday
MTC-23234,2024-11-05,Premier Division,Goa Sharks,Jaipur Lions,Neutral,Cloudy,2,3,42,0,7,10,0,0,43754,58,Away Win,5,-1,1,7,-16,16,2024,11,Tuesday
MTC-22597,2024-11-05,Premier Division,Hyderabad Falcons,Kerala Blasters,Away,Cloudy,2,4,46,2,11,10,1,0,59434,54,Away Win,6,-2,2,13,-8,8,2024,11,Tuesday
MTC-21748,2024-11-05,Championship League,Jaipur Lions,Pune Warriors,Neutral,Clear,1,1,36,3,12,12,1,0,3032,64,Draw,2,0,0,15,-28,28,2024,11,Tuesday
MTC-23355,2024-11-05,Cup Series,Chennai Titans,Goa Sharks,Home,Clear,3,2,51,6,0,6,1,1,54138,49,Home Win,5,1,1,6,2,2,2024,11,Tuesday
MTC-20848,2024-11-06,Premier Division,Goa Sharks,Pune Warriors,Away,Cloudy,0,2,46,14,3,6,3,0,27982,54,Away Win,2,-2,2,17,-8,8,2024,11,Wednesday
MTC-23524,2024-11-07,Championship League,Pune Warriors,Kolkata Strikers,Neutral,Rainy,0,4,35,4,9,20,5,0,59649,65,Away Win,4,-4,4,13,-30,30,2024,11,Thursday
MTC-22554,2024-11-07,Championship League,Goa Sharks,Jaipur Lions,Away,Rainy,5,5,61,5,8,14,1,0,48818,39,Draw,10,0,0,13,22,22,2024,11,Thursday
MTC-20174,2024-11-07,Championship League,Mumbai United,Kerala Blasters,Away,Rainy,5,5,35,0,14,10,4,1,17051,65,Draw,10,0,0,14,-30,30,2024,11,Thursday
MTC-23702,2024-11-07,Championship League,Bengaluru FC,Kolkata Strikers,Away,Clear,2,3,67,2,8,15,2,1,16089,33,Away Win,5,-1,1,10,34,34,2024,11,Thursday
MTC-22514,2024-11-07,Premier Division,Chennai Titans,Pune Warriors,Away,Clear,5,2,37,13,4,18,4,0,8750,63,Home Win,7,3,3,17,-26,26,2024,11,Thursday
MTC-23681,2024-11-08,Premier Division,Kerala Blasters,Kolkata Strikers,Neutral,Cloudy,1,5,45,0,9,10,6,1,25407,55,Away Win,6,-4,4,9,-10,10,2024,11,Friday
MTC-22213,2024-11-08,Cup Series,Mumbai United,Jaipur Lions,Neutral,Clear,4,4,41,11,14,16,4,0,33980,59,Draw,8,0,0,25,-18,18,2024,11,Friday
MTC-20894,2024-11-09,Cup Series,Jaipur Lions,Kerala Blasters,Away,Windy,1,4,39,3,4,14,5,0,61015,61,Away Win,5,-3,3,7,-22,22,2024,11,Saturday
MTC-23699,2024-11-09,Cup Series,Kerala Blasters,Chennai Titans,Neutral,Cloudy,0,2,64,7,0,12,5,1,32209,36,Away Win,2,-2,2,7,28,28,2024,11,Saturday
MTC-23235,2024-11-09,Cup Series,Pune Warriors,Delhi Dynamos,Away,Windy,4,4,32,12,14,17,4,0,29482,68,Draw,8,0,0,26,-36,36,2024,11,Saturday
MTC-21174,2024-11-09,Premier Division,Jaipur Lions,Kolkata Strikers,Away,Clear,5,0,34,7,9,20,2,0,56694,66,Home Win,5,5,5,16,-32,32,2024,11,Saturday
MTC-21957,2024-11-09,Championship League,Bengaluru FC,Chennai Titans,Neutral,Clear,1,5,37,8,8,8,5,0,17597,63,Away Win,6,-4,4,16,-26,26,2024,11,Saturday
MTC-22122,2024-11-09,Premier Division,Kerala Blasters,Jaipur Lions,Neutral,Clear,0,1,56,3,5,7,5,0,61155,44,Away Win,1,-1,1,8,12,12,2024,11,Saturday
MTC-21884,2024-11-09,Premier Division,Jaipur Lions,Chennai Titans,Home,Clear,0,3,53,3,5,11,3,0,28452,47,Away Win,3,-3,3,8,6,6,2024,11,Saturday
MTC-23363,2024-11-09,Championship League,Goa Sharks,Mumbai United,Neutral,Rainy,2,5,35,9,3,7,5,0,33466,65,Away Win,7,-3,3,12,-30,30,2024,11,Saturday
MTC-22131,2024-11-10,Championship League,Kolkata Strikers,Mumbai United,Home,Cloudy,1,1,33,11,2,10,6,1,10838,67,Draw,2,0,0,13,-34,34,2024,11,Sunday
MTC-20305,2024-11-10,Cup Series,Hyderabad Falcons,Mumbai United,Home,Cloudy,0,1,62,6,0,5,3,1,55283,38,Away Win,1,-1,1,6,24,24,2024,11,Sunday
MTC-20227,2024-11-10,Championship League,Jaipur Lions,Goa Sharks,Home,Cloudy,4,4,31,9,9,20,5,1,40314,69,Draw,8,0,0,18,-38,38,2024,11,Sunday
MTC-20426,2024-11-10,Cup Series,Chennai Titans,Pune Warriors,Away,Rainy,1,1,32,11,14,17,1,1,52494,68,Draw,2,0,0,25,-36,36,2024,11,Sunday
MTC-20107,2024-11-11,Premier Division,Chennai Titans,Goa Sharks,Neutral,Windy,5,0,35,11,4,13,4,1,49880,65,Home Win,5,5,5,15,-30,30,2024,11,Monday
MTC-22110,2024-11-11,Premier Division,Kolkata Strikers,Chennai Titans,Neutral,Cloudy,2,2,32,14,2,11,1,1,52569,68,Draw,4,0,0,16,-36,36,2024,11,Monday
MTC-21889,2024-11-11,Premier Division,Delhi Dynamos,Hyderabad Falcons,Neutral,Clear,5,1,42,5,14,11,1,1,23891,58,Home Win,6,4,4,19,-16,16,2024,11,Monday
MTC-21239,2024-11-11,Championship League,Hyderabad Falcons,Goa Sharks,Neutral,Windy,2,3,47,0,1,23,0,1,4861,53,Away Win,5,-1,1,1,-6,6,2024,11,Monday
MTC-20352,2024-11-11,Championship League,Mumbai United,Kerala Blasters,Neutral,Clear,5,0,61,7,6,16,6,0,50568,39,Home Win,5,5,5,13,22,22,2024,11,Monday
MTC-23361,2024-11-11,Premier Division,Goa Sharks,Bengaluru FC,Neutral,Clear,3,4,37,14,6,19,6,0,63898,63,Away Win,7,-1,1,20,-26,26,2024,11,Monday
MTC-20354,2024-11-12,Premier Division,Hyderabad Falcons,Kerala Blasters,Neutral,Clear,2,5,52,13,5,12,4,1,32632,48,Away Win,7,-3,3,18,4,4,2024,11,Tuesday
MTC-23261,2024-11-12,Premier Division,Chennai Titans,Mumbai United,Neutral,Clear,5,2,53,3,1,12,4,0,63578,47,Home Win,7,3,3,4,6,6,2024,11,Tuesday
MTC-21502,2024-11-12,Premier Division,Hyderabad Falcons,Pune Warriors,Home,Rainy,0,2,65,13,14,24,5,0,42013,35,Away Win,2,-2,2,27,30,30,2024,11,Tuesday
MTC-22606,2024-11-12,Cup Series,Chennai Titans,Pune Warriors,Home,Cloudy,3,3,43,9,1,24,4,0,41928,57,Draw,6,0,0,10,-14,14,2024,11,Tuesday
MTC-20901,2024-11-13,Premier Division,Kolkata Strikers,Jaipur Lions,Away,Rainy,1,4,30,5,5,21,4,1,36563,70,Away Win,5,-3,3,10,-40,40,2024,11,Wednesday
MTC-21757,2024-11-13,Premier Division,Bengaluru FC,Kerala Blasters,Home,Rainy,0,2,67,2,9,20,3,0,36618,33,Away Win,2,-2,2,11,34,34,2024,11,Wednesday
MTC-23087,2024-11-13,Premier Division,Bengaluru FC,Kerala Blasters,Away,Windy,5,5,56,1,2,21,1,1,34049,44,Draw,10,0,0,3,12,12,2024,11,Wednesday
MTC-22566,2024-11-13,Championship League,Pune Warriors,Chennai Titans,Away,Clear,2,0,36,11,9,5,2,1,13951,64,Home Win,2,2,2,20,-28,28,2024,11,Wednesday
MTC-20353,2024-11-13,Championship League,Goa Sharks,Pune Warriors,Neutral,Rainy,2,4,70,9,9,23,1,0,53829,30,Away Win,6,-2,2,18,40,40,2024,11,Wednesday
MTC-23472,2024-11-13,Cup Series,Kolkata Strikers,Delhi Dynamos,Neutral,Clear,4,0,50,2,2,23,0,1,22408,50,Home Win,4,4,4,4,0,0,2024,11,Wednesday
MTC-20837,2024-11-13,Premier Division,Hyderabad Falcons,Kerala Blasters,Home,Clear,0,5,47,1,13,6,2,0,47464,53,Away Win,5,-5,5,14,-6,6,2024,11,Wednesday
MTC-22170,2024-11-14,Championship League,Jaipur Lions,Delhi Dynamos,Home,Rainy,5,4,32,5,10,18,1,1,26659,68,Home Win,9,1,1,15,-36,36,2024,11,Thursday
MTC-21491,2024-11-14,Cup Series,Chennai Titans,Kolkata Strikers,Away,Clear,5,0,51,7,7,10,2,1,57281,49,Home Win,5,5,5,14,2,2,2024,11,Thursday
MTC-22293,2024-11-14,Cup Series,Kerala Blasters,Chennai Titans,Away,Cloudy,5,5,64,14,5,21,6,1,22238,36,Draw,10,0,0,19,28,28,2024,11,Thursday
MTC-22268,2024-11-14,Cup Series,Bengaluru FC,Jaipur Lions,Neutral,Cloudy,2,1,69,4,6,6,5,1,20454,31,Home Win,3,1,1,10,38,38,2024,11,Thursday
MTC-23268,2024-11-15,Cup Series,Kerala Blasters,Mumbai United,Away,Cloudy,3,1,58,14,10,15,5,1,17836,42,Home Win,4,2,2,24,16,16,2024,11,Friday
MTC-20841,2024-11-15,Cup Series,Pune Warriors,Mumbai United,Home,Cloudy,2,2,55,1,0,21,0,1,43681,45,Draw,4,0,0,1,10,10,2024,11,Friday
MTC-23465,2024-11-15,Championship League,Kerala Blasters,Goa Sharks,Home,Clear,2,2,38,12,7,17,6,0,49983,62,Draw,4,0,0,19,-24,24,2024,11,Friday
MTC-21547,2024-11-15,Cup Series,Goa Sharks,Jaipur Lions,Away,Windy,4,2,61,5,13,22,3,1,40812,39,Home Win,6,2,2,18,22,22,2024,11,Friday
MTC-21613,2024-11-16,Premier Division,Jaipur Lions,Delhi Dynamos,Home,Cloudy,2,4,46,4,5,22,6,1,37736,54,Away Win,6,-2,2,9,-8,8,2024,11,Saturday
MTC-21387,2024-11-16,Premier Division,Delhi Dynamos,Hyderabad Falcons,Away,Cloudy,1,0,48,14,4,20,3,0,8256,52,Home Win,1,1,1,18,-4,4,2024,11,Saturday
MTC-21388,2024-11-17,Premier Division,Delhi Dynamos,Bengaluru FC,Neutral,Cloudy,1,3,59,4,10,15,6,0,30843,41,Away Win,4,-2,2,14,18,18,2024,11,Sunday
MTC-20820,2024-11-17,Premier Division,Kolkata Strikers,Pune Warriors,Neutral,Windy,3,2,68,8,2,22,2,1,52816,32,Home Win,5,1,1,10,36,36,2024,11,Sunday
MTC-21762,2024-11-18,Cup Series,Delhi Dynamos,Chennai Titans,Away,Windy,5,3,60,1,13,9,3,1,15029,40,Home Win,8,2,2,14,20,20,2024,11,Monday
MTC-20643,2024-11-18,Championship League,Delhi Dynamos,Kolkata Strikers,Away,Rainy,2,1,62,12,13,6,6,1,39049,38,Home Win,3,1,1,25,24,24,2024,11,Monday
MTC-20416,2024-11-18,Championship League,Jaipur Lions,Bengaluru FC,Away,Cloudy,1,0,68,12,4,19,1,0,42337,32,Home Win,1,1,1,16,36,36,2024,11,Monday
MTC-22147,2024-11-18,Premier Division,Kolkata Strikers,Pune Warriors,Away,Cloudy,5,4,58,1,6,11,4,1,30318,42,Home Win,9,1,1,7,16,16,2024,11,Monday
MTC-23221,2024-11-18,Cup Series,Chennai Titans,Hyderabad Falcons,Neutral,Windy,4,4,35,0,6,19,2,1,58131,65,Draw,8,0,0,6,-30,30,2024,11,Monday
MTC-21286,2024-11-19,Cup Series,Bengaluru FC,Delhi Dynamos,Neutral,Cloudy,0,4,47,3,10,10,2,1,43461,53,Away Win,4,-4,4,13,-6,6,2024,11,Tuesday
MTC-22883,2024-11-19,Championship League,Chennai Titans,Delhi Dynamos,Neutral,Windy,2,1,31,10,10,15,4,0,48283,69,Home Win,3,1,1,20,-38,38,2024,11,Tuesday
MTC-23037,2024-11-19,Championship League,Chennai Titans,Mumbai United,Away,Rainy,4,5,38,9,5,12,5,1,9394,62,Away Win,9,-1,1,14,-24,24,2024,11,Tuesday
MTC-21888,2024-11-19,Championship League,Bengaluru FC,Goa Sharks,Home,Rainy,2,4,41,3,13,22,5,1,31866,59,Away Win,6,-2,2,16,-18,18,2024,11,Tuesday
MTC-21269,2024-11-19,Premier Division,Goa Sharks,Jaipur Lions,Away,Windy,5,1,63,5,5,10,3,0,25477,37,Home Win,6,4,4,10,26,26,2024,11,Tuesday
MTC-21345,2024-11-20,Cup Series,Delhi Dynamos,Goa Sharks,Neutral,Cloudy,1,4,68,13,4,13,3,1,49873,32,Away Win,5,-3,3,17,36,36,2024,11,Wednesday
MTC-20470,2024-11-20,Cup Series,Chennai Titans,Bengaluru FC,Neutral,Rainy,4,4,49,6,2,9,6,1,25923,51,Draw,8,0,0,8,-2,2,2024,11,Wednesday
MTC-23404,2024-11-20,Championship League,Kerala Blasters,Kolkata Strikers,Home,Rainy,5,4,52,3,1,21,4,1,11015,48,Home Win,9,1,1,4,4,4,2024,11,Wednesday
MTC-20852,2024-11-20,Cup Series,Goa Sharks,Jaipur Lions,Away,Windy,3,1,42,11,3,18,1,1,29710,58,Home Win,4,2,2,14,-16,16,2024,11,Wednesday
MTC-20988,2024-11-20,Cup Series,Jaipur Lions,Delhi Dynamos,Away,Clear,0,3,34,11,1,24,0,1,20002,66,Away Win,3,-3,3,12,-32,32,2024,11,Wednesday
MTC-23194,2024-11-20,Cup Series,Chennai Titans,Pune Warriors,Neutral,Windy,5,3,64,9,10,18,4,0,57632,36,Home Win,8,2,2,19,28,28,2024,11,Wednesday
MTC-22922,2024-11-20,Championship League,Jaipur Lions,Pune Warriors,Away,Windy,1,5,41,2,9,6,5,1,30100,59,Away Win,6,-4,4,11,-18,18,2024,11,Wednesday
MTC-22231,2024-11-21,Premier Division,Kerala Blasters,Chennai Titans,Away,Windy,4,2,69,9,11,24,1,0,63701,31,Home Win,6,2,2,20,38,38,2024,11,Thursday
MTC-20383,2024-11-21,Championship League,Pune Warriors,Bengaluru FC,Neutral,Cloudy,1,4,41,7,7,20,0,1,57062,59,Away Win,5,-3,3,14,-18,18,2024,11,Thursday
MTC-20112,2024-11-22,Premier Division,Chennai Titans,Delhi Dynamos,Neutral,Clear,5,4,66,9,3,18,2,0,18266,34,Home Win,9,1,1,12,32,32,2024,11,Friday
MTC-20068,2024-11-22,Premier Division,Jaipur Lions,Delhi Dynamos,Away,Cloudy,1,1,57,4,5,6,0,0,22521,43,Draw,2,0,0,9,14,14,2024,11,Friday
MTC-21738,2024-11-23,Championship League,Goa Sharks,Delhi Dynamos,Away,Windy,1,3,33,0,11,18,1,0,34061,67,Away Win,4,-2,2,11,-34,34,2024,11,Saturday
MTC-20548,2024-11-23,Cup Series,Kerala Blasters,Delhi Dynamos,Away,Rainy,2,4,38,8,10,5,0,1,58417,62,Away Win,6,-2,2,18,-24,24,2024,11,Saturday
MTC-22744,2024-11-23,Championship League,Jaipur Lions,Kolkata Strikers,Home,Cloudy,2,3,44,5,2,6,2,1,37554,56,Away Win,5,-1,1,7,-12,12,2024,11,Saturday
MTC-21819,2024-11-23,Cup Series,Delhi Dynamos,Kolkata Strikers,Away,Clear,5,5,51,2,12,6,0,1,57915,49,Draw,10,0,0,14,2,2,2024,11,Saturday
MTC-23741,2024-11-24,Premier Division,Kerala Blasters,Bengaluru FC,Home,Rainy,0,3,35,1,11,11,1,0,46070,65,Away Win,3,-3,3,12,-30,30,2024,11,Sunday
MTC-21682,2024-11-24,Championship League,Goa Sharks,Jaipur Lions,Home,Cloudy,4,4,40,8,1,17,5,0,63862,60,Draw,8,0,0,9,-20,20,2024,11,Sunday
MTC-23050,2024-11-24,Premier Division,Jaipur Lions,Kolkata Strikers,Home,Rainy,0,3,67,4,3,23,5,1,58292,33,Away Win,3,-3,3,7,34,34,2024,11,Sunday
MTC-21228,2024-11-24,Premier Division,Chennai Titans,Jaipur Lions,Home,Windy,4,5,61,5,3,24,1,1,8301,39,Away Win,9,-1,1,8,22,22,2024,11,Sunday
MTC-23327,2024-11-24,Championship League,Kolkata Strikers,Delhi Dynamos,Home,Rainy,0,2,55,3,1,5,3,1,30553,45,Away Win,2,-2,2,4,10,10,2024,11,Sunday
MTC-22564,2024-11-25,Premier Division,Kolkata Strikers,Mumbai United,Neutral,Cloudy,1,1,53,3,14,14,0,0,62119,47,Draw,2,0,0,17,6,6,2024,11,Monday
MTC-23107,2024-11-25,Premier Division,Bengaluru FC,Goa Sharks,Away,Rainy,3,4,58,0,12,11,5,1,38154,42,Away Win,7,-1,1,12,16,16,2024,11,Monday
MTC-23186,2024-11-25,Premier Division,Bengaluru FC,Kerala Blasters,Away,Cloudy,1,4,31,9,3,22,5,0,38168,69,Away Win,5,-3,3,12,-38,38,2024,11,Monday
MTC-21317,2024-11-25,Cup Series,Chennai Titans,Jaipur Lions,Away,Cloudy,4,1,60,7,13,14,3,0,12056,40,Home Win,5,3,3,20,20,20,2024,11,Monday
MTC-22448,2024-11-25,Premier Division,Bengaluru FC,Kerala Blasters,Neutral,Cloudy,2,4,60,6,8,6,3,0,24931,40,Away Win,6,-2,2,14,20,20,2024,11,Monday
MTC-23535,2024-11-26,Premier Division,Chennai Titans,Kolkata Strikers,Away,Clear,5,3,34,8,9,24,6,0,20903,66,Home Win,8,2,2,17,-32,32,2024,11,Tuesday
MTC-22917,2024-11-26,Championship League,Jaipur Lions,Bengaluru FC,Neutral,Windy,4,2,62,10,6,6,0,0,21289,38,Home Win,6,2,2,16,24,24,2024,11,Tuesday
MTC-22478,2024-11-26,Cup Series,Goa Sharks,Delhi Dynamos,Neutral,Windy,5,5,63,1,10,11,5,1,8775,37,Draw,10,0,0,11,26,26,2024,11,Tuesday
MTC-23143,2024-11-27,Cup Series,Chennai Titans,Kerala Blasters,Neutral,Clear,3,4,57,10,9,9,3,1,58821,43,Away Win,7,-1,1,19,14,14,2024,11,Wednesday
MTC-22454,2024-11-27,Championship League,Goa Sharks,Chennai Titans,Neutral,Rainy,3,5,66,9,0,17,3,1,13050,34,Away Win,8,-2,2,9,32,32,2024,11,Wednesday
MTC-22026,2024-11-27,Premier Division,Bengaluru FC,Hyderabad Falcons,Neutral,Clear,3,3,31,10,0,9,2,1,5469,69,Draw,6,0,0,10,-38,38,2024,11,Wednesday
MTC-21368,2024-11-27,Cup Series,Goa Sharks,Kolkata Strikers,Home,Clear,4,2,34,10,1,20,4,1,49049,66,Home Win,6,2,2,11,-32,32,2024,11,Wednesday
MTC-21482,2024-11-27,Championship League,Pune Warriors,Delhi Dynamos,Home,Windy,4,1,45,1,13,7,3,1,5374,55,Home Win,5,3,3,14,-10,10,2024,11,Wednesday
MTC-23779,2024-11-27,Championship League,Kolkata Strikers,Jaipur Lions,Neutral,Cloudy,1,1,68,9,4,9,0,0,39464,32,Draw,2,0,0,13,36,36,2024,11,Wednesday
MTC-22897,2024-11-28,Championship League,Kerala Blasters,Jaipur Lions,Neutral,Windy,0,5,69,9,13,10,6,0,5012,31,Away Win,5,-5,5,22,38,38,2024,11,Thursday
MTC-20526,2024-11-28,Cup Series,Pune Warriors,Bengaluru FC,Neutral,Clear,0,2,60,11,3,23,4,1,10476,40,Away Win,2,-2,2,14,20,20,2024,11,Thursday
MTC-22521,2024-11-28,Cup Series,Goa Sharks,Jaipur Lions,Away,Rainy,4,3,45,12,11,18,1,1,31787,55,Home Win,7,1,1,23,-10,10,2024,11,Thursday
MTC-20734,2024-11-28,Cup Series,Jaipur Lions,Pune Warriors,Away,Clear,5,0,50,9,0,5,1,0,5174,50,Home Win,5,5,5,9,0,0,2024,11,Thursday
MTC-22777,2024-11-28,Championship League,Hyderabad Falcons,Chennai Titans,Home,Windy,2,1,64,8,13,10,0,0,38657,36,Home Win,3,1,1,21,28,28,2024,11,Thursday
MTC-22636,2024-11-28,Cup Series,Kerala Blasters,Chennai Titans,Home,Clear,1,3,65,4,0,7,4,1,53972,35,Away Win,4,-2,2,4,30,30,2024,11,Thursday
MTC-20099,2024-11-29,Championship League,Kerala Blasters,Pune Warriors,Away,Windy,4,5,60,0,6,22,2,0,11887,40,Away Win,9,-1,1,6,20,20,2024,11,Friday
MTC-20966,2024-11-29,Championship League,Pune Warriors,Kerala Blasters,Away,Cloudy,4,5,52,12,4,9,0,0,25326,48,Away Win,9,-1,1,16,4,4,2024,11,Friday
MTC-23033,2024-11-29,Cup Series,Hyderabad Falcons,Kerala Blasters,Away,Windy,1,1,35,3,6,23,0,1,11481,65,Draw,2,0,0,9,-30,30,2024,11,Friday
MTC-21188,2024-11-29,Premier Division,Goa Sharks,Kerala Blasters,Away,Windy,1,3,41,1,4,11,5,0,56040,59,Away Win,4,-2,2,5,-18,18,2024,11,Friday
MTC-23071,2024-11-29,Cup Series,Jaipur Lions,Hyderabad Falcons,Neutral,Cloudy,1,5,60,0,7,21,6,1,62105,40,Away Win,6,-4,4,7,20,20,2024,11,Friday
MTC-22384,2024-11-29,Cup Series,Chennai Titans,Kerala Blasters,Home,Clear,3,5,60,12,7,11,2,0,21767,40,Away Win,8,-2,2,19,20,20,2024,11,Friday
MTC-21605,2024-11-30,Championship League,Kerala Blasters,Pune Warriors,Neutral,Cloudy,4,2,43,5,3,19,2,1,24511,57,Home Win,6,2,2,8,-14,14,2024,11,Saturday
MTC-20588,2024-11-30,Cup Series,Delhi Dynamos,Pune Warriors,Home,Windy,3,3,32,10,1,12,6,0,46480,68,Draw,6,0,0,11,-36,36,2024,11,Saturday
MTC-20080,2024-11-30,Premier Division,Pune Warriors,Chennai Titans,Away,Clear,4,3,59,14,7,20,3,1,8622,41,Home Win,7,1,1,21,18,18,2024,11,Saturday
MTC-23292,2024-11-30,Cup Series,Jaipur Lions,Delhi Dynamos,Home,Rainy,5,3,34,13,0,19,3,1,39582,66,Home Win,8,2,2,13,-32,32,2024,11,Saturday
MTC-20254,2024-12-02,Premier Division,Jaipur Lions,Hyderabad Falcons,Away,Rainy,5,5,44,14,3,13,1,1,46721,56,Draw,10,0,0,17,-12,12,2024,12,Monday
MTC-21696,2024-12-02,Championship League,Bengaluru FC,Kolkata Strikers,Home,Cloudy,2,0,58,10,11,12,3,1,7708,42,Home Win,2,2,2,21,16,16,2024,12,Monday
MTC-22029,2024-12-02,Premier Division,Delhi Dynamos,Mumbai United,Home,Clear,5,2,30,1,10,22,2,1,61513,70,Home Win,7,3,3,11,-40,40,2024,12,Monday
MTC-22735,2024-12-02,Championship League,Pune Warriors,Chennai Titans,Home,Windy,0,0,36,0,14,17,6,0,35655,64,Draw,0,0,0,14,-28,28,2024,12,Monday
MTC-21532,2024-12-03,Cup Series,Goa Sharks,Hyderabad Falcons,Home,Clear,4,2,50,6,14,14,2,0,13598,50,Home Win,6,2,2,20,0,0,2024,12,Tuesday
MTC-20078,2024-12-03,Premier Division,Hyderabad Falcons,Goa Sharks,Away,Cloudy,5,2,68,13,7,19,3,1,22054,32,Home Win,7,3,3,20,36,36,2024,12,Tuesday
MTC-22164,2024-12-03,Cup Series,Mumbai United,Jaipur Lions,Neutral,Clear,2,0,40,3,6,21,0,0,8223,60,Home Win,2,2,2,9,-20,20,2024,12,Tuesday
MTC-22263,2024-12-03,Cup Series,Chennai Titans,Goa Sharks,Away,Clear,3,5,55,8,10,7,2,1,13920,45,Away Win,8,-2,2,18,10,10,2024,12,Tuesday
MTC-23585,2024-12-03,Premier Division,Jaipur Lions,Kolkata Strikers,Home,Cloudy,3,5,69,13,10,23,0,1,47501,31,Away Win,8,-2,2,23,38,38,2024,12,Tuesday
MTC-22796,2024-12-03,Premier Division,Goa Sharks,Hyderabad Falcons,Away,Windy,4,4,56,0,4,19,5,0,62028,44,Draw,8,0,0,4,12,12,2024,12,Tuesday
MTC-21379,2024-12-03,Championship League,Jaipur Lions,Kerala Blasters,Away,Cloudy,4,0,54,7,9,13,1,0,48961,46,Home Win,4,4,4,16,8,8,2024,12,Tuesday
MTC-20650,2024-12-03,Premier Division,Bengaluru FC,Goa Sharks,Home,Rainy,3,0,56,4,1,7,1,0,10554,44,Home Win,3,3,3,5,12,12,2024,12,Tuesday
MTC-20584,2024-12-03,Cup Series,Mumbai United,Jaipur Lions,Home,Cloudy,5,5,69,9,10,22,6,0,29716,31,Draw,10,0,0,19,38,38,2024,12,Tuesday
MTC-21100,2024-12-03,Premier Division,Chennai Titans,Bengaluru FC,Home,Clear,4,4,34,14,5,22,3,1,22608,66,Draw,8,0,0,19,-32,32,2024,12,Tuesday
MTC-23349,2024-12-04,Championship League,Jaipur Lions,Pune Warriors,Away,Rainy,3,4,39,11,14,12,2,1,27909,61,Away Win,7,-1,1,25,-22,22,2024,12,Wednesday
MTC-20276,2024-12-04,Premier Division,Jaipur Lions,Kerala Blasters,Home,Windy,3,0,34,8,12,14,5,0,55445,66,Home Win,3,3,3,20,-32,32,2024,12,Wednesday
MTC-20907,2024-12-04,Premier Division,Hyderabad Falcons,Bengaluru FC,Neutral,Cloudy,5,2,59,2,9,16,5,0,56130,41,Home Win,7,3,3,11,18,18,2024,12,Wednesday
MTC-23491,2024-12-04,Championship League,Pune Warriors,Bengaluru FC,Neutral,Cloudy,1,4,63,11,12,16,3,1,45488,37,Away Win,5,-3,3,23,26,26,2024,12,Wednesday
MTC-21531,2024-12-04,Premier Division,Goa Sharks,Delhi Dynamos,Away,Rainy,2,1,36,3,9,20,3,1,63240,64,Home Win,3,1,1,12,-28,28,2024,12,Wednesday
MTC-20436,2024-12-04,Premier Division,Chennai Titans,Bengaluru FC,Neutral,Cloudy,5,4,48,6,14,15,2,0,44545,52,Home Win,9,1,1,20,-4,4,2024,12,Wednesday
MTC-20632,2024-12-04,Premier Division,Bengaluru FC,Kolkata Strikers,Away,Rainy,2,1,30,4,2,7,1,1,32896,70,Home Win,3,1,1,6,-40,40,2024,12,Wednesday
MTC-22531,2024-12-05,Championship League,Mumbai United,Chennai Titans,Away,Cloudy,0,1,41,6,12,9,3,0,11248,59,Away Win,1,-1,1,18,-18,18,2024,12,Thursday
MTC-21158,2024-12-05,Premier Division,Jaipur Lions,Mumbai United,Home,Cloudy,1,3,44,14,0,23,3,0,43046,56,Away Win,4,-2,2,14,-12,12,2024,12,Thursday
MTC-21642,2024-12-05,Championship League,Delhi Dynamos,Kerala Blasters,Home,Windy,5,0,43,1,14,7,5,1,48119,57,Home Win,5,5,5,15,-14,14,2024,12,Thursday
MTC-22393,2024-12-06,Premier Division,Chennai Titans,Bengaluru FC,Home,Clear,2,4,64,1,5,17,4,1,44650,36,Away Win,6,-2,2,6,28,28,2024,12,Friday
MTC-23171,2024-12-06,Cup Series,Mumbai United,Bengaluru FC,Home,Rainy,0,2,56,2,6,24,1,1,31645,44,Away Win,2,-2,2,8,12,12,2024,12,Friday
MTC-21908,2024-12-06,Championship League,Kolkata Strikers,Bengaluru FC,Away,Cloudy,2,2,43,13,7,8,1,0,8397,57,Draw,4,0,0,20,-14,14,2024,12,Friday
MTC-21841,2024-12-06,Championship League,Kolkata Strikers,Chennai Titans,Away,Clear,2,1,52,12,12,22,1,1,36912,48,Home Win,3,1,1,24,4,4,2024,12,Friday
MTC-22352,2024-12-06,Cup Series,Delhi Dynamos,Hyderabad Falcons,Home,Clear,1,5,34,10,5,9,2,0,21918,66,Away Win,6,-4,4,15,-32,32,2024,12,Friday
MTC-20152,2024-12-07,Championship League,Kolkata Strikers,Chennai Titans,Away,Rainy,4,3,33,2,8,8,1,1,19350,67,Home Win,7,1,1,10,-34,34,2024,12,Saturday
MTC-23122,2024-12-07,Championship League,Goa Sharks,Kerala Blasters,Home,Rainy,1,0,42,3,8,10,0,1,50047,58,Home Win,1,1,1,11,-16,16,2024,12,Saturday
MTC-23600,2024-12-07,Premier Division,Goa Sharks,Delhi Dynamos,Home,Clear,2,2,70,3,6,24,4,0,49239,30,Draw,4,0,0,9,40,40,2024,12,Saturday
MTC-22355,2024-12-07,Championship League,Kerala Blasters,Mumbai United,Neutral,Windy,1,5,67,7,6,18,1,0,23886,33,Away Win,6,-4,4,13,34,34,2024,12,Saturday
MTC-21193,2024-12-08,Cup Series,Mumbai United,Kolkata Strikers,Neutral,Clear,4,2,56,9,10,16,6,0,57114,44,Home Win,6,2,2,19,12,12,2024,12,Sunday
MTC-21993,2024-12-08,Championship League,Kerala Blasters,Goa Sharks,Neutral,Windy,1,5,57,6,2,24,6,0,32385,43,Away Win,6,-4,4,8,14,14,2024,12,Sunday
MTC-22083,2024-12-08,Championship League,Bengaluru FC,Kerala Blasters,Neutral,Windy,4,3,41,9,7,13,3,1,57609,59,Home Win,7,1,1,16,-18,18,2024,12,Sunday
MTC-20422,2024-12-08,Championship League,Kerala Blasters,Chennai Titans,Home,Clear,0,4,61,7,6,7,1,0,6476,39,Away Win,4,-4,4,13,22,22,2024,12,Sunday
MTC-22128,2024-12-09,Cup Series,Goa Sharks,Hyderabad Falcons,Neutral,Rainy,2,2,36,13,14,15,4,0,5256,64,Draw,4,0,0,27,-28,28,2024,12,Monday
MTC-23698,2024-12-09,Premier Division,Goa Sharks,Pune Warriors,Away,Clear,4,3,66,9,11,23,0,1,44364,34,Home Win,7,1,1,20,32,32,2024,12,Monday
MTC-22001,2024-12-09,Premier Division,Kerala Blasters,Chennai Titans,Home,Clear,4,1,34,6,8,12,1,1,26775,66,Home Win,5,3,3,14,-32,32,2024,12,Monday
MTC-21439,2024-12-10,Championship League,Pune Warriors,Delhi Dynamos,Away,Rainy,0,2,33,14,11,10,6,1,35548,67,Away Win,2,-2,2,25,-34,34,2024,12,Tuesday
MTC-22445,2024-12-10,Premier Division,Chennai Titans,Kolkata Strikers,Away,Clear,4,5,46,3,1,15,5,0,15668,54,Away Win,9,-1,1,4,-8,8,2024,12,Tuesday
MTC-23067,2024-12-10,Premier Division,Kolkata Strikers,Pune Warriors,Away,Cloudy,0,4,38,10,12,11,6,1,3664,62,Away Win,4,-4,4,22,-24,24,2024,12,Tuesday
MTC-20546,2024-12-11,Championship League,Delhi Dynamos,Chennai Titans,Neutral,Windy,5,4,32,11,0,6,4,1,7343,68,Home Win,9,1,1,11,-36,36,2024,12,Wednesday
MTC-22353,2024-12-11,Championship League,Delhi Dynamos,Chennai Titans,Home,Windy,5,4,42,3,13,12,1,1,62978,58,Home Win,9,1,1,16,-16,16,2024,12,Wednesday
MTC-23777,2024-12-11,Championship League,Goa Sharks,Pune Warriors,Home,Rainy,1,5,53,0,9,10,6,1,11897,47,Away Win,6,-4,4,9,6,6,2024,12,Wednesday
MTC-20457,2024-12-11,Cup Series,Kerala Blasters,Hyderabad Falcons,Neutral,Clear,0,1,67,14,12,7,1,1,64814,33,Away Win,1,-1,1,26,34,34,2024,12,Wednesday
MTC-21900,2024-12-12,Cup Series,Kerala Blasters,Mumbai United,Away,Clear,2,2,68,8,2,17,5,1,46188,32,Draw,4,0,0,10,36,36,2024,12,Thursday
MTC-23715,2024-12-12,Cup Series,Delhi Dynamos,Jaipur Lions,Home,Cloudy,0,2,47,4,4,8,3,0,24380,53,Away Win,2,-2,2,8,-6,6,2024,12,Thursday
MTC-22499,2024-12-13,Championship League,Bengaluru FC,Hyderabad Falcons,Home,Rainy,4,0,63,14,13,9,0,0,61450,37,Home Win,4,4,4,27,26,26,2024,12,Friday
MTC-23182,2024-12-13,Premier Division,Pune Warriors,Chennai Titans,Away,Rainy,2,1,43,5,3,14,0,1,23557,57,Home Win,3,1,1,8,-14,14,2024,12,Friday
MTC-21854,2024-12-13,Premier Division,Hyderabad Falcons,Kolkata Strikers,Home,Rainy,5,5,42,10,0,20,3,0,45311,58,Draw,10,0,0,10,-16,16,2024,12,Friday
MTC-22265,2024-12-13,Premier Division,Pune Warriors,Bengaluru FC,Away,Cloudy,3,4,70,7,8,18,4,1,16905,30,Away Win,7,-1,1,15,40,40,2024,12,Friday
MTC-22696,2024-12-13,Premier Division,Bengaluru FC,Goa Sharks,Neutral,Windy,5,5,70,5,5,15,1,0,16770,30,Draw,10,0,0,10,40,40,2024,12,Friday
MTC-22881,2024-12-13,Championship League,Chennai Titans,Kerala Blasters,Neutral,Rainy,0,2,34,0,5,21,6,0,14651,66,Away Win,2,-2,2,5,-32,32,2024,12,Friday
MTC-22236,2024-12-14,Cup Series,Bengaluru FC,Kolkata Strikers,Neutral,Cloudy,1,5,50,12,8,16,1,1,32849,50,Away Win,6,-4,4,20,0,0,2024,12,Saturday
MTC-21399,2024-12-14,Premier Division,Chennai Titans,Mumbai United,Away,Clear,5,0,49,0,7,14,5,1,7307,51,Home Win,5,5,5,7,-2,2,2024,12,Saturday
MTC-22262,2024-12-14,Cup Series,Kerala Blasters,Goa Sharks,Away,Clear,5,2,38,7,6,16,0,0,16784,62,Home Win,7,3,3,13,-24,24,2024,12,Saturday
MTC-23390,2024-12-14,Premier Division,Pune Warriors,Bengaluru FC,Home,Cloudy,4,5,45,1,12,8,5,1,3044,55,Away Win,9,-1,1,13,-10,10,2024,12,Saturday
MTC-22851,2024-12-15,Championship League,Jaipur Lions,Delhi Dynamos,Neutral,Cloudy,4,1,31,10,5,24,1,1,49276,69,Home Win,5,3,3,15,-38,38,2024,12,Sunday
MTC-22035,2024-12-15,Cup Series,Kolkata Strikers,Kerala Blasters,Home,Cloudy,4,3,32,7,14,20,2,0,13199,68,Home Win,7,1,1,21,-36,36,2024,12,Sunday
MTC-22522,2024-12-15,Championship League,Kerala Blasters,Mumbai United,Home,Cloudy,5,1,44,6,4,7,1,0,17935,56,Home Win,6,4,4,10,-12,12,2024,12,Sunday
MTC-21627,2024-12-15,Cup Series,Kolkata Strikers,Hyderabad Falcons,Home,Clear,4,3,54,5,4,19,6,1,4772,46,Home Win,7,1,1,9,8,8,2024,12,Sunday
MTC-21654,2024-12-16,Cup Series,Pune Warriors,Jaipur Lions,Away,Windy,1,1,39,9,8,20,2,0,26236,61,Draw,2,0,0,17,-22,22,2024,12,Monday
MTC-21074,2024-12-16,Cup Series,Mumbai United,Kerala Blasters,Home,Rainy,4,1,58,1,14,12,6,1,39510,42,Home Win,5,3,3,15,16,16,2024,12,Monday
MTC-22822,2024-12-16,Championship League,Kolkata Strikers,Chennai Titans,Away,Clear,2,0,51,4,13,7,3,1,56804,49,Home Win,2,2,2,17,2,2,2024,12,Monday
MTC-20317,2024-12-16,Premier Division,Bengaluru FC,Delhi Dynamos,Away,Windy,5,1,63,10,12,18,6,1,47456,37,Home Win,6,4,4,22,26,26,2024,12,Monday
MTC-23688,2024-12-17,Championship League,Jaipur Lions,Hyderabad Falcons,Neutral,Clear,0,0,41,2,1,6,0,0,2996,59,Draw,0,0,0,3,-18,18,2024,12,Tuesday
MTC-20547,2024-12-17,Championship League,Kerala Blasters,Kolkata Strikers,Home,Clear,2,2,65,14,6,24,2,1,10235,35,Draw,4,0,0,20,30,30,2024,12,Tuesday
MTC-23315,2024-12-17,Championship League,Pune Warriors,Kolkata Strikers,Away,Rainy,5,4,45,10,3,11,0,0,13713,55,Home Win,9,1,1,13,-10,10,2024,12,Tuesday
MTC-22899,2024-12-17,Cup Series,Hyderabad Falcons,Pune Warriors,Home,Cloudy,0,5,61,9,11,22,4,1,58168,39,Away Win,5,-5,5,20,22,22,2024,12,Tuesday
MTC-23746,2024-12-17,Cup Series,Delhi Dynamos,Mumbai United,Neutral,Windy,4,4,32,3,8,20,6,0,36965,68,Draw,8,0,0,11,-36,36,2024,12,Tuesday
MTC-21851,2024-12-17,Premier Division,Delhi Dynamos,Kolkata Strikers,Home,Windy,3,3,43,13,7,14,2,0,41347,57,Draw,6,0,0,20,-14,14,2024,12,Tuesday
MTC-20271,2024-12-17,Cup Series,Kolkata Strikers,Pune Warriors,Neutral,Rainy,2,0,55,14,0,8,1,0,14093,45,Home Win,2,2,2,14,10,10,2024,12,Tuesday
MTC-21948,2024-12-18,Cup Series,Goa Sharks,Bengaluru FC,Neutral,Clear,1,5,70,12,14,9,3,0,9765,30,Away Win,6,-4,4,26,40,40,2024,12,Wednesday
MTC-23513,2024-12-18,Championship League,Kolkata Strikers,Hyderabad Falcons,Away,Clear,5,0,35,3,5,16,0,1,5706,65,Home Win,5,5,5,8,-30,30,2024,12,Wednesday
MTC-21354,2024-12-18,Premier Division,Kerala Blasters,Chennai Titans,Neutral,Windy,2,2,68,11,3,9,3,1,19420,32,Draw,4,0,0,14,36,36,2024,12,Wednesday
MTC-21867,2024-12-18,Premier Division,Pune Warriors,Jaipur Lions,Neutral,Windy,4,4,62,2,11,6,0,1,38313,38,Draw,8,0,0,13,24,24,2024,12,Wednesday
MTC-21886,2024-12-19,Cup Series,Chennai Titans,Kolkata Strikers,Neutral,Rainy,2,3,70,9,14,13,6,1,32690,30,Away Win,5,-1,1,23,40,40,2024,12,Thursday
MTC-21034,2024-12-19,Championship League,Delhi Dynamos,Kerala Blasters,Away,Cloudy,2,1,68,1,5,19,6,1,64741,32,Home Win,3,1,1,6,36,36,2024,12,Thursday
MTC-20286,2024-12-19,Cup Series,Jaipur Lions,Kerala Blasters,Neutral,Rainy,2,0,50,10,11,23,4,0,29604,50,Home Win,2,2,2,21,0,0,2024,12,Thursday
MTC-21111,2024-12-19,Championship League,Bengaluru FC,Kolkata Strikers,Neutral,Rainy,3,1,42,7,12,11,1,1,5445,58,Home Win,4,2,2,19,-16,16,2024,12,Thursday
MTC-21777,2024-12-20,Championship League,Hyderabad Falcons,Kolkata Strikers,Home,Rainy,4,4,61,6,14,15,4,1,38048,39,Draw,8,0,0,20,22,22,2024,12,Friday
MTC-20213,2024-12-20,Premier Division,Pune Warriors,Goa Sharks,Neutral,Clear,2,5,36,2,0,20,3,1,11389,64,Away Win,7,-3,3,2,-28,28,2024,12,Friday
MTC-21296,2024-12-20,Championship League,Delhi Dynamos,Kerala Blasters,Neutral,Rainy,3,5,52,6,5,10,6,1,32386,48,Away Win,8,-2,2,11,4,4,2024,12,Friday
MTC-21115,2024-12-20,Cup Series,Mumbai United,Kerala Blasters,Away,Windy,5,1,33,12,1,12,2,1,42304,67,Home Win,6,4,4,13,-34,34,2024,12,Friday
MTC-20142,2024-12-20,Championship League,Mumbai United,Delhi Dynamos,Home,Rainy,2,5,38,14,5,22,5,0,16867,62,Away Win,7,-3,3,19,-24,24,2024,12,Friday
MTC-20388,2024-12-21,Championship League,Delhi Dynamos,Kerala Blasters,Home,Cloudy,2,1,36,8,10,11,6,0,24929,64,Home Win,3,1,1,18,-28,28,2024,12,Saturday
MTC-21960,2024-12-21,Premier Division,Hyderabad Falcons,Goa Sharks,Away,Clear,2,0,55,12,11,5,0,1,51352,45,Home Win,2,2,2,23,10,10,2024,12,Saturday
MTC-22112,2024-12-21,Championship League,Kerala Blasters,Mumbai United,Away,Windy,4,2,54,14,9,14,5,1,11507,46,Home Win,6,2,2,23,8,8,2024,12,Saturday
MTC-21548,2024-12-21,Championship League,Kolkata Strikers,Pune Warriors,Home,Rainy,3,1,60,8,11,22,0,0,17026,40,Home Win,4,2,2,19,20,20,2024,12,Saturday
MTC-22909,2024-12-21,Championship League,Chennai Titans,Delhi Dynamos,Home,Clear,4,3,53,2,6,23,6,1,48396,47,Home Win,7,1,1,8,6,6,2024,12,Saturday
MTC-20488,2024-12-22,Cup Series,Pune Warriors,Bengaluru FC,Neutral,Clear,5,1,40,8,4,18,0,1,26637,60,Home Win,6,4,4,12,-20,20,2024,12,Sunday
MTC-23660,2024-12-22,Premier Division,Delhi Dynamos,Kolkata Strikers,Away,Rainy,3,5,70,7,6,24,0,0,37713,30,Away Win,8,-2,2,13,40,40,2024,12,Sunday
MTC-21686,2024-12-22,Championship League,Jaipur Lions,Delhi Dynamos,Home,Clear,5,0,41,6,8,14,0,0,43403,59,Home Win,5,5,5,14,-18,18,2024,12,Sunday
MTC-20206,2024-12-22,Championship League,Mumbai United,Pune Warriors,Neutral,Cloudy,2,2,57,10,8,10,4,1,23869,43,Draw,4,0,0,18,14,14,2024,12,Sunday
MTC-22476,2024-12-23,Championship League,Chennai Titans,Kolkata Strikers,Neutral,Cloudy,4,3,37,6,2,23,2,1,17151,63,Home Win,7,1,1,8,-26,26,2024,12,Monday
MTC-21258,2024-12-23,Cup Series,Chennai Titans,Jaipur Lions,Away,Rainy,3,2,54,12,6,19,5,0,29330,46,Home Win,5,1,1,18,8,8,2024,12,Monday
MTC-23134,2024-12-23,Premier Division,Goa Sharks,Mumbai United,Away,Cloudy,2,3,35,6,1,6,5,1,54699,65,Away Win,5,-1,1,7,-30,30,2024,12,Monday
MTC-22322,2024-12-23,Premier Division,Delhi Dynamos,Pune Warriors,Away,Windy,2,1,30,1,3,18,2,0,21406,70,Home Win,3,1,1,4,-40,40,2024,12,Monday
MTC-23617,2024-12-24,Premier Division,Jaipur Lions,Kerala Blasters,Neutral,Clear,3,1,30,13,8,23,3,1,13717,70,Home Win,4,2,2,21,-40,40,2024,12,Tuesday
MTC-21797,2024-12-24,Championship League,Hyderabad Falcons,Chennai Titans,Away,Cloudy,0,1,52,0,3,8,0,0,22079,48,Away Win,1,-1,1,3,4,4,2024,12,Tuesday
MTC-21996,2024-12-24,Championship League,Delhi Dynamos,Chennai Titans,Away,Rainy,3,2,32,12,13,6,2,0,18163,68,Home Win,5,1,1,25,-36,36,2024,12,Tuesday
MTC-21810,2024-12-24,Cup Series,Hyderabad Falcons,Pune Warriors,Neutral,Rainy,1,1,37,4,13,9,2,1,44613,63,Draw,2,0,0,17,-26,26,2024,12,Tuesday
MTC-22343,2024-12-25,Cup Series,Goa Sharks,Jaipur Lions,Home,Windy,4,1,47,11,0,16,1,1,20892,53,Home Win,5,3,3,11,-6,6,2024,12,Wednesday
MTC-23410,2024-12-25,Cup Series,Mumbai United,Delhi Dynamos,Home,Clear,3,2,51,4,14,5,4,0,55520,49,Home Win,5,1,1,18,2,2,2024,12,Wednesday
MTC-21075,2024-12-25,Championship League,Chennai Titans,Hyderabad Falcons,Neutral,Cloudy,2,3,67,1,0,24,1,0,8516,33,Away Win,5,-1,1,1,34,34,2024,12,Wednesday
MTC-23233,2024-12-26,Premier Division,Goa Sharks,Jaipur Lions,Home,Windy,3,3,36,4,6,13,5,1,28186,64,Draw,6,0,0,10,-28,28,2024,12,Thursday
MTC-22491,2024-12-26,Premier Division,Goa Sharks,Kerala Blasters,Neutral,Clear,2,4,50,1,4,21,4,1,39138,50,Away Win,6,-2,2,5,0,0,2024,12,Thursday
MTC-20312,2024-12-26,Championship League,Bengaluru FC,Delhi Dynamos,Away,Clear,3,4,68,5,11,17,3,1,51990,32,Away Win,7,-1,1,16,36,36,2024,12,Thursday
MTC-21404,2024-12-26,Championship League,Goa Sharks,Kolkata Strikers,Neutral,Clear,5,5,70,9,8,22,5,1,28288,30,Draw,10,0,0,17,40,40,2024,12,Thursday
MTC-23630,2024-12-27,Championship League,Pune Warriors,Delhi Dynamos,Neutral,Clear,4,2,32,3,2,23,4,1,4463,68,Home Win,6,2,2,5,-36,36,2024,12,Friday
MTC-23168,2024-12-27,Cup Series,Delhi Dynamos,Kerala Blasters,Neutral,Cloudy,3,4,31,14,10,16,6,0,31725,69,Away Win,7,-1,1,24,-38,38,2024,12,Friday
MTC-20951,2024-12-28,Premier Division,Hyderabad Falcons,Delhi Dynamos,Away,Cloudy,2,1,64,12,1,5,0,1,15679,36,Home Win,3,1,1,13,28,28,2024,12,Saturday
MTC-22607,2024-12-28,Cup Series,Pune Warriors,Bengaluru FC,Home,Cloudy,5,3,54,7,3,24,1,1,55643,46,Home Win,8,2,2,10,8,8,2024,12,Saturday
MTC-23470,2024-12-28,Cup Series,Hyderabad Falcons,Mumbai United,Home,Cloudy,1,1,70,0,4,16,3,1,25751,30,Draw,2,0,0,4,40,40,2024,12,Saturday
MTC-22276,2024-12-28,Premier Division,Kerala Blasters,Delhi Dynamos,Neutral,Windy,2,5,42,10,0,21,6,1,11687,58,Away Win,7,-3,3,10,-16,16,2024,12,Saturday
MTC-23727,2024-12-28,Premier Division,Delhi Dynamos,Chennai Titans,Away,Cloudy,5,4,57,1,3,21,6,1,49039,43,Home Win,9,1,1,4,14,14,2024,12,Saturday
MTC-22347,2024-12-29,Cup Series,Jaipur Lions,Bengaluru FC,Home,Windy,0,4,41,4,12,17,0,1,23718,59,Away Win,4,-4,4,16,-18,18,2024,12,Sunday
MTC-23109,2024-12-29,Championship League,Pune Warriors,Chennai Titans,Home,Rainy,4,0,50,1,14,24,4,1,37487,50,Home Win,4,4,4,15,0,0,2024,12,Sunday
MTC-23733,2024-12-30,Championship League,Goa Sharks,Chennai Titans,Home,Cloudy,2,1,41,12,8,20,0,1,55894,59,Home Win,3,1,1,20,-18,18,2024,12,Monday
MTC-20936,2024-12-30,Cup Series,Jaipur Lions,Kerala Blasters,Home,Windy,3,1,58,14,7,16,2,1,57792,42,Home Win,4,2,2,21,16,16,2024,12,Monday
MTC-20679,2024-12-31,Premier Division,Mumbai United,Kolkata Strikers,Neutral,Clear,3,2,48,12,14,5,0,1,53811,52,Home Win,5,1,1,26,-4,4,2024,12,Tuesday
MTC-22843,2024-12-31,Premier Division,Kolkata Strikers,Goa Sharks,Neutral,Cloudy,4,2,52,1,8,19,6,0,46522,48,Home Win,6,2,2,9,4,4,2024,12,Tuesday
MTC-22239,2024-12-31,Premier Division,Kolkata Strikers,Goa Sharks,Neutral,Cloudy,1,1,63,12,8,21,6,0,28115,37,Draw,2,0,0,20,26,26,2024,12,Tuesday
